icao_aeroporto,hora_brasilia,hora_local_origem,dia_semana,num_dia_semana,voos,pontualidade_pct,atraso_partida_medio,atraso_partida_p90
SBGL,19,19,quarta,4,292,80.28,7.61,37
SBGR,1,1,sexta,6,356,82.13,6.99,28
SABE,4,,sabado,7,98,95.88,-2.29,7
SBRB,1,23,sexta,6,48,91.67,-2.38,6
SBNF,5,5,segunda,2,74,94.52,7.29,8
SBGL,10,10,quinta,5,431,83.57,8.68,27
SBCY,3,2,domingo,1,173,94.19,-3.23,8
SBRP,16,16,segunda,2,56,88.24,-0.65,17
SBRJ,13,13,quinta,5,346,80.47,9.46,36
SBPA,17,17,quinta,5,272,81.85,6.12,32
SBPA,11,11,segunda,2,219,80.18,6.5,31
SBSR,20,20,sexta,6,52,62.00,12.96,37
SBVT,17,17,segunda,2,96,85.26,5.29,21
SBLO,18,18,quarta,4,32,74.19,19.71,103
SBAR,10,10,terca,3,71,81.69,1.93,26
SAAR,14,,segunda,2,8,62.50,5.38,55
SBEG,14,13,segunda,2,62,95.00,-0.95,8
SBSR,5,5,sexta,6,62,98.36,-8.11,-5
SBKP,3,3,segunda,2,200,94.33,2.76,8
SBBE,12,12,quarta,4,110,81.82,6.07,22
SBMO,2,2,quarta,4,101,92.08,-1.4,13
SBGL,22,22,terca,3,643,84.91,5.46,21
SBIZ,3,3,segunda,2,79,88.31,-2.18,19
SBGO,18,18,quarta,4,90,75.56,11.38,38
KMIA,21,,terca,3,101,59.38,31.48,144
SAAR,4,,quinta,5,11,100.00,-8.7,-3
KMIA,12,,segunda,2,12,28.57,315.86,1608
KEWR,21,,domingo,1,47,43.48,151.76,768
SBGO,1,1,sexta,6,20,89.47,-8.53,17
KIAH,23,,segunda,2,44,63.64,53.55,95
LPPT,19,,segunda,2,57,43.64,30.71,52
SBFZ,17,17,segunda,2,150,83.11,5.28,22
SABE,3,,sabado,7,26,96.15,-4.08,5
SBML,19,19,terca,3,26,83.33,2.63,32
SUMU,13,,quarta,4,67,88.06,7.33,24
SBBR,4,4,sexta,6,88,92.05,-0.58,13
SBCY,18,17,quinta,5,138,81.02,4.66,38
SNTS,10,10,quarta,4,32,77.42,9.9,30
SWGN,2,2,segunda,2,40,97.37,-6.92,0
SABE,11,,segunda,2,37,81.08,5.27,45
SBBE,14,14,sabado,7,133,88.37,2.38,18
SBTF,15,14,sexta,6,8,75.00,5.38,41
SBPS,21,21,sabado,7,115,90.27,-0.41,15
KATL,0,,terca,3,50,73.47,39.39,84
SNCL,12,,domingo,1,18,100.00,-13.83,-5
SBSI,17,16,sabado,7,39,84.62,1.95,21
SBJU,3,3,sexta,6,16,87.50,1.31,17
SBMD,13,13,domingo,1,18,83.33,12.06,26
SBAE,10,10,sexta,6,52,79.59,4.96,65
KDFW,22,,quinta,5,36,57.14,61.54,154
SBUR,16,16,quarta,4,9,77.78,17.67,115
SBRB,2,0,quarta,4,51,91.84,2.53,14
SBEG,10,9,domingo,1,1,,,
SBEG,19,18,quinta,5,49,95.92,-1.33,9
SBCT,2,2,domingo,1,1,0.00,164.0,164
SBPF,11,11,segunda,2,4,75.00,3.0,46
SBNF,8,8,quinta,5,55,90.57,0.04,14
SBSR,18,18,quinta,5,12,83.33,-2.25,27
SBBV,13,12,terca,3,19,57.90,15.32,40
SLVR,11,,quarta,4,4,50.00,11.25,33
SBTE,0,0,terca,3,8,75.00,-2.0,39
SBMA,15,15,sexta,6,5,100.00,-14.4,-11
SBBE,10,10,sabado,7,1,100.00,-1.0,-1
SBVC,0,0,terca,3,5,80.00,4.0,18
SBPL,15,15,sabado,7,4,100.00,-6.5,-1
SGAS,7,,quinta,5,1,0.00,34.0,34
SBIL,13,13,quarta,4,2,100.00,-8.0,-8
SKBO,6,,domingo,1,1,0.00,23.0,23
SBSL,23,23,quarta,4,5,100.00,-7.8,-2
SBTF,15,14,terca,3,4,75.00,51.0,230
KMEM,2,,segunda,2,15,64.29,114.79,206
SBPL,23,23,sexta,6,3,100.00,-11.67,-10
SBPL,23,23,quarta,4,3,100.00,-11.33,-6
GVAC,12,,terca,3,1,0.00,113.0,113
SBKP,0,0,terca,3,6,0.00,59.0,185
OTHH,5,,segunda,2,8,100.00,-85.0,0
DNMM,8,,quarta,4,3,66.67,18.0,47
SGAS,1,,quinta,5,1,0.00,153.0,153
OMDW,21,,quarta,4,1,100.00,-2.0,-2
GVAC,20,,segunda,2,1,100.00,3.0,3
EDDF,7,,sabado,7,1,0.00,203.0,203
SWPI,14,13,domingo,1,1,100.00,9.0,9
SBEG,5,4,sabado,7,96,91.30,-1.48,13
SBPL,3,3,quinta,5,42,92.86,-4.83,11
SBBR,19,19,sexta,6,211,80.29,4.06,25
SBGL,15,15,sabado,7,391,83.64,6.48,33
SBPA,5,5,sexta,6,448,94.56,-2.71,4
SBFI,19,19,sexta,6,120,74.79,11.97,44
SAEZ,6,,segunda,2,120,92.96,4.92,12
SBPA,1,1,domingo,1,79,88.61,10.61,19
SBFL,15,15,sexta,6,209,76.47,11.0,38
SKBO,23,,quarta,4,158,63.92,17.88,38
SBCA,19,19,domingo,1,74,81.43,6.76,32
SBMK,20,20,quarta,4,17,76.47,13.76,105
SBGO,12,12,sabado,7,95,91.40,1.83,13
SBGL,13,13,sabado,7,340,89.32,3.97,17
SBIL,14,14,sexta,6,20,90.00,-5.5,2
KFLL,22,,domingo,1,2,100.00,-10.5,-9
SBGL,21,21,domingo,1,688,80.97,8.27,25
SBUL,11,11,quarta,4,43,87.81,12.39,21
LPPT,6,,terca,3,125,45.16,36.21,62
SBMO,19,19,segunda,2,39,89.47,1.66,19
SBSL,3,3,quarta,4,97,90.63,0.34,11
SBJV,19,19,quinta,5,81,80.25,11.22,29
OMDW,14,,quinta,5,14,78.57,3.21,99
SKBO,18,,sexta,6,68,80.30,9.52,23
SBGO,6,6,sexta,6,160,93.75,-2.23,2
SPJC,23,,quinta,5,44,88.64,3.0,28
SAEZ,13,,sexta,6,121,83.82,9.18,24
SBMQ,15,15,quarta,4,56,91.07,-0.73,14
SBNF,9,9,terca,3,88,96.55,-2.62,6
SBBE,20,20,quinta,5,100,73.17,8.77,37
SBBR,18,18,domingo,1,174,87.93,1.2,19
SBUL,19,19,domingo,1,120,77.78,6.91,31
SKBO,23,,sexta,6,163,67.28,14.17,37
SBJU,5,5,sabado,7,86,95.29,-3.96,1
SBPS,20,20,terca,3,92,83.72,2.74,22
LEMD,6,,segunda,2,80,46.67,28.53,75
SBFL,23,23,sexta,6,67,98.49,-5.56,7
SBVT,6,6,domingo,1,177,98.87,-6.74,-2
SSVL,10,10,quarta,4,50,100.00,-6.75,0
SBCY,16,15,domingo,1,85,96.43,-5.65,4
SBAX,11,11,sexta,6,32,83.33,6.1,19
SBSV,23,23,sabado,7,42,72.50,-7.05,27
SBVC,10,10,quarta,4,85,83.53,7.59,41
SKBO,4,,domingo,1,12,57.14,45.57,226
SBKG,13,13,segunda,2,52,92.16,-0.65,8
SBSG,19,19,terca,3,49,93.88,2.49,12
SABE,16,,segunda,2,62,72.13,20.97,71
SCEL,15,,terca,3,39,92.31,11.9,15
SBCR,11,10,segunda,2,26,96.15,-0.27,9
CYYZ,0,,domingo,1,23,30.44,38.35,93
KEWR,21,,sexta,6,49,55.10,58.76,144
SUMU,15,,sabado,7,30,93.10,3.69,15
SBPF,11,11,terca,3,40,84.21,9.11,36
MPTO,20,,quinta,5,65,82.81,3.36,21
SBRJ,7,7,domingo,1,88,91.86,-2.47,9
SBSI,18,17,domingo,1,55,85.46,1.75,25
LPPR,7,,quarta,4,14,64.29,16.57,35
SBCY,0,23,quinta,5,21,90.48,-1.95,13
SBSG,13,13,quinta,5,31,70.97,6.32,29
SBPS,20,20,domingo,1,51,91.84,-6.59,13
SBTU,8,8,quinta,5,11,100.00,-9.91,0
SBPK,18,18,sexta,6,13,100.00,-1.33,12
SBSG,1,1,terca,3,9,88.89,-1.0,59
SGES,18,,domingo,1,1,100.00,-10.0,-10
SBSG,21,21,sexta,6,10,80.00,-0.4,16
SBEG,22,21,terca,3,44,92.86,-0.38,9
CYUL,22,,sabado,7,21,50.00,35.05,64
SBGO,1,1,quarta,4,19,89.47,-5.79,22
SBFI,21,21,segunda,2,5,100.00,-6.6,3
SBTT,12,10,terca,3,8,62.50,8.0,39
SBTE,22,22,terca,3,3,66.67,-0.67,21
SBCN,11,11,domingo,1,19,100.00,-6.42,7
LFPG,9,,sabado,7,14,78.57,31.29,158
SBCH,15,15,sabado,7,3,66.67,8.0,30
SBCH,12,12,domingo,1,4,75.00,4.25,33
SGAS,5,,terca,3,6,66.67,95.0,338
SGAS,17,,domingo,1,2,100.00,-124.0,-124
KMIA,15,,terca,3,5,0.00,45.67,54
GOBD,1,,sexta,6,1,100.00,2.0,2
SAEZ,4,,quinta,5,2,0.00,334.0,334
SABE,23,,sabado,7,7,100.00,3.25,10
SAME,17,,sexta,6,5,100.00,-6.4,1
SWPI,22,21,sexta,6,2,100.00,-7.0,-6
EHAM,16,,segunda,2,6,,,
SBCB,18,18,sabado,7,1,100.00,-14.0,-14
SBIP,14,14,segunda,2,1,100.00,-17.0,-17
SGAS,19,,quarta,4,1,0.00,90.0,90
SBNF,21,21,segunda,2,1,100.00,-10.0,-10
SBPF,17,17,domingo,1,3,100.00,-7.0,-3
SAAR,13,,sabado,7,1,0.00,138.0,138
SBKP,23,23,segunda,2,783,81.17,6.11,26
SBGR,15,15,quinta,5,944,80.39,12.59,29
SBGR,8,8,domingo,1,1627,77.74,10.02,26
SBCF,6,6,quinta,5,463,94.75,-0.13,8
SBJP,4,4,sabado,7,102,97.06,-3.2,2
SAEZ,13,,sabado,7,149,92.71,0.45,13
SBCY,13,12,terca,3,62,91.38,-3.69,3
SBLO,19,19,quinta,5,89,85.23,2.92,37
SBRJ,13,13,sabado,7,229,91.15,0.85,14
LIRF,8,,quarta,4,51,76.00,15.1,33
SBSP,16,16,sexta,6,767,61.06,16.5,45
SBKP,19,19,sabado,7,150,82.88,51.35,77
SBFI,19,19,terca,3,95,76.60,10.02,40
SBGR,18,18,domingo,1,895,73.64,13.58,39
SBRF,18,18,terca,3,258,85.10,4.31,22
SBBE,18,18,domingo,1,54,74.51,12.16,59
SBBE,23,23,sabado,7,110,79.63,10.15,39
SBGO,19,19,domingo,1,173,82.66,5.1,29
SBPJ,10,10,terca,3,44,86.36,0.93,19
SBCF,19,19,segunda,2,250,81.30,6.92,29
SAEZ,13,,segunda,2,135,85.37,30.26,31
SBCT,6,6,segunda,2,190,97.28,-13.02,2
SBGL,3,3,sexta,6,82,79.03,8.21,39
KATL,20,,domingo,1,47,76.60,14.11,46
MPTO,23,,segunda,2,99,89.90,-1.84,16
SBCF,14,14,terca,3,430,85.21,6.03,22
SBCG,14,13,sabado,7,47,91.49,-3.32,9
SBGO,5,5,quarta,4,184,96.65,-5.97,1
SBRJ,8,8,sexta,6,345,92.73,-0.53,8
KATL,23,,domingo,1,23,65.22,21.35,58
SAEZ,7,,sexta,6,90,80.00,15.76,38
SBAR,10,10,segunda,2,71,87.32,1.17,17
SBCT,3,3,sexta,6,9,50.00,68.88,193
SBSV,8,8,terca,3,64,85.94,2.27,26
SBNF,12,12,sexta,6,45,91.11,3.62,15
LTFM,4,,terca,3,37,86.49,12.27,27
KMIA,10,,quinta,5,65,77.78,27.9,86
SBPA,22,22,terca,3,53,94.23,0.35,14
SBUL,12,12,sexta,6,53,98.11,-6.04,4
SBHT,15,15,sexta,6,53,88.68,2.62,17
SBEG,10,9,terca,3,19,52.94,93.18,722
SBCT,14,14,terca,3,134,82.31,8.82,28
SBIZ,3,3,domingo,1,76,88.00,-4.65,18
SBMQ,18,18,domingo,1,51,91.67,-4.33,15
SBFN,10,11,sexta,6,53,90.20,-0.69,8
SBPJ,10,10,segunda,2,34,94.12,0.0,9
SCEL,5,,segunda,2,155,86.40,7.48,44
SBGO,16,16,quarta,4,25,72.00,7.56,25
SBSR,9,9,sexta,6,46,91.11,-5.04,4
LIMC,8,,terca,3,51,56.00,22.58,61
SBNF,15,15,segunda,2,60,86.21,5.34,25
SBKP,4,4,segunda,2,68,88.06,-12.01,27
SBSL,5,5,quarta,4,51,100.00,-8.25,-2
SBSO,15,14,sexta,6,13,92.31,-9.38,5
SBFZ,13,13,sabado,7,65,87.30,2.43,17
SBSI,18,17,terca,3,62,80.65,8.89,37
SAEZ,21,,terca,3,71,33.96,105.83,142
SBBE,7,7,sexta,6,107,87.13,4.04,19
SBMO,15,15,segunda,2,18,94.44,-3.78,15
SBSM,15,15,quinta,5,41,87.18,4.64,58
SBFZ,0,0,sexta,6,70,92.86,-0.59,12
SBSN,14,14,quarta,4,71,95.78,-4.18,5
SBJP,5,5,segunda,2,17,94.12,-3.41,12
SBRP,10,10,segunda,2,48,97.92,-6.06,2
SBPF,11,11,quinta,5,42,83.33,3.86,21
SSOU,15,,sabado,7,14,66.67,12.17,28
SDLO,15,,quinta,5,29,96.00,-7.48,11
KMIA,7,,segunda,2,28,38.10,74.33,213
SCEL,1,,terca,3,43,83.33,7.64,20
SBPL,9,9,sexta,6,4,100.00,-5.0,-1
SBEG,5,4,quarta,4,18,100.00,-17.56,-6
SBNF,8,8,terca,3,54,83.33,3.02,24
SBCG,13,12,quinta,5,17,82.35,17.71,90
SBCA,17,17,sexta,6,1,0.00,54.0,54
SBCG,16,15,segunda,2,19,78.95,5.74,25
LEMD,21,,sexta,6,39,57.90,132.47,24
SBSN,3,3,sabado,7,52,86.54,-0.85,25
FAOR,6,,quarta,4,9,44.44,53.56,313
SPJC,14,,segunda,2,16,78.57,4.57,25
SBTT,13,11,sexta,6,8,87.50,5.13,182
SEQM,6,,quinta,5,1,0.00,23.0,23
SBPJ,14,14,quinta,5,17,94.12,-1.18,14
SPJC,13,,terca,3,18,,,
SBCG,3,2,terca,3,5,100.00,-9.6,-7
SNHS,11,11,quinta,5,31,86.21,11.0,113
SBRP,7,7,terca,3,13,92.31,-5.46,-2
KMIA,7,,quinta,5,3,0.00,476.33,982
LEBL,18,,sexta,6,4,75.00,11.75,34
KLAX,21,,terca,3,1,100.00,5.0,5
SBIL,19,19,sabado,7,6,50.00,17.17,92
SBFI,18,18,quinta,5,13,76.92,4.62,23
SBBR,3,3,quinta,5,6,50.00,19.17,72
EBBR,3,,quarta,4,12,33.33,108.08,340
SBKG,17,17,quinta,5,5,100.00,-8.6,-3
SBNF,21,21,quinta,5,4,100.00,-1.5,9
SBJE,2,2,sabado,7,3,100.00,-9.67,-8
DNMM,3,,quinta,5,3,33.33,103.67,257
SBTE,14,14,sexta,6,5,100.00,-2.0,5
SKBO,8,,sabado,7,1,100.00,5.0,5
KFLL,20,,sabado,7,1,100.00,-23.0,-23
SBSR,22,22,quinta,5,7,71.43,27.86,200
LFPG,10,,sexta,6,1,100.00,-7.0,-7
SBTE,13,13,sabado,7,2,100.00,1.5,12
GOBD,14,,quinta,5,1,0.00,154.0,154
SDLO,15,,segunda,2,2,100.00,-6.0,4
SWPI,23,22,terca,3,1,100.00,-12.0,-12
SWPI,14,13,terca,3,1,100.00,-9.0,-9
SBCA,15,15,sexta,6,1,100.00,-11.0,-11
GVAC,17,,segunda,2,1,0.00,324.0,324
SBRP,12,12,sexta,6,58,80.36,1.27,24
SABE,15,,quinta,5,70,82.35,25.97,79
SBCF,7,7,domingo,1,376,95.21,-1.13,8
SBSP,6,6,sabado,7,963,95.95,-0.76,7
SBRJ,10,10,segunda,2,278,88.93,5.18,17
SBGR,21,21,segunda,2,1107,74.73,12.61,36
SBGR,15,15,sabado,7,919,83.19,5.64,23
SBGR,17,17,terca,3,1573,68.98,16.58,46
SBBR,7,7,sexta,6,236,93.91,-2.33,4
SBFI,10,10,domingo,1,136,87.31,1.99,18
SBRF,21,21,domingo,1,123,86.99,4.71,24
SBSV,16,16,segunda,2,74,89.04,1.68,18
SBJP,14,14,sabado,7,21,85.71,10.19,17
SBGL,15,15,domingo,1,397,87.50,3.82,20
SBSV,19,19,terca,3,218,82.33,4.8,32
SBVT,7,7,quarta,4,55,98.18,-8.22,-2
SBCX,12,12,domingo,1,52,93.88,-4.06,9
SBSL,18,18,domingo,1,78,91.03,-1.51,15
SBPS,17,17,quarta,4,100,78.79,5.08,27
SBGO,8,8,quarta,4,104,87.26,4.17,20
SBRF,2,2,sabado,7,254,88.05,2.57,18
SBUL,5,5,segunda,2,146,94.37,-4.16,4
SBBR,15,15,terca,3,357,81.69,5.63,29
SBSG,16,16,quinta,5,68,70.15,7.69,39
SBAR,2,2,terca,3,106,81.13,5.08,27
SBRP,19,19,quinta,5,93,67.74,14.35,59
SBUL,12,12,sabado,7,90,80.90,4.35,24
SABE,13,,sexta,6,75,62.50,16.5,47
SCEL,6,,terca,3,106,93.33,12.35,12
SBSG,21,21,domingo,1,12,100.00,-9.58,-8
SBRF,19,19,quinta,5,160,86.79,2.91,30
SBEG,7,6,quinta,5,54,46.67,33.04,79
SBEG,3,2,sabado,7,189,85.95,19.41,24
SBRP,7,7,quarta,4,13,92.31,1.92,6
KFLL,10,,quinta,5,33,87.88,-7.36,21
SBZM,15,15,sexta,6,29,89.66,6.17,33
SOCA,13,,segunda,2,40,94.87,22.44,-1
SPJC,15,,domingo,1,44,88.37,1.37,31
MPTO,9,,segunda,2,8,,,
SBPL,10,10,terca,3,67,86.57,0.55,17
SBTE,1,1,sexta,6,18,88.89,53.28,104
SBMG,14,14,quinta,5,13,100.00,-6.69,-2
SBFI,13,13,sexta,6,76,82.90,3.47,18
EDDF,13,,segunda,2,11,66.67,12.83,39
SBFI,21,21,domingo,1,8,62.50,9.38,53
SACO,2,,domingo,1,33,93.94,-3.42,11
SBSG,18,18,domingo,1,106,83.81,4.86,25
SBGO,17,17,sabado,7,37,88.89,-1.0,18
SBBE,4,4,quarta,4,51,94.12,-5.82,0
SBMY,15,14,quinta,5,29,85.71,6.57,84
SBNF,8,8,sabado,7,66,93.75,-4.33,-2
SBIZ,17,17,quarta,4,31,77.42,5.0,44
SBSV,22,22,domingo,1,28,85.71,9.75,47
SACO,11,,segunda,2,22,100.00,-7.82,0
SBJV,8,8,terca,3,33,96.97,-3.48,8
SBSJ,21,21,sexta,6,1,0.00,50.0,50
SBIP,20,20,quarta,4,49,80.85,1.02,35
KJFK,23,,terca,3,16,81.25,50.75,68
SNCL,15,,quarta,4,1,100.00,-15.0,-15
KATL,23,,terca,3,28,81.48,6.81,26
SBPL,19,19,sexta,6,9,88.89,20.44,190
SBPL,6,6,quarta,4,9,88.89,-3.78,18
MDPC,23,,sabado,7,4,100.00,-3.5,2
SGAS,17,,sexta,6,7,85.71,-109.29,145
SBGL,4,4,segunda,2,7,85.71,1.86,36
TNCA,0,,quinta,5,9,88.89,-5.33,21
KIAH,21,,quarta,4,19,55.56,61.89,42
SULS,15,,quinta,5,9,55.56,18.33,49
SBVT,7,7,domingo,1,10,100.00,-7.0,2
EDDF,10,,sabado,7,7,42.86,20.71,210
SBKG,1,1,quarta,4,2,100.00,-11.0,-10
SBSL,14,14,sabado,7,13,92.31,-2.15,9
MPTO,1,,sabado,7,5,100.00,-6.4,-2
SWKO,13,12,segunda,2,3,100.00,-10.0,-10
SAZS,19,,sabado,7,4,100.00,-2.25,5
MPTO,3,,domingo,1,1,,,
SKRG,21,,segunda,2,1,100.00,-479.0,-479
SUMU,7,,terca,3,1,100.00,15.0,15
MPTO,12,,quinta,5,1,100.00,-7.0,-7
KFLL,11,,sabado,7,2,100.00,-13.0,-13
SGAS,7,,sexta,6,1,100.00,-10.0,-10
SBRF,12,12,sexta,6,526,84.29,9.83,25
SBGL,17,17,quinta,5,463,76.08,12.07,39
SBRF,2,2,segunda,2,300,92.95,-0.75,10
SBCT,12,12,sabado,7,106,91.26,-1.23,12
SBRF,18,18,segunda,2,284,85.51,4.11,22
SBJP,13,13,segunda,2,70,80.00,7.8,32
SBBE,6,6,sexta,6,147,92.52,-3.71,10
SBRJ,21,21,sexta,6,158,87.50,0.74,22
SBJP,11,11,sabado,7,117,88.03,2.76,19
SBPA,17,17,quarta,4,344,82.94,6.61,30
SBUR,10,10,quarta,4,12,81.82,-1.82,18
LPPT,13,,quinta,5,192,42.86,22.95,49
SBCJ,14,14,quarta,4,17,88.24,3.47,24
SBRF,9,9,segunda,2,287,87.72,4.07,19
SBSP,9,9,quinta,5,900,90.70,2.8,15
SBSV,8,8,sexta,6,83,93.98,-2.33,9
SUMU,2,,segunda,2,88,85.06,12.2,24
EHAM,8,,terca,3,53,78.85,-10.56,38
EDDF,15,,domingo,1,52,55.77,18.58,41
SBGO,9,9,domingo,1,93,87.91,3.96,18
KMIA,3,,sexta,6,15,100.00,-2.33,9
SBZM,9,9,quinta,5,10,70.00,6.4,35
SBSR,19,19,domingo,1,95,87.23,1.53,18
TNCC,10,,domingo,1,7,85.71,0.43,20
SBBW,17,16,sexta,6,49,86.05,10.93,30
SBFL,23,23,segunda,2,75,89.33,-1.75,16
LPPT,9,,quinta,5,118,25.42,32.8,54
SBPK,18,18,quinta,5,12,91.67,7.0,12
SBUL,15,15,domingo,1,122,84.03,4.85,34
SBCG,10,9,terca,3,39,92.31,8.15,8
SBSV,18,18,sabado,7,203,84.08,3.91,23
SBCT,10,10,domingo,1,222,88.99,1.61,18
SBRJ,16,16,terca,3,119,89.08,0.66,19
SBPS,10,10,domingo,1,107,89.72,-1.09,16
SCEL,11,,sexta,6,66,89.23,-0.38,17
SBRF,3,3,sabado,7,377,91.67,0.38,10
SBFZ,4,4,sabado,7,245,95.47,-3.49,2
SCEL,4,,domingo,1,78,88.46,10.72,22
SBAR,14,14,sexta,6,26,76.00,25.0,73
SBMG,15,15,sexta,6,122,81.67,8.42,25
SAEZ,19,,quinta,5,43,61.91,82.14,109
KEWR,22,,segunda,2,22,33.33,71.05,84
SBPV,17,16,quinta,5,12,66.67,14.0,32
SBKP,20,20,sexta,6,143,71.43,13.91,43
SBSG,14,14,quarta,4,21,90.48,-1.67,9
SBCT,15,15,sabado,7,233,85.35,3.2,26
SBCX,13,13,sabado,7,22,95.46,-5.18,-1
SBLO,5,5,sabado,7,66,100.00,-6.63,-3
SBGO,1,1,quinta,5,17,94.12,-6.94,1
SBAR,4,4,quinta,5,6,100.00,-7.67,1
SNAB,12,12,sabado,7,30,85.71,-6.68,69
SBMO,1,1,quinta,5,21,100.00,-5.67,-1
CYYZ,0,,quarta,4,37,24.32,528.62,1368
KMIA,11,,segunda,2,60,88.33,4.88,16
SBMO,21,21,terca,3,10,100.00,-8.4,-6
SBMQ,15,15,sabado,7,41,92.68,-1.54,11
SBSO,11,10,quinta,5,17,94.12,-1.59,15
EBBR,14,,domingo,1,22,5.26,129.16,254
SBFI,4,4,domingo,1,34,90.91,0.45,8
SBAR,14,14,quarta,4,26,92.31,0.46,2
SBSG,3,3,quinta,5,80,96.25,-3.84,1
SBTE,14,14,segunda,2,6,100.00,-1.67,13
SAAR,14,,sabado,7,12,45.46,30.18,72
SBBV,13,12,sabado,7,22,72.73,13.73,25
CYUL,22,,sexta,6,22,60.00,22.95,77
LEBL,8,,segunda,2,16,93.75,2.88,13
SBRP,20,20,segunda,2,2,100.00,-10.5,-3
DNMM,12,,segunda,2,4,0.00,277.75,915
SEQM,8,,domingo,1,4,75.00,-80.75,158
SBSG,14,14,quinta,5,21,100.00,-8.48,-2
OTHH,15,,sabado,7,1,,,
SBAU,13,13,segunda,2,12,100.00,-4.0,15
SBJV,18,18,sexta,6,14,57.14,24.86,28
MMUN,23,,sabado,7,6,100.00,-7.0,7
SBSJ,23,23,quinta,5,3,0.00,134.5,169
SBTF,11,10,sabado,7,5,100.00,-2.0,0
MMMX,22,,sabado,7,5,60.00,24.6,129
SDOW,17,17,segunda,2,9,100.00,-2.0,12
SBSO,15,14,domingo,1,12,100.00,-24.08,-17
SBSL,23,23,sexta,6,5,80.00,6.6,47
LFPO,17,,quarta,4,1,100.00,7.0,7
SBFI,23,23,quarta,4,2,100.00,-11.0,-10
EBLG,13,,sexta,6,1,,,
SBJA,17,17,quinta,5,4,50.00,6.75,22
SNCL,17,,sexta,6,4,100.00,-13.5,2
SABE,23,,terca,3,4,50.00,24.75,70
SBGO,2,2,quarta,4,4,100.00,-11.25,-3
SBMG,7,7,terca,3,4,100.00,-8.75,0
SBCG,16,15,sexta,6,2,0.00,70.0,70
SBPS,22,22,quarta,4,1,0.00,297.0,297
LPPT,4,,segunda,2,1,100.00,-10.0,-10
EDDF,13,,quarta,4,1,,,
SBGO,11,11,terca,3,157,91.67,-0.58,12
SBGL,12,12,domingo,1,321,90.31,3.51,14
SBGO,16,16,segunda,2,42,76.19,14.6,40
SPJC,1,,domingo,1,130,82.95,7.03,30
SBSG,11,11,quinta,5,72,88.73,3.06,16
SBSP,13,13,quinta,5,826,76.50,9.98,31
SBMO,10,10,domingo,1,39,87.18,-1.67,22
SBSP,20,20,quarta,4,794,76.38,7.35,35
SBJP,3,3,quarta,4,102,89.22,-0.82,18
SBBE,23,23,sexta,6,28,92.86,-0.14,15
SBUL,14,14,segunda,2,56,89.09,2.13,17
SBVT,5,5,sexta,6,149,97.32,-4.09,0
SBGL,23,23,segunda,2,407,85.89,5.97,23
OTHH,19,,quinta,5,46,57.50,28.83,94
SBTE,15,15,domingo,1,17,88.24,-1.47,37
SBRP,9,9,terca,3,81,88.89,3.15,17
SBGO,6,6,sabado,7,129,96.09,-5.03,0
SBRJ,17,17,sabado,7,223,95.95,-5.12,1
SBPJ,4,4,terca,3,42,95.12,-1.15,4
SBSV,0,0,quarta,4,110,85.19,0.36,24
SBPP,10,9,quarta,4,41,82.05,8.79,36
SBMY,15,14,domingo,1,15,100.00,-6.91,0
MDPC,19,,terca,3,70,24.14,-2.93,126
SBPS,13,13,terca,3,86,82.56,10.21,31
SBJR,12,12,domingo,1,9,75.00,12.13,92
KMIA,21,,sabado,7,116,61.61,49.46,190
SBGV,10,10,quarta,4,7,85.71,1.86,28
SBIL,12,12,quarta,4,23,90.91,1.0,15
SBJV,18,18,terca,3,15,80.00,12.6,40
SBHT,15,15,terca,3,51,92.16,-0.41,6
SBTF,14,13,quarta,4,31,74.19,16.55,40
SBRP,5,5,domingo,1,55,94.44,-3.91,-2
SABE,11,,quinta,5,43,67.44,12.35,47
SBPF,11,11,sabado,7,31,70.97,15.1,67
SBTE,5,5,sexta,6,31,100.00,-7.77,-2
SBCG,3,2,segunda,2,8,100.00,-9.0,-3
SNGI,11,11,sabado,7,17,94.12,-5.76,8
LPPT,20,,quarta,4,43,60.98,19.78,41
SBRF,1,1,quinta,5,36,75.00,-1.13,68
KFLL,11,,quinta,5,4,100.00,-6.0,7
SBPF,13,13,terca,3,1,100.00,-5.0,-5
SBIP,20,20,terca,3,50,80.00,5.24,58
SAME,6,,segunda,2,11,,,
SACO,4,,terca,3,40,92.50,12.05,7
SAAR,12,,segunda,2,18,88.89,0.22,21
SBIL,16,16,quarta,4,11,100.00,-6.27,-1
EBBR,3,,quinta,5,19,0.00,159.0,411
SBMO,21,21,segunda,2,15,100.00,-8.33,-1
EDDF,18,,terca,3,22,90.91,2.14,13
SBRP,14,14,sexta,6,1,100.00,-12.0,-12
LTFM,3,,sexta,6,14,78.57,23.43,85
SBMK,17,17,quinta,5,10,90.00,-3.2,-1
TNCC,0,,sabado,7,11,100.00,-4.7,5
SBVC,9,9,quinta,5,12,83.33,1.58,27
SAZS,14,,segunda,2,8,37.50,39.38,121
SLCB,20,,quinta,5,1,100.00,10.0,10
EBLG,23,,quarta,4,4,,,
SDLO,15,,domingo,1,1,100.00,-18.0,-18
EDDF,9,,quarta,4,1,0.00,180.0,180
SBUL,0,0,sabado,7,2,0.00,31.0,34
SBKP,4,4,domingo,1,2,0.00,72.5,92
SBGO,21,21,segunda,2,2,50.00,13.0,23
SBPA,20,20,domingo,1,296,75.60,9.13,30
SBRF,15,15,domingo,1,135,84.44,4.25,22
SBGR,17,17,quarta,4,1449,69.23,14.14,40
SBGO,14,14,domingo,1,120,83.90,6.82,36
SBGR,19,19,sabado,7,482,71.17,28.7,41
SBSP,13,13,segunda,2,876,75.64,9.22,27
SBFL,12,12,domingo,1,94,93.48,-1.0,14
SBKP,6,6,quinta,5,474,92.31,2.24,11
SBGL,14,14,sabado,7,480,85.90,8.64,23
SBGR,8,8,sexta,6,1678,72.94,15.43,34
SBSP,14,14,terca,3,811,75.44,10.78,37
SBCG,19,18,sabado,7,30,76.67,12.47,36
SBSP,17,17,sexta,6,945,63.14,15.67,44
SBAR,2,2,segunda,2,94,79.57,3.53,27
SBBE,16,16,quarta,4,110,86.11,4.67,28
SBSP,14,14,domingo,1,904,77.53,10.02,28
SBRF,6,6,domingo,1,52,88.00,3.7,18
SBGL,8,8,quinta,5,455,94.67,-1.73,7
LPPT,7,,domingo,1,30,53.33,17.27,37
SBKG,2,2,sabado,7,14,71.43,16.64,67
SBCJ,14,14,segunda,2,52,88.24,-0.73,16
SBPA,16,16,segunda,2,50,73.47,12.24,40
SCEL,7,,quarta,4,86,94.12,13.93,11
SCEL,14,,quarta,4,107,83.84,10.18,30
MMUN,22,,quinta,5,17,88.24,-2.76,25
SBPA,1,1,quarta,4,51,92.16,1.37,10
KMIA,23,,domingo,1,123,61.35,34.57,194
SBGR,11,11,sexta,6,315,87.79,7.47,20
SBAX,11,11,quarta,4,34,79.31,4.79,18
SBCF,17,17,sexta,6,602,76.27,11.1,39
SBCH,15,15,terca,3,40,92.31,-0.67,4
SBFL,21,21,sexta,6,59,86.21,3.43,36
SBPJ,11,11,sabado,7,65,83.08,2.77,27
SBMO,19,19,sexta,6,44,83.33,3.31,22
SBCY,8,7,terca,3,42,91.67,8.08,0
MPTO,17,,domingo,1,341,92.58,1.69,10
SBRF,21,21,terca,3,148,69.18,15.72,58
MPTO,17,,sexta,6,342,89.60,1.57,17
SBCF,10,10,sexta,6,246,81.41,7.35,30
SBRP,7,7,sabado,7,13,100.00,-6.62,0
SBBE,12,12,quinta,5,92,84.78,3.27,24
SBNF,14,14,sabado,7,88,88.51,8.98,25
SBSG,3,3,sexta,6,115,98.21,-5.46,5
SBGV,9,9,quarta,4,44,97.73,-6.34,7
SBCH,6,6,segunda,2,58,90.91,0.58,11
KFLL,9,,sexta,6,27,77.78,5.52,47
SBPL,4,4,quarta,4,17,94.12,-4.71,9
SBGO,18,18,terca,3,81,76.54,13.46,42
SBEG,14,13,sabado,7,44,92.86,-6.88,11
EDDF,8,,sabado,7,21,52.38,34.76,120
SBCX,11,11,domingo,1,12,81.82,9.73,28
SAEZ,14,,quarta,4,82,88.33,3.73,17
SBRP,7,7,sexta,6,13,100.00,-7.08,5
SLVR,10,,domingo,1,52,48.08,25.17,67
CYUL,23,,quarta,4,30,72.41,9.07,38
SBCY,13,12,quarta,4,31,87.10,7.45,30
SEQM,18,,sabado,7,53,71.15,6.73,40
LEMD,8,,segunda,2,66,80.77,-34.54,33
SBIH,11,11,sabado,7,47,85.11,16.09,70
SGES,15,,domingo,1,2,0.00,64.5,107
SBVT,1,1,sabado,7,19,72.22,3.06,38
SNCL,10,,sabado,7,12,100.00,-7.0,1
SBUL,13,13,sabado,7,26,96.15,-7.62,-3
LPPT,10,,quinta,5,42,42.86,23.64,58
SBGV,9,9,segunda,2,44,92.86,-0.57,10
SBRF,14,14,segunda,2,35,66.67,44.91,176
KORD,9,,terca,3,1,,,
SBSR,10,10,terca,3,14,84.62,19.15,39
SBSJ,6,6,sabado,7,12,100.00,-7.92,-2
SAAR,4,,segunda,2,13,84.62,6.31,40
SBNF,8,8,domingo,1,9,88.89,6.67,136
SBTE,22,22,quinta,5,5,80.00,4.0,47
SBSV,21,21,quinta,5,41,64.10,14.36,52
SWPI,15,14,terca,3,2,50.00,17.0,39
OTHH,1,,sexta,6,22,60.00,62.45,56
LFPG,19,,sexta,6,22,63.64,10.82,25
CYUL,22,,quarta,4,5,20.00,34.8,71
SBVG,13,13,sabado,7,13,91.67,-2.92,15
SBCT,4,4,quarta,4,9,100.00,-5.0,-1
SAME,17,,quarta,4,5,80.00,0.0,27
SBTF,15,14,sabado,7,5,80.00,3.4,26
SBDN,19,19,sabado,7,8,87.50,4.25,90
SBMG,13,13,quinta,5,1,100.00,-10.0,-10
SBRP,13,13,sexta,6,5,80.00,24.0,146
SNDV,18,18,quinta,5,3,66.67,15.67,67
SGAS,5,,sexta,6,1,100.00,-15.0,-15
KMIA,5,,sabado,7,1,,,
SWPI,19,18,quinta,5,2,100.00,-20.0,-20
SSGG,14,14,sexta,6,5,100.00,-16.0,-3
EBLG,19,,sabado,7,1,,,
SNCL,10,,quarta,4,6,100.00,-14.0,0
DNMM,12,,sexta,6,3,66.67,18.33,81
SBRB,15,13,segunda,2,1,100.00,-5.0,-5
EHAM,15,,sabado,7,1,,,
OMDW,20,,segunda,2,1,100.00,-11.0,-11
TNCC,17,,sexta,6,1,0.00,40.0,40
SWPI,19,18,quarta,4,1,0.00,28.0,28
MDPC,10,,quarta,4,1,,,
SKBO,13,,sexta,6,2,0.00,63.5,102
GOBD,17,,quinta,5,1,100.00,1.0,1
SBSP,7,7,quinta,5,852,92.03,2.36,13
SBFZ,19,19,segunda,2,99,84.69,6.28,25
SBJP,12,12,domingo,1,86,86.05,3.2,19
SBSR,1,1,segunda,2,21,100.00,-8.71,4
SBSP,8,8,terca,3,949,91.36,2.82,14
SBRJ,17,17,sexta,6,402,79.45,8.77,32
SBBE,16,16,terca,3,132,80.32,7.15,27
SBLO,12,12,segunda,2,40,90.00,0.25,13
SBGL,22,22,quarta,4,529,89.33,2.61,18
SBSV,12,12,quinta,5,248,80.49,6.24,30
SBKP,11,11,domingo,1,212,83.50,15.06,32
SBBE,2,2,sabado,7,200,82.92,1.76,22
SBBR,18,18,quarta,4,272,72.12,10.46,33
SBFI,11,11,segunda,2,105,84.47,8.73,20
SBTE,4,4,terca,3,95,96.84,-4.55,6
SBRP,18,18,quinta,5,56,81.82,7.29,44
SBPA,12,12,domingo,1,139,89.05,1.05,16
SBSV,4,4,sexta,6,122,99.17,-5.38,-1
SBPA,6,6,sabado,7,266,95.39,-2.12,1
SBPL,3,3,terca,3,45,88.89,-2.84,16
SBEG,2,1,terca,3,163,88.27,0.05,19
SBPA,19,19,domingo,1,235,86.58,4.43,19
SBPA,16,16,quarta,4,46,73.33,8.0,27
SBAR,2,2,quarta,4,84,77.38,3.42,28
SBCH,14,14,domingo,1,29,92.86,1.43,10
SBSG,5,5,quinta,5,89,97.75,-7.67,-2
SBMO,4,4,quarta,4,40,97.50,-4.83,0
SBSV,15,15,quinta,5,390,86.53,3.36,22
SBCY,19,18,sabado,7,96,82.11,2.56,23
SBVT,20,20,sexta,6,101,77.23,4.4,32
SBFI,14,14,quarta,4,140,76.26,10.61,33
SBSG,9,9,domingo,1,29,89.66,7.1,32
CYYZ,20,,sabado,7,8,87.50,-3.38,21
SBSV,7,7,segunda,2,55,94.34,-5.23,0
SBJV,14,14,domingo,1,9,88.89,-3.78,41
SBEG,17,16,domingo,1,158,79.62,1.95,27
SBCY,19,18,quarta,4,70,82.61,7.14,45
SBIH,11,11,terca,3,50,92.00,4.94,15
SBEG,3,2,quarta,4,210,85.50,13.52,24
SBPS,17,17,sabado,7,151,89.19,0.55,23
SBVT,10,10,sabado,7,106,92.16,3.08,13
SBBE,12,12,sexta,6,126,76.98,6.42,34
KORD,23,,sexta,6,31,61.29,24.52,61
LPPT,20,,sabado,7,66,70.49,18.31,37
SBVT,18,18,terca,3,104,75.00,12.93,63
DNMM,11,,sexta,6,53,,,
SBPJ,10,10,sabado,7,46,84.78,2.61,20
SBPS,10,10,sabado,7,150,78.23,10.56,40
SBPS,20,20,sabado,7,33,81.82,1.55,38
SBMG,6,6,domingo,1,50,95.92,-10.27,-5
SAEZ,5,,terca,3,108,91.21,5.47,10
SBJE,16,16,quinta,5,49,91.84,1.71,14
SBSL,17,17,sexta,6,87,86.21,1.44,23
HAAB,3,,quarta,4,51,45.46,23.76,49
SBFZ,13,13,quarta,4,40,77.50,5.68,24
KATL,23,,quinta,5,27,77.78,5.26,29
SBJR,7,7,quinta,5,8,75.00,20.75,174
SBCG,13,12,sabado,7,27,96.30,-3.41,6
SBDN,18,18,sabado,7,12,91.67,-4.08,1
SBJV,19,19,terca,3,84,80.49,12.9,49
SBCG,9,8,sexta,6,5,100.00,-2.2,14
SBPV,17,16,sexta,6,13,38.46,30.46,78
FAOR,9,,quinta,5,13,84.62,22.38,59
EHAM,7,,sabado,7,37,63.64,28.14,47
SBMG,10,10,quinta,5,24,82.61,3.83,30
SBMK,16,16,domingo,1,35,91.43,-3.09,13
TNCC,23,,sexta,6,4,50.00,12.25,52
LIRF,11,,sabado,7,1,0.00,391.0,391
GVAC,15,,segunda,2,10,0.00,164.2,404
OTHH,21,,terca,3,5,20.00,32.2,66
SBMO,14,14,domingo,1,8,87.50,-3.38,20
KIAD,0,,sabado,7,22,68.18,49.68,56
EBBR,4,,sabado,7,7,14.29,121.57,381
SBTF,11,10,domingo,1,7,83.33,7.5,71
SBSN,5,5,sexta,6,2,100.00,-4.5,0
SBMG,8,8,quarta,4,9,100.00,-9.22,-4
SBPL,19,19,quinta,5,8,75.00,11.13,95
SBTT,17,15,quinta,5,15,86.67,0.4,53
SBRB,15,13,sexta,6,2,100.00,-4.5,0
MMSM,21,,domingo,1,13,71.43,-234.43,382
SBVT,3,3,domingo,1,5,100.00,-8.75,-8
SLLP,4,,segunda,2,4,,,
SBMG,14,14,terca,3,11,100.00,-5.82,0
SBFZ,1,1,quinta,5,5,100.00,-2.8,0
SBEG,7,6,segunda,2,6,83.33,30.5,164
EHAM,19,,quinta,5,1,,,
SACO,1,,sabado,7,3,,,
SBCG,2,1,sexta,6,1,100.00,-8.0,-8
PANC,4,,terca,3,1,,,
GOBD,16,,terca,3,1,100.00,14.0,14
SKBO,21,,sexta,6,1,,,
KMIA,14,,sabado,7,1,0.00,200.0,200
SBSR,1,1,quinta,5,1,100.00,-13.0,-13
SKBO,6,,terca,3,1,0.00,20.0,20
SBCA,11,11,terca,3,74,82.86,10.17,42
SBDO,10,9,quinta,5,29,79.31,4.76,24
SBSV,18,18,sexta,6,241,75.21,9.92,46
SBBR,12,12,sabado,7,209,94.15,-0.71,11
SBRJ,10,10,sexta,6,281,86.55,3.61,20
SBMO,2,2,sexta,6,116,92.11,-0.24,11
SBGR,10,10,quinta,5,455,82.84,8.77,31
SBSG,2,2,terca,3,106,84.76,2.75,28
SBMG,16,16,quarta,4,18,93.75,-1.19,14
SCEL,6,,domingo,1,151,97.33,0.05,6
SBFZ,12,12,quarta,4,148,75.51,10.18,33
SBBE,0,0,segunda,2,30,93.33,-2.77,11
SBPA,13,13,sexta,6,187,85.03,4.27,21
SBJE,12,12,sabado,7,58,70.18,8.51,37
SBFZ,17,17,domingo,1,312,85.44,3.5,20
SBRJ,9,9,quinta,5,294,91.26,3.31,10
SBGL,20,20,sabado,7,222,81.45,7.97,46
SABE,15,,domingo,1,50,70.83,26.63,163
MPTO,14,,sexta,6,36,88.89,5.75,19
SBBR,16,16,terca,3,191,84.21,6.73,27
SBSV,1,1,terca,3,36,94.44,0.31,14
SBKP,23,23,sexta,6,821,82.02,4.42,30
SBLO,19,19,segunda,2,96,81.05,4.8,26
SBMO,3,3,terca,3,121,90.76,-2.65,12
SBEG,1,0,quinta,5,51,84.78,0.26,26
SBFZ,11,11,terca,3,176,75.15,10.06,30
SBPA,9,9,domingo,1,176,92.53,-1.44,9
SBTE,18,18,sabado,7,102,90.20,-0.53,15
SBSL,11,11,quarta,4,147,84.14,3.68,22
SBEG,20,19,quarta,4,75,80.00,11.06,35
SBUL,12,12,segunda,2,51,94.00,-6.3,5
SBPJ,23,23,sexta,6,37,82.86,4.34,22
SBEG,13,12,sexta,6,155,89.80,0.31,16
SBCT,21,21,sabado,7,17,76.47,3.53,24
SBFL,11,11,segunda,2,206,81.00,7.36,33
SBRF,4,4,sexta,6,137,95.56,0.46,6
SBVT,21,21,domingo,1,91,92.31,-1.78,12
SKBO,23,,terca,3,144,69.50,12.25,44
SBMO,11,11,domingo,1,222,81.00,8.2,28
SBFI,9,9,quinta,5,52,80.39,12.84,35
SBCT,13,13,terca,3,169,85.12,3.89,23
SBRB,2,0,sabado,7,86,83.53,6.0,30
SPZO,18,,quinta,5,3,,,
SBTF,14,13,segunda,2,34,91.18,-2.97,5
SBJV,11,11,quinta,5,77,89.33,1.76,17
SBSN,15,15,domingo,1,66,98.44,-7.39,-3
SBVC,4,4,segunda,2,14,92.31,-6.69,-2
OTHH,1,,sabado,7,23,77.78,38.67,236
SBPJ,14,14,domingo,1,16,93.75,-5.0,6
SBPA,21,21,sabado,7,93,85.23,0.48,29
SBSV,7,7,domingo,1,90,98.85,-7.98,-3
SBCG,15,14,segunda,2,51,78.00,9.96,36
SAEZ,17,,quarta,4,13,83.33,-136.0,22
SBCH,5,5,terca,3,10,88.89,14.0,200
SBFZ,15,15,domingo,1,105,87.50,0.88,21
SBCX,16,16,terca,3,16,100.00,-7.64,-4
SBMQ,3,3,quinta,5,104,85.44,2.14,27
SBVC,0,0,segunda,2,9,77.78,3.33,51
SAEZ,12,,sabado,7,82,86.08,19.32,29
SBBE,21,21,terca,3,19,89.47,1.37,19
SBRP,5,5,quinta,5,50,95.83,-4.71,-4
SBMG,20,20,quinta,5,5,80.00,2.2,24
SBJU,0,0,quinta,5,32,90.00,-2.87,10
SBVC,17,17,quinta,5,9,77.78,0.0,18
SBPV,13,12,quarta,4,1,100.00,-5.0,-5
SBPL,4,4,quinta,5,15,100.00,-7.0,5
SBPS,4,4,terca,3,6,100.00,-6.83,-3
KBOS,11,,quarta,4,4,50.00,14.25,28
LIRF,5,,domingo,1,5,50.00,74.0,133
SBJP,15,15,quarta,4,1,100.00,7.0,7
SACO,4,,domingo,1,3,100.00,-8.67,-3
LIRF,12,,terca,3,1,100.00,-10.0,-10
SGAS,14,,segunda,2,1,0.00,174.0,174
SWPI,0,23,domingo,1,1,100.00,-14.0,-14
SBLO,20,20,quinta,5,5,75.00,5.0,44
SBSR,17,17,sabado,7,1,100.00,1.0,1
SKBO,4,,quinta,5,1,,,
SBIL,19,19,terca,3,4,75.00,-0.25,27
SBSO,2,1,sexta,6,1,100.00,-25.0,-25
SBUR,10,10,domingo,1,1,100.00,0.0,0
SKBO,3,,quarta,4,3,0.00,19.33,26
SUMU,10,,sabado,7,2,100.00,-9.0,-5
SWPI,5,4,domingo,1,1,100.00,-12.0,-12
SGAS,10,,domingo,1,1,0.00,20.0,20
SWPI,17,16,sabado,7,1,100.00,-16.0,-16
SBDN,16,16,sabado,7,1,100.00,-8.0,-8
SBCF,7,7,terca,3,359,94.33,-0.75,10
SBGL,18,18,sabado,7,423,82.06,5.95,29
SBGL,16,16,quinta,5,352,85.88,10.5,22
SBGR,6,6,domingo,1,314,89.74,1.68,17
SBCY,12,11,terca,3,158,87.10,1.34,19
SBBR,8,8,terca,3,1323,92.95,2.75,12
SBRP,4,4,quinta,5,34,100.00,-6.74,0
SBBR,9,9,sexta,6,1135,92.19,2.47,12
SLVR,10,,terca,3,52,41.18,25.33,53
EDDF,17,,quinta,5,84,65.39,33.49,29
SAEZ,21,,quarta,4,134,51.47,40.19,127
SBFZ,19,19,sabado,7,128,88.03,-1.32,18
SBBE,2,2,segunda,2,217,87.91,4.17,22
LEMD,6,,quinta,5,66,62.50,18.67,48
SBFL,19,19,quinta,5,227,66.20,40.17,101
SBSP,15,15,terca,3,902,72.37,10.74,38
SBFI,15,15,terca,3,35,85.29,0.32,24
SBPS,9,9,segunda,2,84,86.25,8.09,18
SBBE,3,3,quinta,5,101,84.00,2.83,28
SBRP,16,16,sexta,6,53,84.91,3.81,42
SBBR,7,7,quarta,4,235,95.73,-1.56,5
SBMO,9,9,terca,3,34,94.12,-5.24,6
SCEL,15,,sabado,7,50,87.76,4.8,29
SCEL,16,,domingo,1,117,86.36,5.75,19
SBFZ,4,4,quarta,4,248,96.77,-4.82,2
SBTB,17,17,segunda,2,51,88.00,-0.44,17
SBJU,11,11,segunda,2,15,73.33,13.87,50
SBFI,6,6,domingo,1,50,86.00,12.34,20
SBNM,12,12,segunda,2,50,93.75,-4.88,14
SBRF,1,1,sabado,7,34,60.00,28.2,107
SBMO,9,9,sexta,6,36,79.41,9.15,35
SBVT,5,5,domingo,1,131,94.62,-2.07,1
LSZH,17,,segunda,2,30,57.14,15.07,22
SBTE,3,3,terca,3,71,92.86,-3.83,11
LEMD,4,,quinta,5,20,,,
SWKO,12,11,segunda,2,5,100.00,-1.4,10
SBJV,13,13,quarta,4,21,95.24,0.43,11
SBJP,12,12,terca,3,73,76.71,6.53,30
SBGO,12,12,quarta,4,71,85.92,-1.3,18
SBSV,13,13,terca,3,116,89.91,0.63,21
SUMU,12,,segunda,2,46,73.91,17.33,51
SBSL,17,17,quinta,5,80,87.50,1.23,20
KLAX,17,,sabado,7,36,91.67,0.17,13
SKBO,12,,terca,3,106,80.95,-46.81,59
SABE,11,,quarta,4,49,65.31,19.98,73
SNGI,15,15,sexta,6,41,87.50,4.75,19
SBNF,15,15,domingo,1,79,92.31,-5.4,10
SBRF,23,23,sexta,6,68,76.12,13.6,54
SBSI,13,12,domingo,1,16,93.75,-1.81,8
SBCT,20,20,sabado,7,13,61.54,18.77,26
LPPR,11,,sexta,6,22,31.82,29.5,51
GOBD,11,,terca,3,7,28.57,343.71,980
SBBE,0,0,quarta,4,114,87.72,2.46,16
SUMU,18,,sabado,7,65,93.75,-5.44,4
SBJP,9,9,sexta,6,1,100.00,-2.0,-2
SBIP,9,9,segunda,2,17,81.25,0.13,32
EBLG,2,,domingo,1,4,,,
SBAU,15,15,terca,3,19,88.89,-1.67,23
LPPT,11,,sexta,6,25,66.67,19.71,65
SEQM,12,,quarta,4,1,0.00,619.0,619
DNMM,11,,sabado,7,22,60.00,-73.4,526
SACO,5,,quarta,4,10,100.00,-7.0,-7
KIAD,0,,sexta,6,22,50.00,79.14,80
SBJE,2,2,quinta,5,8,85.71,-0.43,35
SBPL,0,0,sabado,7,4,75.00,0.0,25
SBSR,1,1,sabado,7,11,100.00,-13.27,-7
SBRB,4,2,quarta,4,5,100.00,-3.4,9
SBEG,5,4,sexta,6,21,100.00,-14.0,-1
SBMA,1,1,quinta,5,7,100.00,-1.71,13
SBRB,16,14,sabado,7,17,100.00,-7.06,-3
SBPJ,2,2,quarta,4,17,94.12,2.35,7
SWKO,14,13,sexta,6,3,100.00,-2.33,0
SBSL,21,21,sabado,7,5,75.00,5.0,49
EBBR,8,,quinta,5,9,50.00,24.63,104
SBCH,13,13,segunda,2,5,80.00,-3.6,18
SBMK,12,12,quinta,5,12,100.00,-7.25,-2
SBBR,3,3,segunda,2,9,87.50,1.38,24
SBUR,14,14,quarta,4,2,100.00,-6.0,-3
SBCN,13,13,sexta,6,1,100.00,-5.0,-5
SKBO,11,,terca,3,1,0.00,23.0,23
SEQM,21,,quinta,5,1,,,
SWPI,18,17,sabado,7,1,100.00,-17.0,-17
SWPI,13,12,terca,3,1,100.00,-14.0,-14
SGAS,4,,segunda,2,2,0.00,201.0,201
SBAR,21,21,domingo,1,2,100.00,-7.0,-4
SBBR,23,23,sexta,6,189,88.83,1.2,19
SBKP,14,14,sexta,6,349,78.10,7.98,35
SBNF,14,14,domingo,1,108,85.98,3.74,21
LPPT,13,,quarta,4,110,35.85,30.8,56
SBFN,14,15,quarta,4,51,80.39,6.08,45
SBCF,22,22,quinta,5,404,86.25,3.75,22
SBGR,11,11,sabado,7,347,89.68,5.6,16
TNCA,23,,quarta,4,23,86.96,-0.39,18
SABE,17,,domingo,1,76,50.67,23.69,61
SBBE,5,5,terca,3,135,89.55,3.18,16
SBKP,15,15,domingo,1,205,82.50,6.72,35
SBSN,23,23,sexta,6,34,84.85,-5.7,23
SABE,18,,terca,3,158,78.85,11.74,35
SBGL,13,13,sexta,6,422,83.65,11.49,25
SBRF,10,10,quinta,5,169,88.62,5.13,20
SBSP,11,11,sabado,7,659,85.93,7.12,23
SGES,19,,quarta,4,1,,,
SBCF,13,13,quarta,4,378,79.89,7.69,32
SBVT,13,13,segunda,2,49,37.78,136.64,378
SBCT,11,11,quarta,4,316,85.34,4.58,22
SBBR,2,2,terca,3,30,96.67,-4.53,4
SBJP,12,12,segunda,2,82,85.37,7.41,21
SWBC,15,14,sexta,6,45,85.00,-3.78,20
SCEL,4,,segunda,2,71,95.71,2.66,8
SBPS,10,10,terca,3,48,89.36,6.57,27
SBFL,12,12,sabado,7,61,90.00,-0.28,14
SBJP,16,16,terca,3,26,65.39,13.35,36
SBKP,20,20,sabado,7,87,83.33,5.68,27
SBJR,17,17,segunda,2,18,91.67,0.08,0
SBVT,20,20,quarta,4,92,86.67,2.32,27
KJFK,0,,segunda,2,53,70.83,33.31,85
SBCF,1,1,sabado,7,35,88.57,0.29,16
SBPS,9,9,quarta,4,83,87.81,1.84,17
SBJP,13,13,sexta,6,59,70.18,12.39,36
SBDN,15,15,terca,3,50,75.51,7.63,56
SBFI,20,20,segunda,2,88,83.91,6.75,44
SBPL,6,6,sexta,6,9,88.89,-3.33,32
SBPJ,23,23,quarta,4,34,85.29,1.47,39
SBRP,17,17,sexta,6,2,50.00,40.0,67
SCEL,17,,quinta,5,88,86.36,9.05,22
SAME,14,,terca,3,51,84.31,3.71,19
SBCG,4,3,segunda,2,3,100.00,-10.67,-7
SBSN,3,3,segunda,2,51,90.00,-2.48,9
SABE,15,,terca,3,54,88.89,8.94,22
SBSG,14,14,terca,3,22,86.36,-2.64,17
SBPV,0,23,sexta,6,47,82.61,6.2,34
MPTO,21,,segunda,2,46,95.65,-3.7,8
LPPT,9,,domingo,1,37,62.16,22.65,46
SBPK,19,19,quarta,4,27,96.30,-4.81,-2
LPPT,12,,sexta,6,19,15.79,26.32,46
SBSL,18,18,segunda,2,78,89.61,1.38,20
SBTE,2,2,domingo,1,79,97.44,-5.09,6
SBPK,19,19,sexta,6,53,84.91,3.6,29
SBSI,11,10,domingo,1,45,93.33,-4.18,14
SBJP,17,17,terca,3,62,87.10,6.95,20
SBIL,11,11,sabado,7,25,92.00,-4.44,11
SBNF,20,20,segunda,2,87,77.11,7.36,36
SBRF,6,6,quarta,4,38,97.30,-2.49,-2
SBPL,1,1,quarta,4,8,100.00,-7.75,5
LEMD,3,,sabado,7,17,,,
SBFI,11,11,quinta,5,111,81.98,5.06,31
SBKG,13,13,domingo,1,52,96.15,-8.08,1
MPTO,18,,sabado,7,56,92.86,-1.75,5
KMIA,3,,domingo,1,11,30.00,493.9,1582
SBIZ,17,17,terca,3,32,96.88,-3.66,9
SBGV,12,12,segunda,2,17,82.35,-0.24,22
SBCT,22,22,quarta,4,95,90.00,-2.39,10
SBCH,11,11,terca,3,13,81.82,14.91,23
KMCO,19,,segunda,2,16,62.50,25.06,128
SBRP,12,12,terca,3,48,91.30,0.17,14
SBIZ,14,14,quarta,4,8,87.50,3.75,58
SSGG,14,14,segunda,2,4,75.00,3.75,47
SBUL,17,17,sabado,7,32,75.00,9.22,58
KEWR,21,,sabado,7,47,61.70,63.81,93
SBSR,17,17,domingo,1,2,100.00,-8.0,-8
SBMQ,17,17,quarta,4,15,73.33,-0.6,20
SBTF,11,10,sexta,6,8,87.50,15.25,198
SABE,8,,quinta,5,11,63.64,21.0,72
SBNM,14,14,sexta,6,12,83.33,6.67,28
LIRF,8,,sexta,6,62,77.08,14.96,26
EHAM,5,,domingo,1,1,0.00,749.0,749
CYYZ,23,,sexta,6,31,46.67,32.7,96
SBCH,6,6,terca,3,8,100.00,-8.0,-2
SNLN,14,14,quarta,4,18,75.00,18.38,85
SKBO,17,,domingo,1,6,100.00,1.6,8
SBJR,12,12,quarta,4,18,87.50,3.38,25
FNLU,6,,domingo,1,8,50.00,45.63,277
SBPL,15,15,quinta,5,4,75.00,8.0,61
SBPL,0,0,quinta,5,3,100.00,-13.67,-5
SBCH,12,12,quarta,4,4,50.00,10.5,26
KMIA,3,,segunda,2,4,66.67,22.0,67
OTHH,21,,sexta,6,2,100.00,2.5,13
SBPL,16,16,quarta,4,1,100.00,14.0,14
SWPI,16,15,quinta,5,2,100.00,-8.5,-5
KMIA,7,,sabado,7,2,100.00,0.0,0
TNCC,14,,domingo,1,2,100.00,-5.0,1
SBPF,13,13,quinta,5,1,100.00,6.0,6
KMIA,17,,sexta,6,2,0.00,38.0,38
SYCJ,15,,terca,3,1,100.00,-52.0,-52
SWPI,16,15,domingo,1,1,100.00,-22.0,-22
SKRG,21,,quarta,4,1,100.00,-960.0,-960
SGAS,21,,quarta,4,1,,,
SBCF,6,6,sexta,6,508,90.76,3.2,14
SBBR,9,9,domingo,1,1072,94.38,0.62,8
SBSV,0,0,quinta,5,91,80.22,1.56,27
SBSP,21,21,sexta,6,753,70.56,9.89,37
SBGR,5,5,sexta,6,408,82.90,6.62,21
SBCY,3,2,terca,3,203,90.55,-1.19,13
SBTE,18,18,sexta,6,92,86.81,5.29,22
SBGR,2,2,sexta,6,88,61.91,20.67,71
SBSP,14,14,sexta,6,827,65.61,13.86,37
SBTE,3,3,sabado,7,68,92.65,-3.79,14
SBEG,17,16,segunda,2,148,78.77,9.49,41
SBSL,14,14,quinta,5,42,73.81,11.55,23
SBCF,9,9,quarta,4,571,90.27,2.33,15
SBGR,15,15,terca,3,972,79.60,9.31,28
SCEL,8,,quarta,4,68,92.65,-0.94,8
SPJC,3,,domingo,1,18,61.11,22.94,77
SBMO,17,17,sexta,6,135,90.37,1.7,15
SBPA,14,14,segunda,2,389,87.34,3.35,20
SBPO,14,14,quinta,5,49,82.98,-0.68,44
SUMU,14,,segunda,2,15,85.71,0.0,18
KJFK,22,,sabado,7,25,72.73,-41.23,52
SAEZ,2,,sexta,6,27,77.78,10.04,51
SNBR,16,16,quinta,5,43,87.50,-5.83,32
SBBR,4,4,sabado,7,87,95.40,-1.52,8
SBKP,10,10,terca,3,202,89.95,1.27,16
SBBE,20,20,sexta,6,102,71.28,10.72,37
SBSP,19,19,quinta,5,808,63.31,15.38,45
SBRF,18,18,quinta,5,246,85.54,5.81,20
SBRP,15,15,sexta,6,27,85.19,5.04,25
SBPJ,3,3,quinta,5,103,95.10,-4.42,0
SBCT,7,7,quarta,4,282,94.59,-2.79,4
SBPS,19,19,sabado,7,123,89.34,0.29,16
SBSV,9,9,sexta,6,206,90.64,0.47,12
SBPS,19,19,terca,3,15,100.00,-8.93,1
SBPJ,17,17,segunda,2,42,92.86,-1.71,12
SBEG,0,23,sexta,6,111,79.82,13.39,42
SBPS,8,8,terca,3,62,88.53,2.18,27
SBPS,13,13,sexta,6,55,92.45,-2.64,12
SBCT,10,10,sabado,7,263,82.76,7.31,28
SBMO,3,3,domingo,1,87,95.40,-5.05,2
SBIP,6,6,sexta,6,29,89.29,2.61,30
SBJP,4,4,terca,3,99,96.97,-4.57,0
OTHH,12,,quinta,5,8,,,
MDPC,20,,domingo,1,50,,,
SBLO,18,18,sexta,6,35,73.53,11.21,68
SBLO,8,8,domingo,1,8,100.00,-9.75,5
SBCG,11,10,quarta,4,118,76.27,7.47,27
KEWR,21,,quarta,4,25,48.00,100.84,178
LPPT,10,,sexta,6,44,60.47,12.93,42
EDDF,17,,quarta,4,69,64.71,38.37,29
MDPC,2,,quinta,5,54,33.33,135.27,753
SBCY,6,5,sexta,6,59,98.31,-7.63,-3
SBSG,5,5,domingo,1,106,94.34,-3.52,4
SBMO,22,22,sexta,6,7,85.71,3.0,103
SBNM,14,14,segunda,2,11,81.82,-3.64,19
SBSL,16,16,quarta,4,34,100.00,-6.26,0
SBSV,4,4,domingo,1,77,100.00,-6.55,0
KJFK,19,,terca,3,8,87.50,3.38,17
DNMM,11,,terca,3,29,0.00,608.57,680
SNMZ,13,13,terca,3,16,93.33,-4.93,5
SBNF,12,12,domingo,1,29,93.10,-2.1,15
SCEL,1,,quinta,5,53,67.93,16.11,57
SWMW,15,14,quinta,5,5,100.00,1.75,8
FNBJ,6,,segunda,2,39,69.23,17.18,71
KMIA,2,,sexta,6,3,66.67,92.67,263
SBPL,0,0,sexta,6,7,71.43,9.29,61
SBBE,8,8,domingo,1,6,100.00,-0.83,6
SBTB,17,17,domingo,1,22,90.48,-14.95,3
SBCH,20,20,domingo,1,33,80.65,4.03,41
SBCG,22,21,quinta,5,12,91.67,-1.67,6
OTHH,3,,domingo,1,9,66.67,1.89,43
SCEL,4,,sabado,7,40,90.00,39.68,11
SBPK,17,17,segunda,2,22,63.64,5.45,34
SAZS,18,,quinta,5,11,81.82,-0.91,18
SBCY,20,19,domingo,1,7,71.43,11.43,51
KORD,20,,quarta,4,21,38.10,31.1,56
SBDO,10,9,terca,3,4,100.00,-11.25,-4
SBRP,3,3,terca,3,4,100.00,-9.0,-3
SBMO,22,22,sabado,7,14,85.71,7.5,19
SBVC,20,20,domingo,1,13,76.92,18.62,124
SBPS,4,4,domingo,1,7,100.00,-17.14,-7
SBSN,6,6,sexta,6,7,100.00,-5.29,10
SBCG,9,8,terca,3,4,100.00,-10.75,-7
GVAC,15,,domingo,1,1,100.00,-1436.0,-1436
SABE,23,,domingo,1,2,100.00,0.5,6
SBIZ,14,14,quinta,5,8,87.50,-6.5,17
SBSR,0,0,sabado,7,1,0.00,29.0,29
SACO,1,,terca,3,3,,,
SBGL,0,0,terca,3,2,50.00,11.5,33
SBSG,20,20,quinta,5,2,100.00,-4.5,1
SBSN,17,17,quinta,5,1,,,
SWPI,18,17,terca,3,1,100.00,-15.0,-15
SBJP,20,20,sabado,7,1,100.00,-7.0,-7
SWPI,0,23,sexta,6,1,100.00,0.0,0
DNMM,3,,sabado,7,52,,,
SBBE,12,12,segunda,2,168,79.39,5.92,32
SBFI,6,6,sabado,7,30,100.00,-6.2,1
SBGR,0,0,sexta,6,409,62.92,18.9,43
SBMG,5,5,quinta,5,83,92.59,0.51,8
SBBR,17,17,domingo,1,290,92.01,0.24,14
SBBR,11,11,sexta,6,245,84.77,4.3,24
LPPT,19,,quinta,5,88,45.98,21.92,45
SBGL,10,10,sexta,6,427,83.65,6.65,28
SBGL,15,15,segunda,2,443,85.36,5.59,24
SBCT,22,22,sabado,7,63,87.30,1.63,31
SBBE,19,19,sexta,6,13,76.92,10.23,25
SBSL,20,20,terca,3,30,72.41,12.86,47
SBSP,18,18,segunda,2,934,74.62,10.5,37
SBCG,6,5,domingo,1,127,98.37,-5.31,2
SBFI,16,16,quarta,4,27,88.46,2.65,17
SCEL,22,,domingo,1,17,78.57,-4.93,32
SABE,10,,quarta,4,135,89.63,1.92,17
SBRF,15,15,quinta,5,141,85.71,3.12,24
SBML,18,18,segunda,2,25,95.83,-4.29,11
SBPV,3,2,segunda,2,27,92.59,2.0,14
SBBR,14,14,terca,3,427,87.20,1.8,17
SBNF,19,19,domingo,1,185,84.36,2.37,26
SAEZ,4,,domingo,1,34,76.47,7.88,33
SBRP,19,19,terca,3,81,85.00,-1.65,20
KMCO,21,,domingo,1,56,83.93,-9.21,28
SBSP,22,22,quinta,5,292,79.72,5.22,26
SBCT,23,23,domingo,1,64,91.80,-8.23,11
SBLO,18,18,sabado,7,33,93.94,-9.48,-6
SBEG,1,0,quarta,4,111,74.74,-40.16,164
SBPS,15,15,sexta,6,90,77.01,9.25,44
SBFI,16,16,quinta,5,38,86.49,1.89,20
SBEG,12,11,quinta,5,225,79.11,9.22,27
SBCH,17,17,segunda,2,77,85.53,0.01,24
SBCT,16,16,segunda,2,103,88.35,2.47,17
KATL,0,,quarta,4,21,80.95,14.05,56
SCEL,8,,segunda,2,53,88.68,4.02,16
SBEG,5,4,quinta,5,60,84.75,8.37,24
SBEG,15,14,quinta,5,47,68.09,124.98,676
SACO,4,,sabado,7,40,92.50,0.45,6
SBBE,19,19,segunda,2,20,70.00,3.55,22
SBMK,19,19,segunda,2,24,63.64,29.86,88
SBPS,19,19,segunda,2,18,100.00,-8.78,11
SBGO,22,22,segunda,2,35,94.12,-4.0,6
SWBC,11,10,terca,3,21,88.89,0.78,40
GVAC,7,,quinta,5,21,50.00,37.14,129
MPTO,13,,sexta,6,17,76.47,19.24,24
MPTO,16,,quinta,5,17,94.12,-0.06,3
LEMD,7,,segunda,2,65,41.30,23.67,73
SBDN,16,16,terca,3,15,100.00,-8.2,-5
SBAU,10,10,segunda,2,26,88.00,2.72,28
SBSN,1,1,terca,3,2,100.00,-12.0,-5
SBNF,7,7,segunda,2,23,82.61,9.26,73
SBJU,18,18,segunda,2,11,100.00,-8.91,-4
ZBAA,4,,terca,3,4,33.33,37.33,68
SBSI,11,10,segunda,2,39,92.31,-2.05,15
SBSO,14,13,sexta,6,21,90.48,-12.29,-3
SBPS,19,19,sexta,6,16,81.25,5.44,35
SBSR,23,23,sexta,6,7,71.43,13.71,88
MDPC,18,,domingo,1,3,,,
SBCF,4,4,segunda,2,5,100.00,-2.4,7
SBCY,20,19,terca,3,21,75.00,2.35,38
SBJA,17,17,segunda,2,5,100.00,1.8,15
SBAR,5,5,terca,3,10,90.00,0.7,0
SPZO,14,,quarta,4,4,,,
LFPG,9,,terca,3,10,50.00,23.0,64
SAWH,15,,sexta,6,5,80.00,9.2,32
SBMQ,4,4,sabado,7,5,100.00,-1.6,5
GVAC,23,,quarta,4,3,0.00,85.33,136
SBCY,14,13,segunda,2,14,57.14,7.43,29
SBPV,1,0,segunda,2,27,100.00,-3.23,4
LEMD,3,,terca,3,18,,,
SBSI,14,13,sabado,7,7,100.00,-0.29,12
SUMU,6,,sabado,7,1,,,
KJFK,19,,segunda,2,9,88.89,3.11,22
SAWH,16,,quinta,5,4,100.00,-7.5,-2
SGAS,20,,quarta,4,1,,,
LTFM,11,,segunda,2,1,100.00,0.0,0
OTHH,10,,quarta,4,1,,,
CYUL,23,,sabado,7,1,100.00,5.0,5
EBBR,15,,segunda,2,1,0.00,35.0,35
KMIA,7,,quarta,4,1,100.00,-10.0,-10
SBPA,15,15,sexta,6,227,85.59,3.34,23
SAEZ,14,,terca,3,56,85.29,2.06,21
SBGR,13,13,segunda,2,922,79.22,12.78,30
SBGR,16,16,quinta,5,946,78.50,9.79,33
SBKP,6,6,sexta,6,464,91.01,6.11,13
SBFZ,5,5,quinta,5,46,100.00,-4.87,7
SBBE,2,2,sexta,6,218,83.65,3.83,24
SBMO,3,3,quarta,4,112,98.20,-6.19,4
SBAR,17,17,sexta,6,48,89.36,-0.94,21
SBJP,13,13,sabado,7,61,70.49,10.57,35
SBSP,21,21,terca,3,723,78.70,5.99,32
SBSP,16,16,domingo,1,822,81.56,8.24,27
SBPS,15,15,segunda,2,91,84.44,1.06,24
SBRF,13,13,terca,3,248,90.24,0.3,15
SABE,4,,quarta,4,73,95.89,6.93,3
LPPT,6,,segunda,2,155,40.65,27.79,45
SBGR,12,12,sexta,6,1015,68.71,14.77,40
SBRJ,12,12,terca,3,166,94.38,-2.57,8
SBRF,22,22,quarta,4,372,84.87,3.49,24
SBRF,4,4,domingo,1,147,94.41,-0.94,8
SBBV,16,15,sexta,6,13,92.31,1.69,14
OMDB,1,,sabado,7,52,71.74,8.98,28
SBTE,4,4,quinta,5,90,97.75,-6.25,1
SBNF,10,10,sabado,7,84,90.36,1.52,14
SBIL,14,14,domingo,1,66,95.39,-2.26,2
SBSM,15,15,terca,3,41,94.60,-2.97,13
SBRF,17,17,sabado,7,331,84.29,4.69,28
SBGL,14,14,quarta,4,358,91.85,1.08,12
LSZH,17,,terca,3,29,62.07,18.55,30
SBSL,1,1,quinta,5,55,92.73,-1.73,15
SBPJ,2,2,segunda,2,16,93.33,-7.67,0
SBCJ,17,17,quinta,5,49,91.84,1.12,12
SBJV,11,11,segunda,2,79,94.87,-2.13,9
LIMC,8,,quarta,4,51,68.63,19.92,49
ZBAA,4,,segunda,2,52,19.23,31.42,48
KFLL,10,,sabado,7,22,95.46,-7.23,7
SBSG,15,15,terca,3,68,88.24,0.75,18
SBSL,18,18,sexta,6,92,80.00,3.97,32
LFPG,19,,sabado,7,22,72.73,7.86,24
SBAR,16,16,sexta,6,56,92.73,0.29,12
SBVC,20,20,segunda,2,5,100.00,-13.2,-12
SNBR,11,11,quarta,4,51,87.76,0.92,25
SUMU,19,,terca,3,27,85.19,0.11,23
SBMO,7,7,quinta,5,3,100.00,-4.67,2
SBCY,6,5,quinta,5,45,100.00,-10.18,-5
SBEG,6,5,quinta,5,5,60.00,2.0,18
SSUM,15,15,segunda,2,18,69.23,23.54,138
SEQM,10,,sabado,7,2,,,
SNBR,11,11,segunda,2,50,89.58,2.33,17
MPTO,21,,quarta,4,44,93.18,-2.7,12
SBCH,6,6,sexta,6,59,94.83,0.14,-1
SBUL,9,9,sexta,6,13,100.00,-7.92,-5
LPPR,7,,sexta,6,9,88.89,18.0,186
SBBR,2,2,quinta,5,31,100.00,-5.71,0
LTFM,13,,domingo,1,11,81.82,6.27,19
SSGG,14,14,quarta,4,4,100.00,-14.25,-11
KFLL,10,,segunda,2,18,76.47,9.76,52
SNCL,10,,terca,3,4,100.00,-11.0,0
KMIA,8,,quarta,4,3,33.33,-13.0,57
KIAH,21,,sexta,6,20,65.00,14.35,39
SBGO,16,16,sabado,7,36,94.44,2.94,11
SGAS,16,,quarta,4,9,,,
SBIZ,4,4,sabado,7,16,93.33,-4.07,8
SUMU,5,,domingo,1,5,100.00,-8.4,-1
SAEZ,15,,domingo,1,7,57.14,63.0,362
DNMM,9,,sexta,6,8,100.00,-8.57,13
SKBO,10,,sabado,7,22,77.27,12.95,37
SLLP,4,,quinta,5,4,,,
SBIL,13,13,terca,3,3,100.00,-6.0,3
EBBR,7,,terca,3,1,100.00,11.0,11
SVMI,20,,segunda,2,1,100.00,-60.0,-60
SBBE,21,21,domingo,1,10,40.00,25.3,43
SBZM,10,10,terca,3,4,75.00,2.0,16
SBNF,21,21,quarta,4,1,100.00,-16.0,-16
EDDF,14,,quarta,4,1,100.00,-2.0,-2
SBML,15,15,sabado,7,1,100.00,-14.0,-14
SBKP,22,22,sexta,6,557,75.46,10.86,35
SBGR,8,8,quarta,4,1618,70.05,15.64,35
SBCF,10,10,domingo,1,276,89.38,1.11,16
SBFZ,18,18,terca,3,194,74.87,8.8,27
SBSP,9,9,sexta,6,940,89.30,2.89,18
EHAM,8,,quarta,4,60,76.67,-15.65,33
SBFI,19,19,quinta,5,91,88.89,2.87,18
SBGL,12,12,sabado,7,343,87.02,7.07,22
SBEG,0,23,sabado,7,84,76.19,7.61,37
SBRF,8,8,quarta,4,442,90.02,2.23,15
SCEL,13,,terca,3,99,69.07,27.87,97
SABE,13,,segunda,2,72,67.61,22.73,84
SBRJ,20,20,sexta,6,281,80.44,3.25,27
SBPA,15,15,quinta,5,213,83.89,7.74,31
SBSG,2,2,quarta,4,113,81.25,2.22,26
SBUL,13,13,domingo,1,87,88.37,0.48,20
KMCO,23,,segunda,2,68,92.42,-4.27,5
SBCF,9,9,segunda,2,543,86.51,3.36,20
SBPA,11,11,domingo,1,271,85.28,5.23,24
SBTE,3,3,segunda,2,68,97.02,-7.7,1
LEMD,19,,quinta,5,98,48.84,-19.49,77
KMIA,9,,domingo,1,91,46.88,246.39,1079
SBGR,2,2,sabado,7,136,63.64,25.51,94
SBPA,5,5,quarta,4,448,94.82,-0.45,3
SBFI,16,16,sexta,6,29,89.29,4.18,19
SBFL,17,17,quarta,4,162,75.93,8.42,36
SBFL,14,14,sabado,7,77,90.54,-0.69,15
SBGL,11,11,terca,3,461,83.33,8.21,24
SBCT,20,20,domingo,1,131,81.75,4.75,35
SBRJ,11,11,domingo,1,222,94.57,-2.15,5
SBSL,16,16,sabado,7,53,90.39,-2.54,10
OMDB,1,,quarta,4,51,76.00,11.24,37
MPTO,13,,quarta,4,17,64.71,7.18,32
LEMD,6,,domingo,1,73,57.14,25.55,97
SBGO,17,17,quinta,5,89,87.50,5.06,26
SBCX,15,15,sexta,6,31,93.33,-2.17,14
SBIZ,2,2,terca,3,45,93.33,-7.56,0
SBCY,14,13,domingo,1,17,76.47,8.06,24
SBDB,17,16,domingo,1,18,100.00,-8.72,-4
SBCN,16,16,quinta,5,5,100.00,-6.4,11
SBFZ,0,0,segunda,2,61,88.53,-0.77,18
SBPS,16,16,quarta,4,123,86.07,0.09,17
SBEG,15,14,sabado,7,35,88.24,40.18,35
SBIL,16,16,sexta,6,17,81.25,3.44,25
SBSV,22,22,terca,3,31,74.19,6.16,44
SNSS,16,16,segunda,2,18,60.00,18.13,65
SBSO,14,13,domingo,1,21,90.48,-12.05,-9
SBPV,0,23,segunda,2,51,80.39,23.37,28
SWPI,10,9,sexta,6,2,100.00,-10.0,-8
SBDO,10,9,segunda,2,29,72.41,8.93,31
SAAR,2,,domingo,1,27,85.19,2.81,27
SBJV,19,19,segunda,2,88,73.26,10.66,64
SBEG,16,15,sabado,7,98,88.42,18.11,17
SBSV,20,20,quinta,5,71,86.96,6.91,22
SCEL,17,,segunda,2,90,82.22,11.52,32
SBFL,17,17,domingo,1,150,78.23,13.59,34
SBPL,11,11,sabado,7,16,93.75,-12.94,-8
MPTO,1,,quarta,4,4,100.00,-0.75,14
OTHH,3,,segunda,2,10,77.78,-1.78,103
SBSV,20,20,quarta,4,68,77.61,6.27,34
SBSI,11,10,sabado,7,40,97.50,-4.53,5
SBJU,1,1,quinta,5,2,50.00,11.0,23
KJFK,0,,domingo,1,56,69.09,30.67,83
SBSG,10,10,quinta,5,43,80.49,20.41,34
OTHH,8,,segunda,2,21,,,
SBMO,15,15,domingo,1,10,80.00,14.8,34
SAAR,2,,sexta,6,29,75.86,4.83,41
SBPJ,19,19,domingo,1,6,100.00,-9.83,-3
SBCH,10,10,sabado,7,52,88.24,1.73,20
KDFW,21,,sexta,6,13,50.00,145.5,451
MPTO,13,,domingo,1,17,88.24,3.94,32
OTHH,8,,quinta,5,14,,,
SNCL,17,,domingo,1,7,100.00,-15.5,-10
SBRP,22,22,domingo,1,8,85.71,-3.57,33
SBAR,20,20,terca,3,8,57.14,14.43,69
KMIA,17,,sabado,7,8,85.71,19.71,146
SBFI,1,1,sabado,7,2,100.00,-10.5,-3
SKRG,13,,sexta,6,1,0.00,54.0,54
SLLP,4,,sabado,7,5,,,
SBPS,5,5,quarta,4,5,100.00,-6.6,-3
SBSJ,20,20,domingo,1,4,100.00,-10.5,-8
SEQM,4,,domingo,1,1,0.00,74.0,74
SBSJ,21,21,quinta,5,1,0.00,107.0,107
SNCL,16,,domingo,1,2,100.00,-18.0,-18
SBNF,6,6,sabado,7,73,88.57,8.5,39
SBFL,10,10,sabado,7,203,85.50,8.35,23
SJZA,12,12,sexta,6,31,92.31,-3.12,15
SBBR,19,19,quinta,5,225,83.11,5.56,33
SBJP,11,11,terca,3,113,76.99,6.04,25
SBEG,13,12,segunda,2,133,87.88,2.78,23
SBMO,2,2,domingo,1,126,90.40,1.1,14
SBFI,4,4,quarta,4,59,96.43,-0.54,8
SBPA,10,10,terca,3,377,88.59,2.01,18
SBSP,21,21,sabado,7,289,95.82,-4.38,2
SBBE,2,2,domingo,1,186,86.56,1.2,27
OTHH,19,,quarta,4,48,75.61,23.66,153
MPTO,23,,terca,3,98,96.88,-1.69,10
SBPA,18,18,domingo,1,172,84.71,4.91,26
SBSR,10,10,sabado,7,34,93.94,-5.12,8
SBSJ,6,6,quinta,5,13,92.31,-4.15,5
SBKP,15,15,quarta,4,236,84.35,6.32,28
SBFL,14,14,quinta,5,66,92.19,5.13,12
SNGN,16,16,segunda,2,33,84.62,-16.88,30
SBPS,3,3,terca,3,66,100.00,-7.39,-2
SBSV,19,19,quinta,5,232,84.65,8.04,30
SBZM,14,14,domingo,1,45,97.78,-4.38,3
SBGO,4,4,sabado,7,59,93.10,-2.03,8
SBAR,12,12,segunda,2,112,80.18,8.27,29
SBSN,15,15,quinta,5,55,98.18,-6.22,-1
SBKP,7,7,segunda,2,211,92.16,1.19,11
SBSV,1,1,sabado,7,41,78.05,8.32,33
SBCG,19,18,segunda,2,49,69.39,12.51,65
SBSV,22,22,sexta,6,49,87.76,-1.2,21
SBPA,18,18,sabado,7,117,89.57,-0.36,16
SBSI,15,14,domingo,1,13,100.00,-15.54,-10
SBEG,0,23,domingo,1,110,87.50,7.01,21
SBRF,18,18,quarta,4,271,84.96,4.61,26
SBGO,16,16,sexta,6,27,70.37,19.3,71
SBCG,6,5,terca,3,138,94.93,-3.04,2
SWKO,11,10,quinta,5,16,84.62,6.38,23
SBBE,8,8,terca,3,64,86.67,14.3,32
SBGO,6,6,terca,3,133,96.99,-2.13,0
SBCY,2,1,terca,3,47,78.72,2.3,30
SCEL,17,,sabado,7,96,90.53,8.74,14
SBCJ,13,13,quinta,5,49,95.75,-5.81,5
SBUL,17,17,domingo,1,13,84.62,4.92,20
SBUR,16,16,domingo,1,18,88.89,5.72,20
SEQM,16,,quarta,4,30,13.79,205.52,223
SBRF,0,0,sexta,6,10,77.78,7.11,28
SUMU,20,,sabado,7,23,86.96,11.3,34
SBSG,17,17,quinta,5,144,83.92,4.94,25
SBRP,7,7,domingo,1,8,100.00,-10.5,-5
SBFL,1,1,quarta,4,69,88.24,-0.78,17
SBGO,14,14,segunda,2,84,77.11,9.9,36
SACO,17,,terca,3,40,90.00,-5.55,5
SBPF,11,11,quarta,4,4,100.00,-15.5,-15
CYUL,23,,terca,3,29,71.43,7.96,34
SBSV,20,20,domingo,1,59,79.31,4.09,26
SBCH,16,16,quarta,4,12,100.00,-9.45,-4
SABE,23,,segunda,2,4,100.00,-6.5,-4
SBGL,4,4,sexta,6,18,100.00,-4.47,2
KJFK,23,,quarta,4,18,72.22,142.72,783
SBGO,16,16,terca,3,38,94.74,-2.08,10
GVAC,22,,quarta,4,2,50.00,97.0,194
SBRP,6,6,sabado,7,30,93.33,-7.17,-5
SKBO,0,,sexta,6,27,92.59,33.04,14
PANC,1,,domingo,1,17,100.00,-15.12,10
SABE,8,,sabado,7,15,86.67,8.07,34
LPPT,8,,sexta,6,29,37.93,36.48,96
SBPS,4,4,quinta,5,6,100.00,-6.5,-3
SBTE,19,19,quinta,5,8,87.50,27.25,219
SSKW,14,13,terca,3,17,64.71,11.88,22
SBNF,1,1,sabado,7,8,100.00,-15.63,-13
LFPO,8,,sexta,6,10,90.00,2.1,12
SNGI,12,12,sabado,7,8,100.00,-2.13,8
SBUR,17,17,sexta,6,5,80.00,-0.4,36
SBMG,9,9,quarta,4,25,68.00,8.32,48
SCEL,3,,quinta,5,6,25.00,31.0,57
SBCJ,16,16,quarta,4,1,100.00,-19.0,-19
SBSI,12,11,sexta,6,8,75.00,33.75,275
SKBO,8,,quinta,5,1,100.00,5.0,5
SWKO,12,11,sexta,6,2,50.00,162.0,324
SULS,19,,domingo,1,1,0.00,51.0,51
SBCA,10,10,sabado,7,71,87.14,5.17,18
SBJP,12,12,sexta,6,75,84.00,5.37,20
SBAR,3,3,segunda,2,65,85.48,-2.35,23
SBFI,17,17,terca,3,100,84.85,3.69,23
SBKG,13,13,terca,3,51,88.00,-0.3,17
SBRF,12,12,terca,3,520,85.47,5.3,20
SBGR,13,13,quarta,4,937,79.39,8.04,27
SBSP,19,19,terca,3,806,72.25,10.36,35
LFPO,8,,segunda,2,10,50.00,25.7,79
SBFL,11,11,quinta,5,181,84.09,5.69,26
SBCF,12,12,domingo,1,551,88.68,2.14,19
SBBR,18,18,segunda,2,237,77.45,6.02,31
SBBR,21,21,sexta,6,1152,84.42,4.76,22
SBBE,20,20,terca,3,107,69.23,12.73,53
SABE,16,,sabado,7,92,69.23,19.7,44
SBGR,20,20,domingo,1,619,78.50,11.83,43
SBGO,13,13,quinta,5,28,88.89,-1.52,33
SKBO,23,,segunda,2,162,70.37,12.49,35
SBPS,18,18,sexta,6,92,80.68,11.58,37
SBLO,10,10,sabado,7,66,80.00,7.06,35
SBMO,20,20,quinta,5,133,92.48,-2.91,8
SBSG,4,4,quinta,5,47,91.30,15.26,15
SBPP,10,9,quinta,5,4,100.00,-7.0,-2
SBSR,7,7,domingo,1,24,100.00,-7.9,-4
SBUR,11,11,quarta,4,42,92.50,-2.45,14
LFPG,5,,sabado,7,62,45.16,22.29,44
SBRF,21,21,sexta,6,176,71.17,14.85,54
SBTE,18,18,domingo,1,92,91.30,-3.76,12
SBBE,12,12,terca,3,117,86.33,2.76,22
LPPT,5,,sabado,7,82,50.62,20.36,46
SBMK,15,15,quinta,5,21,80.00,27.65,124
SBRF,6,6,segunda,2,30,100.00,-7.3,-3
OTHH,10,,quinta,5,12,,,
SBCA,10,10,terca,3,71,78.26,14.29,52
SBRP,20,20,terca,3,13,66.67,11.92,45
SBPV,17,16,terca,3,12,63.64,19.64,57
SBCG,15,14,sabado,7,9,66.67,11.22,71
SBEG,0,23,terca,3,57,87.50,52.55,25
SBPA,23,23,segunda,2,22,90.00,2.65,15
SBBE,20,20,domingo,1,129,78.57,11.98,43
DNMM,14,,quarta,4,6,66.67,170.33,599
SBPS,9,9,sabado,7,78,85.90,3.73,22
SBDO,10,9,quarta,4,4,100.00,1.75,8
EHAM,8,,quinta,5,42,95.12,-39.54,-16
SEQM,14,,sexta,6,26,,,
EDDF,18,,sexta,6,22,81.82,38.55,17
SABE,0,,sabado,7,47,59.52,63.95,222
SBAT,14,13,domingo,1,16,93.75,-5.38,7
SBPL,3,3,domingo,1,33,93.94,-6.76,5
SBPJ,4,4,quinta,5,52,98.08,-5.67,-1
KFLL,11,,segunda,2,16,87.50,-4.94,24
SBJP,10,10,segunda,2,27,77.78,3.89,21
KATL,19,,terca,3,4,75.00,29.25,127
SAEZ,2,,segunda,2,18,52.94,20.71,62
OTHH,11,,segunda,2,1,,,
KBOS,10,,quarta,4,14,50.00,23.86,60
SBGO,21,21,terca,3,4,75.00,4.0,17
SAAR,5,,segunda,2,2,,,
SPZO,18,,quarta,4,3,,,
SBCT,0,0,quarta,4,2,50.00,138.5,289
SKBO,8,,sexta,6,1,100.00,14.0,14
SBJP,20,20,quinta,5,1,100.00,13.0,13
MMMY,23,,domingo,1,1,0.00,19.0,19
SBKP,19,19,quinta,5,222,71.49,19.89,44
SBRF,16,16,quarta,4,301,76.25,9.1,37
SBCF,19,19,quarta,4,232,81.82,6.1,27
SBPV,18,17,sexta,6,35,70.59,9.47,36
SBSG,5,5,terca,3,84,93.98,-4.72,-1
SBGR,0,0,quarta,4,279,76.69,12.91,27
SBSV,9,9,sabado,7,203,90.96,-0.1,15
SBGO,17,17,quarta,4,97,80.41,5.21,25
SNDV,20,20,terca,3,14,91.67,-4.08,8
SBSN,14,14,quinta,5,71,92.86,3.71,9
EGLL,17,,quarta,4,81,80.25,8.43,29
SBGR,4,4,sexta,6,286,81.23,13.98,39
SBEG,4,3,domingo,1,178,96.07,-6.55,4
SBGR,1,1,quarta,4,311,82.72,11.01,36
SBSR,18,18,terca,3,13,76.92,19.23,43
SBCT,23,23,quarta,4,61,91.67,-3.35,4
SBCT,22,22,terca,3,101,86.87,1.64,28
SBSV,21,21,domingo,1,77,83.56,4.12,28
SBJP,12,12,quarta,4,78,83.33,10.78,30
SBRF,19,19,terca,3,151,85.33,9.14,26
SBGO,0,0,segunda,2,30,96.67,-6.63,1
SBTE,15,15,quarta,4,40,82.50,1.28,20
SBPS,5,5,sexta,6,15,92.86,-4.71,2
SBVT,12,12,terca,3,84,90.48,-0.06,15
SCEL,21,,terca,3,45,71.11,19.0,48
KJFK,23,,quinta,5,19,68.42,86.0,89
SBVT,6,6,terca,3,165,95.68,-2.52,0
SBJP,13,13,quinta,5,58,71.93,9.35,35
SAEZ,18,,quinta,5,65,68.42,18.61,51
SBUA,14,13,quinta,5,18,88.89,-3.89,22
SBMA,4,4,terca,3,80,96.25,-8.69,-3
KSEA,13,,quinta,5,16,0.00,255.5,376
SBNF,1,1,segunda,2,17,88.24,-8.65,17
SBGO,9,9,sexta,6,103,79.41,8.43,23
MPTO,0,,domingo,1,60,94.23,-2.46,2
SAME,13,,segunda,2,12,75.00,7.5,29
SBIL,10,10,sexta,6,66,68.18,10.45,42
SBJU,18,18,quarta,4,10,80.00,5.0,33
SBRP,7,7,quinta,5,20,90.00,1.35,0
SNBA,12,12,terca,3,17,86.67,-2.0,35
SBSL,12,12,quarta,4,10,80.00,5.3,20
SBUL,1,1,quinta,5,1,0.00,20.0,20
SABE,21,,segunda,2,18,100.00,-6.89,-1
SPJC,6,,sexta,6,1,100.00,-17.0,-17
SBIL,13,13,sabado,7,4,50.00,7.75,33
SBMK,20,20,terca,3,16,75.00,5.88,68
SBCG,13,12,terca,3,14,76.92,7.31,31
SABE,23,,sexta,6,4,100.00,6.0,14
SBUR,10,10,segunda,2,12,100.00,-4.73,11
SEQM,11,,sexta,6,1,0.00,437.0,437
EBBR,1,,terca,3,1,100.00,2.0,2
SWPI,0,23,segunda,2,1,100.00,-16.0,-16
SGAS,23,,quarta,4,1,,,
KMIA,4,,terca,3,1,100.00,-11.0,-11
SBNF,11,11,quinta,5,148,91.78,-2.52,15
SBSP,12,12,sexta,6,878,75.49,9.88,30
SBNF,15,15,quarta,4,55,87.27,3.38,25
SBCF,13,13,segunda,2,377,78.32,7.25,32
SBCF,18,18,quarta,4,412,78.12,10.81,39
SBMO,5,5,sabado,7,102,98.04,-4.63,3
SBCY,8,7,sexta,6,41,94.29,3.23,0
SBPA,13,13,segunda,2,178,90.45,4.07,15
KMIA,0,,sabado,7,57,76.36,102.4,54
SBGR,23,23,domingo,1,1674,56.18,49.07,46
SBGR,9,9,sabado,7,1595,74.15,12.24,30
SBGO,13,13,quarta,4,33,90.91,5.36,14
SABE,20,,sexta,6,66,72.58,14.47,34
LFPG,8,,domingo,1,112,59.82,19.72,42
SBSV,10,10,domingo,1,174,88.37,0.9,19
SCEL,6,,sexta,6,148,84.03,14.92,26
SBCF,21,21,quinta,5,372,82.39,4.86,26
SBPL,15,15,domingo,1,9,100.00,-14.33,-2
SCEL,12,,quinta,5,85,76.83,24.32,40
SBPA,15,15,segunda,2,228,80.70,5.65,28
SBVT,19,19,segunda,2,161,74.05,8.98,38
SBCF,15,15,sexta,6,358,76.84,8.66,35
SBUL,20,20,sexta,6,94,70.00,7.56,34
SBCT,18,18,sabado,7,103,91.18,-1.54,12
SBCT,6,6,sabado,7,303,94.93,-1.9,4
SKBO,10,,quarta,4,39,66.67,12.08,33
SBSV,10,10,sabado,7,242,91.70,4.88,13
SBFI,4,4,sexta,6,58,92.86,1.5,8
SABE,10,,terca,3,96,91.58,-0.48,12
LPPT,10,,domingo,1,44,63.64,12.55,28
SBRJ,19,19,domingo,1,222,86.11,2.46,20
SCEL,21,,sabado,7,51,76.47,10.45,40
MPTO,23,,sexta,6,104,92.00,7.14,13
EDDF,16,,quarta,4,106,70.46,12.33,41
LEMD,9,,quinta,5,62,70.49,20.38,66
SABE,10,,domingo,1,143,87.32,6.76,20
SBSI,16,15,quinta,5,39,89.74,-0.46,24
SBVT,14,14,domingo,1,50,70.00,13.12,34
SUMU,19,,quarta,4,44,97.62,-19.81,13
SBSP,22,22,sabado,7,47,93.62,-4.36,5
GVAC,11,,quinta,5,6,16.67,277.83,1011
KMCO,13,,quinta,5,21,57.14,18.48,44
SBPP,11,10,quarta,4,6,80.00,0.4,24
SBCF,3,3,sabado,7,68,82.35,2.91,24
SACO,13,,quarta,4,30,63.33,8.87,34
SBRF,6,6,quinta,5,69,98.53,-5.71,-1
SBPV,13,12,segunda,2,31,93.33,-4.53,7
SBUR,11,11,domingo,1,22,81.82,5.59,19
OTHH,20,,sabado,7,8,66.67,81.33,252
KMIA,15,,domingo,1,88,7.69,381.33,1119
SBMQ,18,18,sexta,6,18,88.89,-2.11,19
LPPR,8,,quarta,4,35,58.82,24.32,70
SBSL,20,20,quarta,4,20,88.89,0.17,27
SBDN,16,16,quinta,5,15,93.33,-4.33,5
SBTE,19,19,sabado,7,12,81.82,-0.27,29
SBSN,0,0,quinta,5,5,100.00,-13.6,4
SBPF,12,12,quinta,5,12,91.67,-3.83,-5
SBPK,17,17,sexta,6,22,90.91,-2.27,11
SBPJ,17,17,quinta,5,40,87.50,6.38,22
SBCG,5,4,segunda,2,30,100.00,-6.86,-3
SBFZ,1,1,domingo,1,13,100.00,-5.23,1
SBPF,19,19,segunda,2,5,100.00,-11.75,-7
KIAH,20,,quinta,5,18,66.67,8.22,24
SBIP,20,20,sexta,6,48,91.67,4.6,13
SBJA,10,10,quarta,4,12,90.91,-1.91,4
EHAM,17,,domingo,1,9,,,
SACO,15,,quinta,5,6,50.00,13.5,31
SDLO,15,,sexta,6,4,100.00,-1445.0,-1440
SEQM,14,,sabado,7,17,47.06,82.35,220
SBCJ,16,16,domingo,1,12,90.91,-11.64,-4
SPJC,4,,quarta,4,1,0.00,129.0,129
LIRF,5,,quinta,5,2,100.00,-9.0,0
SBAT,17,16,domingo,1,20,78.95,5.84,41
LFPO,4,,segunda,2,2,100.00,-3.5,-2
SBFI,23,23,sexta,6,5,80.00,7.6,66
SEQM,23,,terca,3,4,,,
SBAR,9,9,terca,3,7,100.00,-0.57,4
SBFI,3,3,domingo,1,2,100.00,-1.5,0
SBPL,15,15,sexta,6,4,100.00,-9.75,-1
SBGR,4,4,domingo,1,152,59.73,49.4,93
SBPA,11,11,sexta,6,220,85.19,9.83,25
SBSL,4,4,sexta,6,115,96.49,-4.25,8
SBMA,5,5,terca,3,40,97.44,-3.1,0
SBSV,23,23,terca,3,98,87.76,0.48,21
SBKP,20,20,quinta,5,160,79.75,10.86,45
SBBR,23,23,quinta,5,172,88.17,0.64,18
SBGO,5,5,domingo,1,184,98.36,-6.45,-1
SBSV,13,13,quinta,5,140,84.09,3.2,32
SBKP,7,7,sabado,7,341,83.53,9.92,31
SBKP,16,16,quarta,4,244,69.30,198.03,334
SBCF,1,1,terca,3,34,91.18,1.47,14
SBCH,6,6,quarta,4,57,100.00,-9.11,-5
SBCY,12,11,segunda,2,162,90.00,-0.28,15
SBFL,6,6,domingo,1,81,97.47,-0.89,0
SABE,9,,terca,3,77,74.03,10.4,31
SBSV,15,15,segunda,2,412,86.17,4.38,23
LIRF,17,,domingo,1,75,49.15,18.36,58
OTHH,2,,quarta,4,16,93.33,3.73,14
SBAR,10,10,quarta,4,70,87.14,2.9,18
SBCF,18,18,sexta,6,440,72.88,13.71,40
SBVT,7,7,terca,3,62,93.55,-3.81,4
SBRJ,16,16,segunda,2,117,87.72,2.19,23
SAEZ,11,,terca,3,68,86.36,22.41,35
SBPB,15,15,sabado,7,46,91.11,-2.02,10
SBGO,16,16,quinta,5,36,86.11,5.33,50
SOCA,17,,sexta,6,53,88.24,-14.47,20
SAEZ,2,,quinta,5,65,56.00,15.8,44
SUMU,8,,terca,3,35,96.15,-33.69,-5
GOBD,18,,segunda,2,1,0.00,184.0,184
SBBE,0,0,quinta,5,77,90.91,3.7,15
PANC,0,,quinta,5,33,81.82,16.61,27
SBSR,8,8,segunda,2,73,87.50,0.21,18
SBBE,11,11,sabado,7,84,84.52,6.43,21
SBSG,4,4,sabado,7,100,98.98,-6.53,-1
LPPT,20,,domingo,1,44,53.49,20.77,46
SBFZ,23,23,segunda,2,35,62.86,10.29,32
SBFL,23,23,quinta,5,61,88.33,5.88,37
SBCX,12,12,sexta,6,53,94.12,-5.25,4
SBCG,5,4,sexta,6,7,100.00,-7.86,-4
SPJC,3,,quinta,5,16,43.75,32.69,69
SBIZ,15,15,quinta,5,12,100.00,-9.42,-4
SBPK,19,19,segunda,2,52,86.00,3.32,19
TNCC,0,,quinta,5,8,100.00,-7.86,8
LIRF,6,,segunda,2,14,57.14,49.0,173
SUMU,13,,domingo,1,78,89.47,0.11,16
SBLO,19,19,quarta,4,89,82.76,6.94,24
SAEZ,12,,segunda,2,56,91.07,8.04,12
SBVG,10,10,segunda,2,33,58.07,15.32,44
SBCH,16,16,quinta,5,13,84.62,-0.08,30
SBMG,17,17,quarta,4,6,66.67,10.67,37
SBBE,21,21,quarta,4,54,46.15,98.65,360
SBGL,2,2,quinta,5,19,84.21,3.79,28
SBSR,16,16,segunda,2,24,95.65,0.87,14
SBPL,11,11,quarta,4,15,85.71,-1.36,18
SNLN,14,14,segunda,2,18,88.24,-2.71,20
SPJC,10,,sexta,6,9,100.00,-8.33,3
SPJC,23,,segunda,2,45,84.44,8.96,17
SGAS,11,,sabado,7,25,64.00,19.08,36
SAAR,9,,quinta,5,9,87.50,-1.38,40
SBCG,4,3,terca,3,3,100.00,-7.67,-7
SBVT,13,13,domingo,1,17,82.35,10.12,71
SBJE,16,16,sexta,6,51,82.00,2.1,21
EGLL,19,,sexta,6,22,95.46,3.05,10
SGAS,15,,terca,3,27,96.30,-3.52,2
SBJE,1,1,sexta,6,1,100.00,0.0,0
LFPO,17,,terca,3,1,100.00,-13.0,-13
SBPS,7,7,terca,3,4,100.00,-4.0,0
SBKG,0,0,quinta,5,2,100.00,-9.0,-8
SBCN,15,15,segunda,2,6,100.00,-7.83,4
SBJP,6,6,terca,3,1,100.00,-2.0,-2
EBLG,2,,terca,3,1,100.00,-16.0,-16
SBVC,11,11,terca,3,1,100.00,-16.0,-16
SNCL,8,,segunda,2,4,100.00,-17.5,-15
KFLL,23,,sexta,6,1,100.00,-20.0,-20
SBSP,20,20,sabado,7,268,94.76,-4.45,7
SBSP,6,6,quinta,5,1038,96.19,-1.12,8
SBBR,9,9,quarta,4,1096,93.01,1.5,11
SEQM,17,,quarta,4,57,66.67,86.32,105
SBFZ,10,10,quinta,5,160,92.50,1.36,10
SBRB,2,0,sexta,6,53,98.11,-5.57,8
SBSP,15,15,domingo,1,748,77.70,10.15,33
SBCF,23,23,sabado,7,508,91.43,-0.24,14
SBGL,7,7,sexta,6,826,90.82,2.55,15
SBGR,18,18,sabado,7,814,72.31,17.39,39
SBCT,19,19,segunda,2,351,77.30,8.96,43
SABE,14,,segunda,2,134,76.52,14.38,41
SBRB,2,0,terca,3,84,86.91,2.42,30
SBPO,14,14,domingo,1,36,85.71,0.97,35
SNGI,11,11,quarta,4,25,92.00,-2.4,14
SBKP,15,15,sexta,6,244,81.44,8.79,37
SBPS,8,8,quarta,4,84,90.48,-2.38,13
SBEG,14,13,domingo,1,53,92.45,-3.85,7
SABE,22,,quinta,5,57,96.43,-4.98,5
SBSI,11,10,sexta,6,38,94.74,-1.89,6
SBFL,21,21,quinta,5,64,79.31,14.05,38
SBCH,17,17,quinta,5,82,85.19,3.28,26
SBAE,10,10,sabado,7,46,84.44,3.78,34
SBVT,9,9,terca,3,152,90.00,2.41,15
SBBR,14,14,segunda,2,473,88.91,2.28,19
SBJV,13,13,domingo,1,34,96.97,-2.58,5
SBCG,11,10,terca,3,101,81.19,4.97,33
SBCT,14,14,sexta,6,152,75.66,9.42,34
SBNM,16,16,sabado,7,12,100.00,-9.5,-2
SBCF,3,3,terca,3,16,87.50,15.63,180
SBSI,14,13,quarta,4,27,100.00,-6.85,4
SBEG,16,15,domingo,1,137,75.76,95.57,208
SBFI,17,17,quinta,5,102,72.55,8.52,41
SABE,5,,segunda,2,63,80.95,8.89,29
SWKO,9,8,quarta,4,1,100.00,0.0,0
SBMO,8,8,terca,3,40,95.00,-9.0,-2
OTHH,2,,segunda,2,14,78.57,33.07,43
SKBO,12,,sexta,6,46,82.61,-40.85,69
SBDB,18,17,sabado,7,27,88.89,1.07,17
SBSR,8,8,sexta,6,71,84.29,4.13,22
SBRJ,16,16,quinta,5,129,79.37,6.44,31
SBIL,18,18,sexta,6,39,78.38,7.92,40
SBGV,15,15,quinta,5,51,73.47,12.43,60
SBSV,3,3,sabado,7,69,95.52,-3.06,6
SNZR,16,16,terca,3,17,93.75,-2.0,5
SAME,3,,domingo,1,26,92.31,-2.08,12
SBBV,14,13,terca,3,24,87.50,0.58,24
KIAD,23,,terca,3,24,66.67,43.92,39
SBNF,18,18,sabado,7,15,86.67,-13.13,18
SBAR,10,10,quinta,5,67,89.55,2.28,19
SBMG,9,9,sabado,7,27,81.48,4.26,27
SBDB,14,13,quinta,5,11,100.00,-5.09,1
ELLX,6,,domingo,1,45,6.82,247.57,563
SBJV,13,13,sexta,6,22,86.36,2.59,29
KIAD,23,,segunda,2,25,80.00,12.52,34
SBRB,16,14,domingo,1,52,96.00,-0.26,-1
SBJV,8,8,quarta,4,30,86.67,-0.07,19
DNMM,3,,quarta,4,12,,,
SPJC,11,,quarta,4,69,95.65,-3.16,3
SUMU,4,,terca,3,12,91.67,-2.58,0
SBJU,3,3,segunda,2,18,77.78,3.22,25
SBCJ,12,12,sexta,6,12,91.67,-12.67,8
SBCF,3,3,domingo,1,4,100.00,-4.5,7
SBSL,12,12,domingo,1,8,100.00,-3.13,9
SBJR,17,17,quarta,4,18,64.71,19.59,121
SBMG,12,12,domingo,1,5,100.00,-4.4,3
SBLE,13,13,domingo,1,8,71.43,7.43,20
SBVT,3,3,quinta,5,12,100.00,-4.92,3
LTFM,9,,segunda,2,7,14.29,96.71,242
SBRF,0,0,domingo,1,12,91.67,-1.58,7
SAME,13,,quarta,4,12,58.33,14.58,32
SBVT,3,3,sabado,7,6,100.00,-9.83,-5
SBRB,12,10,sabado,7,9,100.00,-4.33,15
EGSS,6,,quinta,5,1,0.00,44.0,44
SBPS,5,5,quinta,5,10,88.89,13.33,172
KFLL,23,,sabado,7,2,100.00,-19.5,-15
LIRF,6,,quarta,4,18,76.47,9.65,31
SGAS,8,,quarta,4,1,,,
SBBW,17,16,terca,3,1,100.00,-5.0,-5
KMCO,13,,terca,3,1,0.00,108.0,108
SBSG,21,21,terca,3,2,100.00,-9.0,-8
GOBD,13,,terca,3,1,0.00,57.0,57
SBVT,5,5,quarta,4,158,98.09,-5.7,-1
SBSP,8,8,quarta,4,951,92.51,1.58,13
SAEZ,23,,sexta,6,81,66.67,47.82,134
SBJP,18,18,domingo,1,106,82.08,3.25,28
SBCF,12,12,segunda,2,500,87.83,3.23,21
SBMK,9,9,terca,3,50,80.00,11.64,24
SABE,22,,sexta,6,82,86.42,2.01,26
SBSP,7,7,terca,3,857,92.97,1.58,13
SBBE,6,6,quinta,5,123,95.94,-5.62,1
SKBO,18,,terca,3,62,87.10,4.53,16
SBFL,22,22,domingo,1,52,82.22,5.47,44
SBIP,12,12,sabado,7,51,82.00,8.18,42
SBPS,12,12,sabado,7,86,88.37,8.03,22
SBCH,19,19,sabado,7,38,81.08,10.7,47
SBSL,4,4,domingo,1,100,94.00,-5.06,6
KMIA,20,,terca,3,52,37.50,244.25,745
SBRB,12,10,quarta,4,61,88.53,2.07,16
SBJU,12,12,sabado,7,49,83.67,1.02,27
SNCL,13,,quinta,5,34,96.67,-3.57,0
SBPS,11,11,terca,3,84,83.95,2.42,21
SBFL,9,9,segunda,2,104,88.42,2.73,17
SBFI,17,17,sexta,6,95,75.79,10.22,43
MMMX,21,,terca,3,47,86.96,4.39,27
SBMG,11,11,quinta,5,22,80.95,5.43,39
SBMK,20,20,domingo,1,18,83.33,13.67,144
SBSV,17,17,sexta,6,251,84.00,5.38,26
SABE,20,,quarta,4,77,75.00,12.37,49
SBFL,19,19,sabado,7,141,82.09,5.93,34
SBSG,3,3,quarta,4,112,92.79,-4.02,6
SLVR,13,,quarta,4,49,87.76,-0.1,16
SBSN,15,15,terca,3,56,92.73,11.11,13
SCEL,11,,quarta,4,96,86.17,4.51,22
SBFZ,12,12,domingo,1,223,83.64,4.41,21
KMIA,4,,domingo,1,23,33.33,235.89,818
SBGO,20,20,sabado,7,84,88.10,0.54,18
SBCG,20,19,sexta,6,102,79.41,5.0,29
SBRP,9,9,quarta,4,84,90.12,-0.67,14
SBMK,6,6,quarta,4,51,98.04,-9.16,-3
SBIL,15,15,quarta,4,52,92.16,-6.29,3
SNCL,15,,sexta,6,8,100.00,-11.5,4
SBRP,5,5,segunda,2,59,92.73,-4.35,14
SBFN,15,16,quarta,4,51,90.00,-4.9,7
OTHH,17,,sabado,7,23,25.00,41.0,71
MPTO,20,,sabado,7,28,75.00,6.04,39
SBBV,2,1,quinta,5,31,93.55,-5.19,-1
SBTE,5,5,segunda,2,33,100.00,-6.0,-1
SBCF,5,5,sabado,7,69,95.59,-2.44,8
SKBO,9,,quarta,4,30,80.00,8.77,32
SBFZ,0,0,sabado,7,68,91.05,-1.66,14
KMIA,12,,sabado,7,16,26.67,259.47,941
SBGO,23,23,segunda,2,6,83.33,11.0,65
SBJU,3,3,terca,3,14,64.29,25.29,57
SBIL,10,10,quinta,5,62,83.87,1.31,21
SBCJ,12,12,domingo,1,50,89.58,0.94,21
SBCY,21,20,sexta,6,2,100.00,-11.5,-9
KMIA,22,,domingo,1,11,81.82,75.18,289
SBKG,17,17,sabado,7,16,73.33,-0.6,31
SBAR,9,9,sexta,6,8,100.00,-6.63,-2
MDPC,11,,domingo,1,14,,,
SBVC,16,16,segunda,2,41,87.81,3.61,24
SBJV,15,15,sabado,7,19,78.95,10.0,98
LEZG,9,,sabado,7,1,0.00,102.0,102
SBFI,12,12,domingo,1,58,94.83,0.72,9
SBSV,22,22,quinta,5,17,70.59,9.82,66
SBBV,4,3,terca,3,18,100.00,-8.89,-5
SBMO,10,10,segunda,2,17,88.24,-0.71,44
SBFZ,8,8,quarta,4,8,100.00,-3.75,4
SBPS,5,5,domingo,1,7,100.00,-6.86,-2
SBPF,9,9,quinta,5,17,68.75,23.63,63
SBCN,12,12,segunda,2,7,100.00,-6.71,6
FAOR,4,,segunda,2,27,74.07,8.7,30
SBPL,6,6,quinta,5,6,100.00,-8.17,1
SBSL,13,13,terca,3,3,33.33,32.67,78
SUMU,23,,sexta,6,1,100.00,8.0,8
SAEZ,15,,sabado,7,8,62.50,46.5,196
EDDM,6,,quarta,4,5,75.00,3.25,16
LTFM,5,,quarta,4,7,28.57,174.43,661
SBBE,21,21,segunda,2,2,100.00,3.0,11
SBGR,14,14,quinta,5,1001,78.86,9.25,28
SBSV,10,10,terca,3,219,92.69,0.68,12
SBSP,7,7,sabado,7,855,91.97,2.64,13
SBRF,21,21,segunda,2,149,65.04,19.58,62
SBJP,18,18,segunda,2,84,74.70,10.23,41
SBRP,14,14,domingo,1,39,74.36,12.72,45
SBGR,6,6,terca,3,560,81.80,16.26,34
SBSP,21,21,segunda,2,740,77.61,6.49,32
SBEG,4,3,quinta,5,247,88.56,14.71,26
SABE,14,,quarta,4,144,84.40,3.33,22
SBKP,22,22,quarta,4,552,70.95,12.04,44
SBRJ,13,13,terca,3,334,84.78,5.37,29
SBSP,11,11,terca,3,865,81.65,7.52,23
SBRF,16,16,sabado,7,313,85.71,5.55,28
SBFZ,14,14,segunda,2,591,91.14,0.4,14
SBCG,6,5,sexta,6,137,97.78,-3.44,1
SBPA,19,19,sabado,7,147,84.25,4.34,25
SBRF,8,8,quinta,5,412,93.14,-1.04,10
SBVT,15,15,segunda,2,135,77.04,10.32,45
LIMC,8,,segunda,2,52,62.75,14.33,43
LIRF,17,,quinta,5,73,29.31,67.72,84
SBBR,22,22,quarta,4,172,86.63,2.11,23
SCEL,14,,terca,3,159,86.71,4.69,21
SBDO,9,8,terca,3,18,70.59,15.88,36
SBCG,6,5,sabado,7,147,97.26,-4.73,2
SBGR,4,4,sabado,7,254,78.92,10.39,43
SABE,14,,domingo,1,178,68.21,20.88,64
SKBO,23,,quinta,5,143,68.79,21.94,61
SBPJ,11,11,domingo,1,61,91.80,-0.11,10
SGAS,18,,quinta,5,51,76.47,6.49,35
SCEL,7,,segunda,2,95,93.68,3.26,14
CYYZ,23,,sabado,7,32,64.52,-1.39,77
SBSV,4,4,quarta,4,130,97.64,-1.8,1
FAOR,9,,sexta,6,9,100.00,-5.89,5
SBCG,17,16,quarta,4,14,42.86,27.79,44
SBCT,8,8,quinta,5,137,85.04,13.4,40
SBSN,17,17,sexta,6,49,87.50,2.67,35
SBCY,19,18,segunda,2,72,78.57,5.66,36
SBMG,15,15,sabado,7,113,93.69,-1.66,10
SBCT,14,14,sabado,7,124,85.12,4.9,18
GVAC,21,,sabado,7,22,0.00,143.58,246
SBMQ,15,15,quinta,5,43,95.35,0.14,-1
SBGO,10,10,sexta,6,216,81.22,10.71,26
SBCY,8,7,segunda,2,42,90.24,3.2,9
SBCT,20,20,segunda,2,121,87.18,-0.51,19
SBMO,12,12,quarta,4,148,80.27,6.84,30
SBAT,17,16,terca,3,20,75.00,7.1,38
SBCG,10,9,quinta,5,42,85.37,8.51,26
KJFK,22,,domingo,1,26,50.00,68.04,136
SBMQ,18,18,segunda,2,29,86.21,-1.72,26
SBSR,11,11,domingo,1,82,80.25,7.44,30
LPPT,15,,quinta,5,21,80.95,3.62,20
SGAS,8,,domingo,1,19,94.74,-9.11,8
SBPL,10,10,quarta,4,67,89.55,2.67,20
SBJR,11,11,terca,3,43,74.19,16.9,50
SKBO,19,,quarta,4,39,82.05,13.64,50
SBVT,7,7,sabado,7,18,94.12,-3.94,8
MDPC,20,,sabado,7,36,12.50,46.88,127
SBTF,15,14,quarta,4,8,87.50,2.25,68
SBNF,5,5,quarta,4,63,98.39,-6.16,0
KMIA,5,,segunda,2,16,16.67,127.67,321
SBNF,6,6,domingo,1,64,89.06,9.97,27
LIRF,17,,sabado,7,56,44.19,44.42,100
SBBE,22,22,segunda,2,3,33.33,44.33,78
SACO,16,,sexta,6,6,83.33,-1.17,26
SGES,9,,domingo,1,31,46.15,147.54,382
SBJV,6,6,terca,3,22,90.91,-1.18,-4
SBPA,4,4,sabado,7,20,100.00,-6.35,-2
SBBR,3,3,terca,3,6,100.00,-5.0,-3
SBGL,4,4,terca,3,23,95.65,0.17,-1
SBUR,16,16,quinta,5,9,100.00,-3.89,11
SBEG,6,5,segunda,2,5,60.00,290.8,1490
SBBE,8,8,sexta,6,8,100.00,-5.13,6
SBFI,23,23,segunda,2,4,100.00,5.75,15
SBGL,2,2,quarta,4,28,85.71,3.71,42
SBLO,4,4,sexta,6,1,100.00,-10.0,-10
ELLX,16,,segunda,2,6,,,
EDDF,14,,segunda,2,1,100.00,2.0,2
LSZH,18,,quarta,4,21,72.22,16.06,34
SKBO,13,,terca,3,1,0.00,749.0,749
SBZM,13,13,quinta,5,12,91.67,-3.92,0
KMIA,19,,quarta,4,13,88.89,8.44,86
SBKP,0,0,sabado,7,10,77.78,7.33,52
SBAR,23,23,terca,3,1,100.00,-10.0,-10
GMMN,0,,sexta,6,1,0.00,45.0,45
SBMG,20,20,quarta,4,5,75.00,25.0,119
LTFM,3,,domingo,1,12,100.00,2.92,10
OMDW,22,,segunda,2,1,100.00,-5.0,-5
GVAC,12,,sexta,6,1,0.00,75.0,75
SBSL,7,7,segunda,2,1,100.00,-9.0,-9
SNSS,11,11,domingo,1,1,100.00,-22.0,-22
SBAE,11,11,terca,3,1,100.00,-14.0,-14
SEQM,22,,sexta,6,1,,,
GVAC,17,,quarta,4,10,40.00,18.4,34
SBGR,20,20,sabado,7,594,73.70,15.9,33
SABE,14,,sabado,7,132,76.92,15.25,52
SBSP,6,6,quarta,4,1061,94.72,-0.39,10
SBPF,18,18,terca,3,28,81.48,5.11,28
SBPS,14,14,terca,3,85,84.15,2.78,21
OMDW,22,,quinta,5,2,100.00,-5.0,-5
SBAR,19,19,sabado,7,80,79.22,8.12,38
MPTO,23,,domingo,1,99,86.60,0.05,22
SBRJ,18,18,quinta,5,212,82.76,7.85,35
SBJP,11,11,domingo,1,109,90.83,3.61,15
SBFZ,15,15,terca,3,62,86.89,18.92,19
EDDF,16,,terca,3,69,91.67,0.79,14
SBCY,3,2,sabado,7,173,86.75,2.13,26
SBIL,17,17,sexta,6,74,82.43,2.18,33
SAME,12,,segunda,2,22,86.36,0.36,17
MDPC,11,,segunda,2,4,,,
SBVT,18,18,segunda,2,124,81.15,10.21,29
SBGR,2,2,quarta,4,101,68.42,19.06,81
SBCJ,13,13,sexta,6,51,90.00,8.42,15
SBCT,13,13,sabado,7,95,88.04,3.05,19
SAEZ,23,,domingo,1,74,73.97,12.79,60
SBAU,15,15,domingo,1,16,87.50,-0.56,17
SBCG,18,17,sabado,7,32,84.38,3.16,24
SBIZ,3,3,sexta,6,76,84.00,-0.71,21
SBPS,15,15,quinta,5,88,72.73,17.68,63
SABE,16,,sexta,6,87,65.88,25.01,94
SPJC,15,,sabado,7,39,92.31,5.18,13
SBJV,14,14,quarta,4,24,95.65,-0.52,12
SBMG,6,6,terca,3,91,93.41,-0.11,8
SBJE,13,13,segunda,2,52,92.31,0.62,8
LFPG,18,,domingo,1,30,83.33,31.3,19
MPTO,18,,segunda,2,54,96.30,-2.54,0
SSGY,11,11,quinta,5,49,82.93,10.34,58
SBSG,22,22,sabado,7,23,95.65,-10.26,9
SBSL,6,6,segunda,2,4,100.00,-9.75,-2
SNCL,12,,quarta,4,14,100.00,-13.5,-5
KMIA,4,,quinta,5,9,80.00,36.8,175
GVAC,15,,quinta,5,2,0.00,186.5,283
SBUL,18,18,quinta,5,12,75.00,21.83,48
LEMD,6,,sabado,7,47,31.03,35.31,94
SBPA,23,23,quinta,5,17,80.00,12.8,29
SBAR,18,18,segunda,2,31,87.10,1.29,24
SBCX,11,11,quinta,5,21,89.47,-1.53,48
SBTE,15,15,sexta,6,40,75.00,15.13,54
SNBR,11,11,sabado,7,48,89.36,-2.6,16
SBCA,10,10,segunda,2,52,77.55,12.22,65
SBJU,12,12,sexta,6,29,79.31,8.66,29
SBJE,17,17,quarta,4,29,89.66,-3.76,18
KEWR,20,,sabado,7,4,0.00,30.25,38
KORD,20,,sexta,6,22,31.82,87.14,174
SBCG,9,8,quarta,4,5,100.00,-5.4,4
SBIL,12,12,domingo,1,33,90.91,0.42,11
SGAS,3,,terca,3,10,88.89,23.11,222
LFPG,18,,sexta,6,31,74.19,9.81,20
SBVT,3,3,sexta,6,14,92.86,-4.86,-1
SLVR,14,,terca,3,17,,,
HAAB,3,,quinta,5,51,31.25,31.66,47
SCEL,15,,quarta,4,38,81.58,29.34,117
SBIZ,11,11,terca,3,10,90.00,0.0,0
SGAS,13,,domingo,1,52,88.00,5.64,17
SBJV,12,12,sabado,7,15,86.67,14.33,65
SBSJ,7,7,domingo,1,1,100.00,-1137.0,-1137
KMIA,5,,domingo,1,4,25.00,33.5,109
SWPI,4,3,sexta,6,1,100.00,10.0,10
SBLO,18,18,terca,3,32,75.00,13.69,101
SBPL,5,5,segunda,2,18,100.00,-7.44,-1
SBEG,8,7,segunda,2,34,84.85,3.58,24
SACO,13,,terca,3,11,40.00,39.1,45
SBFL,1,1,domingo,1,14,85.71,-2.14,25
EDDM,6,,segunda,2,5,100.00,-2.0,1
SBPJ,23,23,terca,3,4,100.00,-0.5,8
SBDN,11,11,quarta,4,1,100.00,-11.0,-11
SNCL,17,,sabado,7,4,100.00,-12.5,0
SBPJ,15,15,terca,3,1,100.00,-6.0,-6
SBFL,3,3,quarta,4,1,100.00,-11.0,-11
SAWH,15,,segunda,2,4,100.00,4.0,6
SBMQ,16,16,quarta,4,3,100.00,-5.33,0
GVAC,8,,domingo,1,1,100.00,6.0,6
KFLL,11,,terca,3,2,100.00,-13.0,-8
SBUL,16,16,sabado,7,5,60.00,41.2,116
SBLO,4,4,terca,3,1,100.00,-10.0,-10
SBAR,23,23,sabado,7,1,100.00,10.0,10
SBKG,1,1,sexta,6,4,100.00,-7.25,-4
SKBO,22,,quinta,5,1,0.00,78.0,78
SBVT,14,14,segunda,2,83,75.31,15.37,60
CYYZ,1,,quarta,4,12,41.67,63.67,130
SBGL,15,15,quinta,5,378,88.30,5.01,20
SBCF,14,14,quinta,5,373,81.67,8.56,34
SUMU,13,,terca,3,69,83.82,2.53,20
SCEL,11,,terca,3,103,91.09,3.81,13
SBRP,19,19,sabado,7,64,84.13,5.57,29
SBIP,17,17,terca,3,37,78.38,18.24,108
FNLU,6,,quarta,4,9,88.89,12.89,77
SBFZ,11,11,sabado,7,159,83.44,12.29,32
SBSJ,19,19,quarta,4,22,100.00,-5.14,9
SABE,4,,terca,3,74,94.60,-1.2,6
SBPA,1,1,sexta,6,47,89.36,-1.43,16
SBJP,3,3,sexta,6,109,80.56,6.19,30
SBPV,11,10,domingo,1,40,97.50,-8.98,-2
SBTE,21,21,quarta,4,49,95.92,-7.67,3
SSOU,11,,segunda,2,51,91.67,4.67,15
SBCY,16,15,quinta,5,66,90.91,-0.79,11
SBJU,5,5,quinta,5,83,91.46,0.07,2
SBGL,21,21,quinta,5,662,79.70,49.32,53
SBRD,15,14,domingo,1,35,82.86,16.54,48
SAZS,15,,domingo,1,9,57.14,6.57,37
SACO,2,,sexta,6,35,100.00,-6.53,-1
SBFI,7,7,domingo,1,15,66.67,12.2,50
SBNF,14,14,segunda,2,132,84.80,3.77,23
SBGO,22,22,terca,3,28,67.86,14.0,85
KMIA,4,,quarta,4,12,83.33,4.0,24
SAZS,15,,quarta,4,8,87.50,7.38,92
SBSR,18,18,quarta,4,13,61.54,18.77,99
LEMD,10,,terca,3,15,50.00,57.67,174
KIAH,22,,terca,3,22,36.36,60.95,75
SBFZ,20,20,quinta,5,79,94.81,-0.01,13
SBPV,1,0,terca,3,27,92.59,8.44,15
SBVG,10,10,sexta,6,31,71.43,12.14,35
KJFK,0,,sabado,7,55,67.31,60.58,77
GOBD,11,,segunda,2,1,0.00,48.0,48
SCEL,11,,segunda,2,50,85.71,-0.14,23
OTHH,18,,sabado,7,30,26.09,25.3,53
SDOW,16,16,segunda,2,24,57.14,16.38,47
LTFM,13,,segunda,2,18,77.78,28.94,52
SBCN,14,14,domingo,1,39,100.00,-9.82,-3
KMIA,8,,domingo,1,35,78.79,10.67,47
MDPC,0,,segunda,2,8,87.50,17.13,185
SBCX,13,13,sexta,6,35,93.55,-4.23,5
SKBO,2,,sexta,6,1,100.00,-4.0,-4
SBGV,9,9,quinta,5,36,86.11,1.03,30
SBGO,7,7,terca,3,15,100.00,-16.56,13
SBTE,21,21,domingo,1,46,93.48,-6.57,7
SNTS,10,10,sexta,6,31,88.89,0.63,24
SCEL,9,,segunda,2,23,91.30,2.3,14
KBOS,10,,quinta,5,34,50.00,50.35,80
KFLL,10,,domingo,1,29,72.41,10.93,87
SBNF,7,7,quarta,4,36,86.11,11.58,124
SBCH,20,20,terca,3,42,70.73,6.8,37
SKBO,17,,terca,3,5,100.00,2.4,13
SBMA,3,3,quinta,5,31,100.00,-6.97,-1
EHAM,6,,segunda,2,22,59.09,26.91,63
SBBV,4,3,domingo,1,16,100.00,-8.31,-5
SBCG,9,8,quinta,5,5,40.00,67.0,186
SBMG,12,12,sabado,7,12,83.33,-1.83,21
SBJU,0,0,sabado,7,32,93.55,-3.52,2
SBPJ,14,14,segunda,2,16,100.00,-5.06,5
SBJP,1,1,quinta,5,1,100.00,-1.0,-1
SBPA,1,1,segunda,2,52,86.54,0.02,17
KEWR,20,,sexta,6,4,75.00,33.0,144
SGAS,19,,segunda,2,1,100.00,-18.0,-18
SBVC,9,9,domingo,1,12,91.67,3.42,15
SGAS,19,,domingo,1,4,0.00,606.25,1218
SBSO,11,10,sexta,6,14,76.92,-0.38,21
TNCC,23,,quarta,4,4,75.00,-7.0,32
SBGO,21,21,quarta,4,1,100.00,3.0,3
SBVC,4,4,sexta,6,12,100.00,-8.45,-4
GVAC,10,,domingo,1,1,100.00,3.0,3
SBRF,1,1,terca,3,20,90.00,2.45,14
SBFI,7,7,segunda,2,2,100.00,-4.5,1
DNMM,15,,domingo,1,12,,,
KMIA,5,,quarta,4,10,70.00,226.6,815
EBLG,2,,quarta,4,1,,,
SAAR,13,,quarta,4,4,100.00,-8.25,0
SCEL,23,,domingo,1,4,0.00,112.25,264
SBNM,17,17,sabado,7,1,100.00,-16.0,-16
OMDW,17,,sabado,7,1,0.00,19.0,19
KMIA,15,,quinta,5,1,100.00,4.0,4
SBMO,5,5,quinta,5,114,97.35,-5.17,0
SBRJ,17,17,segunda,2,397,83.94,6.75,31
SBGR,16,16,domingo,1,906,78.20,4.04,32
SBRF,21,21,quinta,5,150,71.33,10.99,49
SCEL,5,,terca,3,176,85.38,2.43,20
SBMG,15,15,quarta,4,116,87.61,4.77,18
SBSP,10,10,sabado,7,708,88.30,3.55,18
SBJP,2,2,sabado,7,106,80.58,6.34,35
SBSG,19,19,quarta,4,48,85.42,8.98,34
SBRF,16,16,quinta,5,309,77.05,12.35,31
SVMI,17,,quinta,5,5,0.00,20.0,20
SBMQ,13,13,quarta,4,38,65.79,10.55,33
SBGL,8,8,quarta,4,403,95.50,-0.57,5
SBRJ,20,20,segunda,2,281,85.66,2.99,27
SBRF,3,3,domingo,1,264,93.54,-1.98,9
SBVC,13,13,segunda,2,41,85.37,14.98,101
SBMO,13,13,sexta,6,29,82.76,4.34,18
SPJC,15,,quinta,5,33,93.94,-1.09,3
SKBO,9,,domingo,1,47,87.23,6.85,23
SBCG,14,13,quarta,4,65,81.54,5.22,26
SCEL,13,,segunda,2,69,84.06,9.03,23
MROC,23,,terca,3,8,100.00,1.25,15
SBPS,11,11,domingo,1,129,86.61,3.88,25
SBBE,7,7,domingo,1,68,76.56,25.64,151
SBGL,2,2,sexta,6,36,71.43,7.54,41
LEMD,6,,sexta,6,87,47.06,27.04,64
SBPJ,2,2,terca,3,16,87.50,-0.13,39
SUMU,16,,terca,3,22,95.46,2.91,11
SBSL,4,4,quarta,4,86,94.12,-3.09,11
SBCG,8,7,quinta,5,16,100.00,-7.0,-1
SBIZ,4,4,segunda,2,23,90.48,-4.19,3
SABE,20,,segunda,2,74,72.22,16.71,78
KMIA,1,,quinta,5,22,59.09,78.59,202
SBMG,16,16,domingo,1,23,86.96,1.83,16
EDDF,17,,sexta,6,84,72.84,37.95,27
SBTE,18,18,quarta,4,88,87.21,2.81,25
KIAD,23,,sabado,7,25,45.83,74.25,72
OMDB,2,,sabado,7,52,61.54,29.02,52
SBMK,6,6,quinta,5,49,89.80,7.39,87
SAAR,3,,domingo,1,28,100.00,-9.04,-3
KMIA,10,,sexta,6,16,66.67,39.27,155
SBLO,8,8,sabado,7,12,90.91,-2.55,3
SBRF,14,14,domingo,1,26,86.36,12.0,30
SBFI,18,18,segunda,2,15,86.67,-0.93,18
SBCH,13,13,domingo,1,5,100.00,-5.2,12
SBSI,14,13,sexta,6,28,92.86,-6.29,11
SABE,22,,segunda,2,55,87.04,3.44,35
SBIP,19,19,sexta,6,1,100.00,-18.0,-18
MDPC,1,,quinta,5,13,,,
SBPS,2,2,segunda,2,4,50.00,44.25,155
SBDO,9,8,sexta,6,18,72.22,15.11,97
SBMK,18,18,quarta,4,18,88.89,6.22,58
EDDM,7,,sexta,6,14,71.43,9.5,21
SBVC,9,9,sexta,6,13,92.31,-2.77,11
SBJU,12,12,quarta,4,24,77.27,9.59,32
SUMU,10,,quinta,5,3,66.67,22.0,56
DNMM,3,,domingo,1,3,100.00,-56.67,-11
OTHH,21,,domingo,1,7,71.43,8.14,27
SBAR,15,15,quarta,4,14,85.71,0.86,20
SWPI,13,12,domingo,1,1,0.00,164.0,164
SACO,3,,quinta,5,10,100.00,-5.1,-3
SBCA,18,18,terca,3,10,80.00,2.6,17
SGAS,23,,domingo,1,1,0.00,134.0,134
EBLG,17,,quinta,5,3,66.67,30.33,79
GVAC,6,,quinta,5,1,0.00,107.0,107
GVAC,9,,terca,3,1,0.00,807.0,807
DNMM,9,,terca,3,1,100.00,-27.0,-27
TNCC,17,,quarta,4,1,100.00,-17.0,-17
SAEZ,10,,quinta,5,1,,,
SBPK,9,9,domingo,1,1,100.00,-17.0,-17
SBVC,5,5,sabado,7,1,100.00,-12.0,-12
SBSG,20,20,segunda,2,1,100.00,-12.0,-12
GOBD,9,,quarta,4,1,,,
SBCT,7,7,segunda,2,327,93.50,-0.62,8
SAEZ,16,,quinta,5,50,87.10,-2.03,18
SBSP,9,9,terca,3,903,90.45,1.96,15
SBSP,12,12,quarta,4,842,77.63,8.97,30
SKBO,18,,quarta,4,63,84.13,8.17,23
SBFL,11,11,sexta,6,201,72.36,7.36,29
SBRF,14,14,quinta,5,22,90.91,-0.91,8
SBJP,11,11,quarta,4,117,87.93,2.41,19
SBBR,21,21,domingo,1,1133,91.29,2.15,14
SBVT,5,5,terca,3,171,95.88,-1.94,0
SBKP,8,8,quarta,4,1039,88.46,4.48,17
SBSN,4,4,sabado,7,36,97.22,-5.86,1
SBPJ,3,3,quarta,4,111,97.27,-7.46,5
SBPA,7,7,sexta,6,148,90.48,4.69,12
SBSL,16,16,segunda,2,35,88.57,-0.4,17
SBSR,19,19,quarta,4,98,70.53,12.61,54
SBFN,14,15,sexta,6,53,84.31,3.43,22
SBPA,8,8,segunda,2,170,93.33,0.41,12
SBJV,6,6,quinta,5,22,95.24,4.33,-7
SBSO,15,14,terca,3,12,91.67,-8.25,-7
SBVT,4,4,domingo,1,70,98.55,-3.83,-2
SBFL,8,8,quarta,4,131,91.54,-1.18,9
SKBO,14,,domingo,1,54,88.46,6.92,17
SBVT,1,1,segunda,2,39,91.89,-1.76,2
SBFI,5,5,domingo,1,41,82.93,8.29,42
SBFZ,18,18,sexta,6,200,65.82,12.62,38
SCEL,16,,quarta,4,110,85.71,7.3,22
SPJC,14,,sabado,7,16,84.62,5.15,20
KMIA,0,,sexta,6,62,61.02,118.53,391
SBSR,19,19,sexta,6,93,81.52,5.71,33
SBGO,5,5,terca,3,194,97.94,-7.14,0
LPPT,20,,terca,3,66,64.62,23.82,77
MPTO,16,,sabado,7,16,87.50,4.31,18
SBFL,17,17,terca,3,153,72.19,8.2,30
SBCH,17,17,sabado,7,70,92.75,-0.75,15
SBBE,11,11,sexta,6,77,84.00,5.4,26
SBAR,17,17,terca,3,49,77.08,10.77,37
SBFZ,9,9,segunda,2,67,94.03,-2.87,10
SBJU,10,10,quarta,4,6,100.00,-5.83,6
KLAX,17,,quinta,5,12,100.00,-1.33,10
SABE,11,,terca,3,52,76.92,13.02,38
SPJC,22,,quarta,4,30,66.67,6.25,24
SBCT,23,23,quinta,5,76,90.79,-1.74,14
SBVT,9,9,domingo,1,142,95.04,-2.42,9
MDPC,2,,sabado,7,21,,,
SAZS,17,,sexta,6,10,100.00,-5.6,5
SBSV,20,20,sexta,6,80,83.54,2.91,33
SBBR,1,1,sexta,6,25,96.00,-4.84,5
SBSN,23,23,segunda,2,28,92.86,-4.89,0
SBJV,15,15,terca,3,24,79.17,5.67,30
SBCT,12,12,sexta,6,130,87.30,3.5,21
SBEG,23,22,quinta,5,48,75.00,6.98,47
SBVC,19,19,sabado,7,36,75.00,9.06,49
SBSN,3,3,terca,3,51,88.24,-1.06,16
SBKG,11,11,sexta,6,10,70.00,12.5,39
SBSR,13,13,quarta,4,62,91.80,-0.61,13
SBMO,19,19,quarta,4,22,90.91,-2.82,2
SKBO,13,,sabado,7,1,0.00,41.0,41
OTHH,2,,sabado,7,15,66.67,10.4,56
GOBD,15,,segunda,2,9,77.78,-4.67,32
SBMK,20,20,segunda,2,17,82.35,20.94,215
SBKG,17,17,terca,3,5,100.00,-15.2,-6
SPJC,14,,domingo,1,15,83.33,5.92,17
SBCH,19,19,domingo,1,40,71.80,9.82,34
SBVT,14,14,sabado,7,25,79.17,3.42,20
SBJA,18,18,quarta,4,5,60.00,20.6,91
SCEL,2,,sexta,6,22,22.73,59.36,71
SBVG,13,13,quinta,5,17,68.75,20.56,82
SBFI,23,23,terca,3,3,100.00,3.0,11
SBNF,4,4,sabado,7,4,100.00,4.25,13
CYYZ,19,,sabado,7,9,88.89,-18.56,30
LEMD,10,,sexta,6,44,24.14,28.9,55
DNMM,7,,quinta,5,1,100.00,-20.0,-20
KMIA,8,,sexta,6,2,0.00,50.0,50
SBMQ,2,2,segunda,2,4,100.00,4.75,13
SBMG,16,16,sabado,7,17,93.75,-2.31,7
SBIP,18,18,sexta,6,7,42.86,26.71,91
SBJU,4,4,sexta,6,1,100.00,-14.0,-14
SBSN,1,1,sabado,7,1,100.00,-10.0,-10
SBSN,5,5,terca,3,2,100.00,-8.5,-8
SBCN,15,15,terca,3,1,100.00,5.0,5
EBBR,4,,sexta,6,1,0.00,395.0,395
MPTO,4,,sabado,7,1,,,
SGES,13,,domingo,1,2,100.00,-30.0,-13
SEQM,3,,quinta,5,1,0.00,1167.0,1167
SBVT,4,4,quinta,5,51,98.04,-5.94,-2
SBRJ,7,7,sabado,7,221,93.09,-2.27,8
SBGR,14,14,terca,3,1042,80.74,8.62,28
SBSV,12,12,quarta,4,262,76.74,11.73,31
SBSP,14,14,quarta,4,801,77.83,8.91,29
LPPT,13,,segunda,2,142,37.14,26.42,56
SBFL,20,20,domingo,1,183,81.67,7.88,36
SBSG,12,12,sabado,7,172,85.38,6.01,20
SBSV,14,14,segunda,2,538,88.58,2.61,18
SBFZ,17,17,quinta,5,167,72.89,11.06,40
SBEG,13,12,quarta,4,167,79.88,21.0,62
SBBR,20,20,segunda,2,912,87.65,3.5,19
SBPA,8,8,sabado,7,209,89.55,-0.17,16
SBFZ,14,14,quarta,4,561,88.89,2.27,17
SBSV,0,0,segunda,2,129,76.38,2.36,38
SBJV,8,8,sexta,6,32,100.00,-5.34,-1
SBSV,15,15,sexta,6,393,86.70,3.35,20
SBDN,5,5,sexta,6,41,87.18,-0.62,37
SAEZ,11,,quinta,5,76,79.31,21.38,60
SBPV,2,1,domingo,1,33,67.74,25.84,126
SBBE,16,16,segunda,2,157,87.18,2.72,21
SBPA,7,7,quarta,4,145,90.97,-0.86,9
SBMG,11,11,sabado,7,23,86.96,4.91,45
SBGO,18,18,quinta,5,80,77.50,7.55,30
SBFZ,3,3,domingo,1,139,92.03,0.41,13
SBJU,0,0,terca,3,34,85.29,3.32,26
SBMO,12,12,sabado,7,141,89.36,2.84,17
SBRP,12,12,segunda,2,66,90.16,1.59,13
KMCO,23,,terca,3,118,82.61,5.7,30
SBFZ,3,3,quarta,4,181,90.45,-1.85,15
SBNM,15,15,terca,3,5,100.00,-4.2,7
SBCY,2,1,sexta,6,52,72.55,16.94,35
SBBE,5,5,sabado,7,131,93.89,-3.69,9
SBSG,17,17,sabado,7,130,85.39,1.65,22
SKBO,0,,sabado,7,43,76.74,53.79,24
SBMO,6,6,segunda,2,28,96.43,-5.64,3
SBGO,13,13,domingo,1,40,89.74,0.74,27
KDFW,21,,segunda,2,12,50.00,34.33,107
SBMQ,15,15,terca,3,47,95.75,0.98,3
KMCO,21,,segunda,2,52,82.69,7.19,45
SNCP,15,15,terca,3,17,88.24,1.29,27
KMIA,8,,terca,3,26,62.50,226.58,1054
SBSV,0,0,domingo,1,60,70.69,15.98,71
SBBR,5,5,domingo,1,95,94.62,-4.54,2
SBLO,8,8,quarta,4,13,84.62,9.38,102
SBMG,16,16,quinta,5,18,66.67,18.17,65
SBEG,3,2,quinta,5,147,88.89,8.22,22
SBCY,18,17,domingo,1,85,84.71,1.28,19
SBMO,6,6,quarta,4,19,100.00,-5.89,1
SGAS,3,,sexta,6,32,96.88,-5.22,0
SAEZ,14,,segunda,2,76,66.04,32.0,203
SBMO,6,6,sabado,7,20,90.00,-1.1,-2
SBLO,10,10,segunda,2,59,75.44,7.3,42
SWYN,9,8,terca,3,50,68.18,22.68,64
SBSR,15,15,terca,3,64,82.81,11.14,56
SBSO,11,10,segunda,2,16,93.75,0.13,11
KIAH,22,,sabado,7,24,62.50,46.63,51
SBMA,2,2,domingo,1,48,93.75,-3.15,8
SBMG,7,7,quarta,4,4,50.00,97.0,356
SNCL,14,,sexta,6,2,50.00,44.5,91
SBFZ,23,23,sabado,7,33,71.88,17.91,67
SBSR,6,6,sabado,7,13,100.00,-7.15,-2
SBJU,3,3,domingo,1,16,87.50,-2.25,18
LSZH,18,,quinta,5,21,60.00,13.25,20
SBLO,11,11,quarta,4,22,77.27,11.59,80
SBAT,17,16,quinta,5,22,85.71,1.1,16
SNTO,14,14,quarta,4,10,50.00,22.88,88
SBUR,19,19,sabado,7,2,100.00,-56.0,-18
SGAS,0,,segunda,2,3,50.00,241.0,508
SBCT,4,4,terca,3,6,50.00,40.0,84
SEQM,22,,domingo,1,21,33.33,68.0,139
SBCG,21,20,domingo,1,5,20.00,18.2,38
SBPL,9,9,quarta,4,5,80.00,2.4,24
SBDN,6,6,sabado,7,8,100.00,-12.5,-8
SBRP,15,15,quarta,4,22,100.00,-8.95,-2
LPPT,17,,segunda,2,22,100.00,-7.23,2
SLVR,11,,segunda,2,25,66.67,15.67,94
SBJV,14,14,sabado,7,9,88.89,-2.22,37
SWPI,6,5,domingo,1,1,100.00,-18.0,-18
SGAS,3,,segunda,2,3,66.67,6.67,76
SBSR,10,10,segunda,2,2,50.00,5.0,32
OTHH,20,,segunda,2,1,100.00,-2.0,-2
SBMO,23,23,sabado,7,1,0.00,16.0,16
SWPI,8,7,segunda,2,1,0.00,25.0,25
SWPI,0,23,terca,3,1,100.00,-12.0,-12
MMSM,4,,sexta,6,1,,,
SBEG,9,8,terca,3,182,94.41,0.63,4
SBCT,23,23,segunda,2,65,87.69,-0.63,36
SBFZ,5,5,segunda,2,58,96.49,-5.74,-1
SBPJ,2,2,sexta,6,18,94.44,-3.28,12
SBCT,11,11,domingo,1,314,84.62,5.46,22
SBRF,11,11,domingo,1,236,88.03,1.58,17
SBJE,12,12,sexta,6,27,81.48,3.59,36
SBPA,15,15,terca,3,223,84.31,3.52,25
SBSN,4,4,quarta,4,47,97.87,-7.11,2
SBNF,19,19,sabado,7,107,81.31,5.64,55
SBJP,13,13,terca,3,59,72.88,7.81,30
SBSP,20,20,segunda,2,822,78.09,7.15,36
MPTO,0,,sexta,6,61,92.45,-3.26,0
SBCF,20,20,segunda,2,278,77.78,9.46,37
SAEZ,7,,quinta,5,67,80.00,25.22,22
SCEL,7,,terca,3,45,91.11,7.11,15
SABE,4,,quinta,5,58,96.43,6.71,5
SBPJ,4,4,segunda,2,64,95.24,-0.05,-2
SBKP,10,10,sexta,6,224,85.85,11.84,25
SBSR,15,15,quarta,4,61,78.33,5.9,41
SBJP,16,16,quinta,5,31,58.07,11.16,32
SCEL,12,,sabado,7,96,84.27,7.2,26
SBJU,0,0,quarta,4,32,90.32,-2.87,9
MDPC,2,,terca,3,29,,,
SBEG,0,23,quarta,4,113,80.36,-32.65,40
SBNF,10,10,quinta,5,75,79.73,7.97,30
SBCY,19,18,quinta,5,76,78.67,6.2,39
SBMO,16,16,terca,3,38,92.11,6.39,8
SBSV,15,15,quarta,4,384,89.45,3.89,18
SBAE,10,10,segunda,2,50,89.58,-0.31,16
SBMA,5,5,sexta,6,32,100.00,-3.56,0
SBNF,10,10,sexta,6,82,78.48,7.62,27
SGAS,2,,terca,3,15,100.00,-0.47,7
SBRJ,14,14,quarta,4,216,85.71,2.55,21
SBGV,12,12,terca,3,15,80.00,0.13,40
SAME,13,,quinta,5,29,75.00,10.71,42
SBCG,12,11,quinta,5,32,87.50,1.31,16
SBMA,3,3,segunda,2,20,95.00,-4.9,-3
SBCY,20,19,segunda,2,25,100.00,-7.36,7
SBPJ,6,6,quarta,4,33,100.00,-7.21,0
SBPK,17,17,quarta,4,21,95.00,-5.25,1
SBUL,1,1,segunda,2,20,89.47,1.47,26
SBFL,2,2,terca,3,2,50.00,47.0,106
SABE,6,,quinta,5,87,82.14,8.55,26
SBNF,16,16,sexta,6,51,75.00,11.85,37
SBGO,12,12,domingo,1,88,90.81,-2.07,15
SBSR,14,14,sexta,6,15,73.33,8.8,30
KFLL,9,,quinta,5,15,100.00,-9.93,0
SBPV,16,15,domingo,1,1,100.00,2.0,2
KJFK,0,,quarta,4,51,70.59,15.29,57
SBFI,18,18,domingo,1,16,87.50,3.25,16
SABE,7,,sabado,7,39,69.23,15.15,48
SBLO,7,7,terca,3,18,88.89,1.28,49
SBIL,18,18,segunda,2,27,88.89,4.67,25
SBCY,2,1,segunda,2,57,94.64,-0.46,11
LIRF,4,,segunda,2,23,47.62,18.52,50
SKBO,0,,quarta,4,24,95.83,-20.67,6
SAZS,18,,terca,3,7,57.14,15.57,31
MPTO,20,,terca,3,25,76.00,2.76,19
SBDN,16,16,segunda,2,25,92.00,-3.16,0
SBJP,19,19,quarta,4,8,87.50,91.75,782
LPPT,8,,segunda,2,40,47.50,51.9,56
SCEL,19,,segunda,2,22,90.91,0.77,11
LPPR,7,,quinta,5,21,90.48,35.81,12
SACO,6,,sexta,6,6,66.67,153.17,515
SBZM,14,14,quarta,4,42,92.68,-5.02,9
SBSI,10,9,sabado,7,12,75.00,12.42,71
KIAH,21,,quinta,5,19,36.84,27.68,71
SBMO,20,20,sabado,7,35,97.14,-9.6,-2
SBAT,17,16,sexta,6,10,80.00,1.0,16
OTHH,20,,quarta,4,6,16.67,40.0,68
KMIA,2,,terca,3,8,57.14,3.71,224
SBPL,9,9,sabado,7,4,75.00,5.0,27
SBAU,16,16,sexta,6,3,100.00,-13.67,-13
EDDF,5,,sabado,7,2,0.00,59.5,100
KMIA,16,,quinta,5,3,33.33,20.33,39
SBIL,11,11,quarta,4,1,100.00,11.0,11
VOMM,23,,terca,3,1,,,
SBNF,10,10,terca,3,76,80.00,8.59,34
SBGL,16,16,segunda,2,407,87.78,2.64,19
SBCF,23,23,domingo,1,501,94.15,-1.8,8
SBRF,3,3,quarta,4,352,93.68,-0.36,10
SBCA,11,11,domingo,1,81,90.91,4.74,15
SBBR,12,12,terca,3,310,86.28,0.91,20
SCEL,7,,domingo,1,133,92.31,5.58,12
SBGL,9,9,sexta,6,357,91.43,0.77,11
SBCF,15,15,terca,3,347,81.63,8.53,35
SBEG,9,8,sabado,7,165,93.29,3.95,8
SBTE,15,15,segunda,2,38,94.74,-4.03,10
SBSV,19,19,quarta,4,201,85.00,10.5,23
SNBR,16,16,sexta,6,10,80.00,-0.8,27
SBFZ,6,6,segunda,2,85,98.82,-5.46,1
SBRP,17,17,domingo,1,54,85.19,-6.98,28
SBFZ,2,2,quinta,5,215,91.55,-0.89,13
SBPA,5,5,sabado,7,475,94.24,1.08,8
SBCG,16,15,domingo,1,16,93.75,0.44,14
SBMO,5,5,domingo,1,96,96.88,2.25,-1
SBBR,5,5,sabado,7,183,93.89,-2.78,8
SAME,14,,sexta,6,51,92.00,3.96,14
SBPS,15,15,sabado,7,172,80.47,6.23,34
SBBR,16,16,quarta,4,201,83.33,5.3,23
SBVC,4,4,sabado,7,16,93.75,-2.56,2
SBCY,4,3,quarta,4,42,97.62,-0.69,-1
SBFZ,2,2,sabado,7,213,91.39,-1.58,12
KMIA,18,,terca,3,31,0.00,61.0,61
SBFL,19,19,terca,3,180,79.44,12.23,36
SBJE,12,12,quarta,4,19,78.95,7.37,56
SBFZ,19,19,quinta,5,126,84.00,9.53,42
SBFN,14,15,sabado,7,91,74.16,10.58,37
SSUM,12,12,quarta,4,32,96.00,-6.72,9
SBSN,15,15,quarta,4,59,96.49,-1.26,0
SBTE,16,16,quarta,4,57,85.97,3.88,28
SSOU,11,,quinta,5,33,90.00,0.47,8
SBSV,21,21,sabado,7,71,72.46,37.38,58
SBVT,8,8,sexta,6,105,96.12,-3.5,4
GVAC,16,,quarta,4,1,0.00,249.0,249
SBMA,5,5,sabado,7,40,100.00,-5.42,-1
SPJC,15,,segunda,2,40,87.50,1.93,16
SBSR,5,5,domingo,1,57,96.36,-4.27,-3
SBNF,10,10,segunda,2,81,74.68,8.72,34
SBJP,3,3,segunda,2,151,87.33,2.41,22
SBRB,13,11,quinta,5,25,64.00,10.52,45
SAAR,10,,sabado,7,13,53.85,17.08,39
SBGO,14,14,sexta,6,74,56.76,20.93,63
GMMN,12,,quinta,5,51,84.31,3.53,23
KIAH,21,,segunda,2,19,89.47,12.16,16
SBGO,19,19,quinta,5,200,84.18,4.67,21
SBMK,18,18,segunda,2,14,78.57,20.29,127
SUMU,15,,segunda,2,25,100.00,-6.08,3
LEMD,7,,quarta,4,61,42.42,28.03,66
KMCO,19,,sabado,7,19,72.22,5.0,35
SCEL,17,,domingo,1,96,95.83,-5.65,12
SBIL,18,18,quinta,5,45,86.36,0.91,16
MPTO,14,,quarta,4,34,79.41,7.88,25
SBIZ,3,3,sabado,7,91,87.64,-1.04,20
SNCL,14,,sabado,7,3,66.67,22.33,70
SBSI,10,9,sexta,6,15,66.67,14.07,62
SBSR,9,9,terca,3,32,96.77,2.48,0
SABE,11,,sabado,7,53,77.36,12.38,39
MDPC,14,,quarta,4,27,,,
SBSO,15,14,sabado,7,12,100.00,-15.83,0
SABE,15,,quarta,4,60,91.67,10.7,12
SBAR,16,16,segunda,2,53,88.68,5.4,16
SBFZ,23,23,quarta,4,32,75.00,11.19,49
SAEZ,20,,quarta,4,15,90.91,11.27,7
SBBE,4,4,terca,3,41,92.68,1.88,0
SBSL,14,14,sexta,6,43,64.29,13.95,41
GMMN,12,,terca,3,35,77.14,-3.8,26
SBFI,21,21,sexta,6,5,100.00,-5.8,14
SPJC,23,,terca,3,44,84.09,0.52,23
MPTO,20,,domingo,1,62,91.94,1.24,14
SBPJ,14,14,quarta,4,17,94.12,-2.47,7
SBVC,7,7,quarta,4,5,100.00,-9.6,-8
SBFI,6,6,quarta,4,30,76.67,19.73,58
SBPF,18,18,sexta,6,37,81.08,3.43,23
SBJE,13,13,sabado,7,13,100.00,-6.77,5
KIAH,23,,terca,3,43,75.61,8.1,39
SBCA,10,10,quinta,5,56,89.29,1.48,17
KMCO,0,,domingo,1,34,73.53,84.41,58
SUMU,14,,terca,3,9,87.50,0.88,29
SBSL,12,12,quinta,5,8,75.00,5.75,23
SBZM,9,9,terca,3,9,44.44,43.11,175
MDPC,0,,sabado,7,10,90.00,2.7,10
SBUL,4,4,domingo,1,3,100.00,-2.33,0
KDFW,21,,quinta,5,12,50.00,299.0,1566
SBKP,1,1,quarta,4,1,0.00,72.0,72
SBNF,23,23,terca,3,4,100.00,-5.25,8
SSGG,14,14,domingo,1,5,100.00,-14.4,-1
SAAR,3,,sabado,7,3,100.00,-7.67,2
KATL,22,,segunda,2,3,100.00,4.0,12
LEMD,13,,domingo,1,2,,,
SGAS,3,,sabado,7,1,100.00,-23.0,-23
SBMK,17,17,domingo,1,7,100.00,-7.29,15
SACO,15,,sabado,7,1,100.00,-7.0,-7
SWPI,21,20,segunda,2,1,100.00,-3.0,-3
SMJP,3,,quinta,5,2,100.00,-7.0,-7
SBJU,21,21,sexta,6,1,100.00,-5.0,-5
MDPC,2,,domingo,1,1,,,
SACO,4,,segunda,2,1,100.00,-6.0,-6
SBJV,9,9,domingo,1,1,0.00,51.0,51
LIRF,11,,terca,3,1,100.00,14.0,14
KJFK,21,,sabado,7,57,70.37,38.63,90
SBSP,9,9,segunda,2,932,89.92,2.57,16
SBBE,19,19,terca,3,17,76.47,8.53,36
SBKP,13,13,sexta,6,906,82.76,7.97,26
SBRJ,6,6,quinta,5,450,96.57,-4.94,0
SNCL,13,,domingo,1,40,100.00,-13.15,-2
SBRF,22,22,domingo,1,444,87.76,0.74,20
SBGL,7,7,quinta,5,729,91.10,2.73,15
SBGR,14,14,segunda,2,1007,79.18,10.07,29
SBSV,13,13,segunda,2,162,91.67,-2.85,11
SBAR,19,19,quinta,5,78,84.21,0.24,22
SBPS,3,3,sexta,6,67,92.06,0.44,9
SBPS,9,9,quinta,5,116,86.21,3.22,27
SBBR,22,22,quinta,5,147,89.12,-0.07,20
SBFZ,3,3,terca,3,180,90.81,-0.35,11
SBPS,14,14,quarta,4,99,86.87,1.76,23
SBSL,16,16,sexta,6,35,94.29,0.37,10
LEMD,18,,terca,3,111,68.22,4.07,38
LEMD,19,,segunda,2,115,38.60,-719.91,133
SAEZ,12,,terca,3,69,92.65,-1.15,4
SBAR,11,11,segunda,2,66,80.30,5.55,28
SBVT,10,10,quinta,5,120,90.60,0.85,15
SBGL,3,3,sabado,7,86,80.25,13.91,51
SACO,12,,domingo,1,40,82.50,-0.73,23
SCEL,7,,quinta,5,50,91.84,17.9,9
SBDN,7,7,quinta,5,13,100.00,-7.08,-3
SBBR,7,7,quinta,5,259,97.27,-2.59,6
SCFA,5,,domingo,1,6,,,
SABE,5,,sabado,7,35,91.43,2.6,15
SEQM,20,,quinta,5,21,28.57,134.0,630
SBFZ,12,12,terca,3,170,83.33,4.54,29
SABE,5,,quarta,4,46,84.44,5.58,23
SBFL,8,8,sexta,6,149,89.12,7.85,16
SBEG,13,12,quinta,5,86,90.48,2.88,14
SBBR,11,11,sabado,7,151,92.00,-1.12,14
LPPT,15,,terca,3,40,85.00,4.35,17
SBLO,11,11,sabado,7,21,90.48,-6.57,3
KMIA,19,,quinta,5,44,96.30,-4.41,1
SBSI,16,15,sabado,7,39,84.62,1.15,24
SABE,12,,quarta,4,55,67.27,19.96,38
SVMI,0,,sexta,6,28,92.59,-0.37,14
MPTO,14,,terca,3,35,97.06,-1.56,6
KMCO,21,,sexta,6,54,83.33,4.2,25
SCEL,4,,terca,3,64,95.31,0.63,7
SBMO,5,5,sexta,6,113,97.32,-1.56,-2
SBPF,18,18,quinta,5,36,91.43,3.91,14
KJFK,20,,quinta,5,25,72.00,93.92,206
SBDN,14,14,quinta,5,33,84.85,1.55,30
KORD,20,,terca,3,22,45.46,19.18,37
SBEG,8,7,quarta,4,34,29.41,295.06,1360
SBFZ,3,3,sabado,7,175,90.06,1.45,15
SLLP,4,,domingo,1,5,,,
SBPA,20,20,terca,3,260,84.59,1.61,26
EBLG,7,,terca,3,22,,,
SBCA,9,9,terca,3,13,69.23,30.77,71
SBKP,4,4,quarta,4,52,92.00,34.7,9
SBDO,10,9,sexta,6,29,86.21,4.41,32
MDPC,18,,terca,3,20,,,
SBEG,22,21,segunda,2,31,85.19,18.11,42
SBSG,19,19,quinta,5,42,88.10,2.6,25
SBCH,15,15,domingo,1,36,94.44,-2.53,7
LSZH,17,,domingo,1,30,66.67,14.19,28
SBJI,13,12,domingo,1,5,100.00,-10.2,0
KMIA,1,,domingo,1,53,61.22,48.63,186
SBRB,16,14,segunda,2,52,92.31,0.73,4
SBMG,20,20,sexta,6,7,100.00,-9.0,-2
SBFI,21,21,terca,3,6,83.33,4.17,47
RKSI,16,,sabado,7,52,92.31,4.83,6
SNGI,10,10,quinta,5,3,100.00,-10.33,6
KMIA,5,,sexta,6,9,28.57,737.43,2602
LPPT,5,,terca,3,85,35.71,32.11,66
SBSR,12,12,segunda,2,28,96.30,-6.48,-1
SBGV,10,10,sexta,6,7,100.00,-9.14,11
LIRF,18,,sabado,7,66,71.43,36.02,41
SBSN,16,16,quarta,4,49,93.75,-1.77,11
SGAS,20,,domingo,1,17,55.56,30.78,335
SBSG,23,23,quinta,5,1,100.00,5.0,5
SBAR,9,9,quinta,5,7,100.00,-6.86,-2
SBGO,8,8,segunda,2,66,90.91,5.91,15
SBLO,20,20,quarta,4,6,100.00,1.33,15
SBCH,18,18,terca,3,5,100.00,-4.0,13
SBJU,4,4,domingo,1,4,100.00,-7.5,-5
SBJV,14,14,sexta,6,27,81.48,6.0,46
SBBR,2,2,quarta,4,29,96.55,0.72,8
GOBD,6,,terca,3,11,40.00,65.7,143
GVAC,11,,sabado,7,1,0.00,58.0,58
GOBD,9,,quinta,5,5,60.00,94.0,526
SBSG,6,6,quinta,5,13,100.00,-17.38,-11
LPPT,16,,segunda,2,3,66.67,9.33,20
KMIA,2,,segunda,2,4,50.00,20.5,134
SBPL,20,20,quinta,5,1,100.00,-13.0,-13
SBVC,18,18,domingo,1,1,100.00,11.0,11
SBDN,13,13,sexta,6,1,100.00,-5.0,-5
OMDW,22,,quarta,4,1,0.00,54.0,54
SBLO,4,4,domingo,1,1,100.00,-9.0,-9
SBGR,14,14,quarta,4,1078,77.25,8.75,27
SBCT,19,19,sexta,6,340,73.19,8.83,36
SBTU,9,9,terca,3,33,92.86,-3.64,10
SBRD,15,14,terca,3,50,87.76,0.84,25
SBKP,3,3,quarta,4,5,100.00,-48.4,3
SBGR,20,20,quinta,5,684,72.31,15.8,39
SBSP,21,21,domingo,1,794,78.93,6.66,29
SBGR,17,17,domingo,1,1509,70.42,14.68,44
SBCF,7,7,sabado,7,436,91.18,2.07,13
SBRJ,15,15,quarta,4,314,89.22,2.96,16
KFLL,17,,sabado,7,2,100.00,-8.5,-7
SBKP,13,13,terca,3,850,80.64,8.22,29
SBGL,11,11,segunda,2,485,82.29,5.96,26
SBKP,23,23,quarta,4,739,81.91,6.5,29
SBBR,20,20,sexta,6,912,80.69,5.53,28
SBRJ,9,9,quarta,4,296,93.49,-1.26,9
SBVC,10,10,sexta,6,87,85.06,2.38,23
SBZM,15,15,quarta,4,30,89.66,-1.93,16
SBCF,16,16,quarta,4,307,80.20,9.03,37
SBKP,21,21,quarta,4,259,75.41,35.39,103
SBCT,6,6,domingo,1,183,97.21,-2.46,3
SNBR,16,16,sabado,7,41,95.00,-10.13,3
SBCT,7,7,sabado,7,246,93.75,-2.75,6
SBCT,9,9,segunda,2,240,87.76,0.56,20
SBSL,1,1,sexta,6,53,84.91,0.32,28
LEMD,19,,quarta,4,116,43.90,-0.54,49
LEMD,7,,quinta,5,73,14.55,74.22,149
SBHT,15,15,quinta,5,51,92.00,5.44,12
SBUG,16,16,segunda,2,50,77.27,5.45,27
SBGO,15,15,sabado,7,76,89.19,0.61,17
SBSV,16,16,sabado,7,67,92.31,3.48,14
SBTE,22,22,sabado,7,2,100.00,-17.5,-11
SBMA,4,4,sabado,7,85,96.39,-6.37,0
SNMZ,16,16,sabado,7,18,100.00,-1.14,0
SBEG,14,13,sexta,6,63,91.80,-2.3,11
SBSV,1,1,domingo,1,24,83.33,2.46,37
SBCY,16,15,segunda,2,67,87.88,1.29,17
SBLO,13,13,terca,3,29,86.21,3.69,26
SBSL,1,1,quarta,4,52,90.00,2.54,12
SBRP,9,9,segunda,2,88,92.05,-2.07,12
SAEZ,19,,domingo,1,107,80.95,7.33,27
SPJC,1,,quarta,4,119,88.14,4.56,18
SBPK,15,15,quinta,5,26,92.00,-3.32,13
SCEL,9,,quinta,5,24,95.83,3.04,8
SBIL,9,9,segunda,2,20,100.00,-3.15,3
SKBO,12,,quinta,5,44,80.49,-59.98,55
SBSG,15,15,quarta,4,70,87.14,2.03,17
SBJE,16,16,domingo,1,52,84.62,4.06,19
SBPS,3,3,quarta,4,63,90.32,-3.08,5
SBKP,3,3,quinta,5,11,100.00,-3.55,2
SAEZ,3,,sexta,6,22,85.71,-0.76,38
SBAU,10,10,terca,3,27,88.89,-1.15,16
LSZH,18,,segunda,2,22,77.27,15.68,44
SBMG,11,11,quarta,4,20,85.00,8.0,42
SBCY,0,23,segunda,2,24,100.00,-8.46,-4
SBBE,0,0,terca,3,63,92.06,-0.21,9
MDPC,19,,domingo,1,56,58.33,20.67,104
SPJC,21,,sabado,7,8,87.50,-5.63,16
SBFZ,18,18,domingo,1,102,84.31,4.16,34
SBSI,13,12,terca,3,15,93.33,-5.93,10
SBTE,11,11,domingo,1,9,77.78,0.11,25
SBUR,11,11,sabado,7,41,90.24,2.88,11
SBVC,9,9,terca,3,10,80.00,1.6,16
SPJC,11,,sexta,6,71,92.86,-1.3,10
KORD,20,,domingo,1,22,40.91,29.82,63
SBSG,13,13,segunda,2,30,73.33,5.87,20
SBRP,3,3,sexta,6,4,100.00,-3.75,5
OTHH,5,,sabado,7,2,0.00,45.0,45
SBRP,6,6,quinta,5,31,93.55,-8.94,2
SBRP,18,18,sabado,7,26,88.46,3.69,24
SBMG,9,9,domingo,1,27,77.78,1.67,33
SBMA,14,14,terca,3,47,89.36,-4.47,18
SBMG,9,9,quinta,5,25,92.00,0.0,12
SBVH,17,16,terca,3,11,80.00,1.4,19
SBSL,19,19,domingo,1,8,87.50,-4.38,33
SBSJ,5,5,terca,3,7,100.00,-6.0,9
SEQM,6,,segunda,2,2,0.00,77.0,129
SBCT,1,1,segunda,2,13,92.31,-8.23,-8
SBFZ,23,23,sexta,6,42,61.91,3.38,38
MMSM,12,,sexta,6,1,,,
SBAR,6,6,sabado,7,14,100.00,-13.57,-11
SKBO,17,,quinta,5,4,100.00,-5.0,-3
SBAQ,17,17,quinta,5,4,100.00,-8.25,0
SBJA,10,10,terca,3,10,80.00,7.3,58
SNCL,15,,domingo,1,9,100.00,-11.5,-1
MPTO,22,,quinta,5,2,100.00,-7.0,-7
SGAS,4,,quinta,5,2,100.00,-3.5,-3
SBRP,7,7,segunda,2,13,92.31,1.92,9
SBFZ,7,7,segunda,2,11,90.91,-1.36,7
SGES,20,,sexta,6,1,100.00,-57.0,-57
SBJU,1,1,quarta,4,2,100.00,-3.0,-3
SBCJ,9,9,quarta,4,1,,,
SCEL,2,,domingo,1,1,,,
SBFZ,16,16,sabado,7,105,80.95,7.12,26
LEMD,4,,terca,3,21,,,
SBGR,16,16,sabado,7,887,76.34,14.84,38
SBSV,14,14,sabado,7,543,84.26,5.85,22
LEMD,8,,quarta,4,52,86.36,-43.09,24
SBSN,14,14,sexta,6,88,88.51,2.92,22
SAEZ,3,,terca,3,35,91.43,-1.6,14
SBSP,7,7,domingo,1,542,96.63,-3.49,3
LIRF,8,,terca,3,56,73.33,10.13,28
SUMU,11,,quinta,5,88,79.31,2.37,48
SBUL,20,20,quarta,4,86,83.13,4.23,31
KIAD,23,,domingo,1,25,64.00,91.96,521
SAEZ,5,,domingo,1,83,90.00,2.64,11
SBUA,14,13,sabado,7,41,89.47,-1.87,25
SBVH,17,16,quarta,4,18,94.12,-0.88,7
SBGV,15,15,segunda,2,51,88.24,3.51,17
SABE,10,,segunda,2,133,87.12,2.52,19
SBVT,10,10,terca,3,121,86.44,0.07,19
DNMM,22,,quinta,5,42,66.67,42.0,184
SBTE,1,1,segunda,2,18,100.00,-9.22,-4
SBPA,11,11,terca,3,205,85.64,3.11,23
LPPT,7,,segunda,2,74,52.86,20.1,52
SCEL,2,,segunda,2,22,22.73,25.86,52
SBCR,11,10,sexta,6,28,96.30,-0.48,11
SBRB,1,23,quarta,4,45,93.33,34.71,11
SBPS,14,14,domingo,1,134,81.20,5.0,28
SBBR,13,13,sexta,6,188,87.03,3.23,24
SBEG,9,8,domingo,1,170,98.23,-5.96,0
SBNF,9,9,sexta,6,90,94.32,-4.18,8
SBJU,11,11,sexta,6,14,71.43,8.21,25
SBCF,5,5,domingo,1,53,100.00,-4.26,0
SBGO,14,14,sabado,7,118,86.21,2.72,29
SBSJ,18,18,sexta,6,12,72.73,4.64,20
SUMU,19,,segunda,2,35,97.14,-5.43,-2
SBBE,23,23,quinta,5,91,73.33,10.56,30
SBCT,18,18,segunda,2,176,86.55,4.8,33
TNCA,23,,sabado,7,43,81.40,1.84,23
SBEG,21,20,quarta,4,60,89.29,-0.91,23
SBMQ,2,2,sabado,7,4,75.00,3.25,20
SBSR,10,10,domingo,1,55,90.91,-2.27,13
SUMU,8,,sexta,6,8,,,
SBRP,6,6,segunda,2,32,93.75,-7.06,10
EBBR,15,,quinta,5,1,100.00,-4.0,-4
SSKW,17,16,segunda,2,16,56.25,19.56,80
SBSN,8,8,sabado,7,1,100.00,-12.0,-12
SBFI,9,9,segunda,2,36,83.33,5.83,34
SBCF,0,0,sabado,7,18,100.00,-4.67,0
SNGI,12,12,sexta,6,9,88.89,1.78,37
SBPP,10,9,sabado,7,5,80.00,5.0,40
MDPC,1,,terca,3,19,17.65,76.76,187
SBCH,6,6,quinta,5,4,100.00,-7.5,-2
SBIZ,15,15,quarta,4,12,100.00,-9.75,-4
SBCF,0,0,sexta,6,18,100.00,-5.11,0
EBLG,19,,quinta,5,1,100.00,-57.0,-57
SBML,18,18,quinta,5,23,86.36,2.68,16
TNCC,0,,terca,3,10,100.00,-7.29,9
SDLO,13,,segunda,2,1,100.00,-28.0,-28
SBKP,2,2,quarta,4,2,100.00,-31.5,-16
SBDO,10,9,sabado,7,4,100.00,-8.75,-2
SBCH,18,18,domingo,1,2,50.00,10.0,36
SBJA,10,10,quinta,5,4,50.00,9.5,26
SBMG,13,13,sabado,7,1,100.00,-2.0,-2
SCEL,12,,segunda,2,79,81.01,7.46,27
SBBE,0,0,sabado,7,69,94.20,-0.87,11
SBCG,6,5,segunda,2,113,95.46,-4.83,1
SBBE,6,6,domingo,1,165,96.32,-3.22,0
SBGR,1,1,segunda,2,371,76.75,50.46,88
SBPS,14,14,segunda,2,99,86.60,1.55,22
SBCF,8,8,sexta,6,987,90.71,2.89,14
SBSP,11,11,sexta,6,901,78.27,9.24,28
SBRF,20,20,sabado,7,137,75.74,8.75,64
SBFZ,4,4,segunda,2,208,97.02,-2.46,0
SAEZ,13,,quarta,4,141,93.33,-1.48,11
SACO,2,,segunda,2,41,92.68,-1.68,9
SBKP,23,23,terca,3,785,81.61,8.01,26
SBKP,16,16,sexta,6,221,64.93,123.88,249
SBKP,6,6,quarta,4,522,88.85,7.5,20
SBSG,10,10,quarta,4,38,94.74,0.37,15
SBFI,4,4,segunda,2,67,96.97,-2.76,4
SBCF,19,19,sexta,6,254,73.41,14.6,45
SBFL,23,23,domingo,1,66,93.85,-4.71,9
SBSP,10,10,terca,3,880,84.45,4.78,21
SBGR,11,11,quinta,5,304,87.84,5.07,18
SBGR,6,6,segunda,2,361,91.88,1.39,13
SBSR,20,20,terca,3,49,69.57,9.04,45
SBCF,6,6,segunda,2,502,93.55,0.26,8
SBBR,10,10,terca,3,280,89.53,3.36,17
SBCX,13,13,segunda,2,34,93.55,-2.13,8
LEMD,6,,quarta,4,55,30.00,42.15,67
SBSR,9,9,sabado,7,39,89.74,3.08,22
SBBE,1,1,segunda,2,84,90.36,-1.45,13
SBUL,11,11,terca,3,47,76.60,13.96,64
SBPS,12,12,sexta,6,108,88.68,1.25,18
SBPA,22,22,quarta,4,67,80.95,6.44,29
SBVT,20,20,terca,3,95,87.23,-1.28,23
SBEG,23,22,sabado,7,48,80.85,4.02,32
SOCA,13,,terca,3,11,90.91,30.82,10
SBBE,11,11,quarta,4,103,85.44,3.93,21
SBIL,11,11,domingo,1,15,92.86,-8.36,0
SBTE,12,12,terca,3,78,87.18,1.37,25
SBFI,20,20,domingo,1,68,76.12,4.58,34
SBTE,3,3,domingo,1,54,88.89,-6.24,20
SBCA,19,19,quinta,5,114,76.85,8.11,44
LEMD,4,,sexta,6,22,,,
SBRB,12,10,quinta,5,16,80.00,4.87,34
SBEG,23,22,domingo,1,19,84.21,8.16,73
SBCJ,14,14,sexta,6,53,83.02,1.45,22
SBPJ,11,11,terca,3,59,86.44,8.54,22
SBLO,14,14,quarta,4,32,87.50,1.91,18
SPJC,22,,segunda,2,29,81.82,-1.0,20
SBCG,18,17,sexta,6,38,60.53,12.66,42
MDPC,22,,quarta,4,17,,,
CYYZ,20,,quarta,4,8,75.00,11.0,60
SBCT,1,1,quinta,5,1,100.00,-18.0,-18
SBAR,6,6,domingo,1,20,90.00,-4.6,-2
KMCO,23,,sexta,6,65,85.71,5.95,22
SBPS,3,3,quinta,5,65,96.83,-4.89,0
SAZS,17,,quinta,5,8,100.00,-10.0,7
SACO,9,,quarta,4,13,84.62,40.92,300
SBGL,4,4,sabado,7,28,89.29,15.68,57
SUMU,10,,segunda,2,19,77.78,-1.67,31
SWPI,11,10,sexta,6,51,89.58,-3.4,24
KDFW,23,,terca,3,13,69.23,9.46,47
EDDF,9,,quinta,5,6,50.00,47.75,136
SKBO,2,,sabado,7,17,82.35,6.24,48
SEQM,16,,sexta,6,2,,,
SBSV,1,1,quarta,4,15,86.67,-5.53,35
SAEZ,3,,segunda,2,22,95.24,-6.71,-3
MMSM,21,,segunda,2,1,,,
SBAE,15,15,sabado,7,2,100.00,-8.5,0
SKRG,10,,quinta,5,2,50.00,14.0,21
SNTO,14,14,segunda,2,10,62.50,26.5,75
KMIA,14,,segunda,2,6,33.33,342.0,1039
SAEZ,10,,sabado,7,2,100.00,-5.0,-5
SBJP,22,22,segunda,2,2,50.00,14.5,47
SBML,18,18,sabado,7,9,100.00,-13.67,4
SBSN,5,5,quarta,4,1,100.00,-10.0,-10
EPWA,7,,sabado,7,1,,,
LIMC,10,,terca,3,1,100.00,0.0,0
SBNF,3,3,quinta,5,3,100.00,-8.33,-1
GVAC,14,,quinta,5,2,0.00,116.5,207
SBSV,2,2,segunda,2,117,94.83,-4.36,3
SBCT,10,10,segunda,2,245,81.86,5.91,29
SBGL,6,6,quinta,5,498,95.35,-0.62,6
SBGR,7,7,quarta,4,1522,77.22,11.0,32
KJFK,20,,sabado,7,25,73.91,72.52,151
SLVR,10,,sexta,6,53,56.60,17.32,45
SBGR,6,6,sexta,6,586,85.56,6.92,22
SBRF,9,9,sexta,6,302,84.51,10.08,29
SBGR,14,14,sabado,7,909,80.76,8.98,27
SBVT,11,11,terca,3,145,88.97,2.88,17
SBBR,20,20,terca,3,894,82.81,5.77,25
EGLL,17,,terca,3,80,83.54,7.86,32
SBSV,14,14,sexta,6,546,86.62,3.52,21
SBPA,14,14,quarta,4,354,86.21,5.05,21
SBRF,23,23,quarta,4,66,80.30,7.98,41
SBBE,17,17,segunda,2,344,84.50,5.04,23
SKBO,9,,quinta,5,46,73.91,13.41,31
SBRF,16,16,domingo,1,224,82.43,3.67,24
SBVT,9,9,sexta,6,158,85.90,2.22,17
SBFI,17,17,sabado,7,124,85.37,8.41,21
EDDF,6,,quarta,4,34,17.65,121.15,325
MDPC,19,,quinta,5,117,39.58,25.23,74
SABE,13,,sabado,7,79,71.43,10.77,33
SBGO,9,9,quinta,5,105,79.81,8.1,23
KJFK,0,,terca,3,55,65.39,39.83,78
SBTT,12,10,quinta,5,9,100.00,1.5,9
SKBO,10,,sexta,6,40,75.00,16.43,31
SBGR,0,0,sabado,7,244,68.44,18.0,48
SBPA,4,4,sexta,6,88,98.85,-0.64,1
SBMK,15,15,domingo,1,19,84.21,-4.68,31
SBFZ,12,12,sexta,6,181,76.24,6.58,27
SABE,9,,sexta,6,72,83.33,4.06,21
SBKP,15,15,sabado,7,235,83.33,7.97,31
SBCH,19,19,terca,3,34,77.42,3.03,25
SBFL,9,9,sexta,6,95,89.89,0.15,16
KJFK,21,,quarta,4,57,73.68,60.07,130
SBDN,14,14,segunda,2,33,81.82,2.91,23
SBAR,11,11,sabado,7,49,87.76,2.88,25
SBVC,10,10,sabado,7,80,77.50,9.26,30
SBPV,18,17,quarta,4,34,82.35,6.29,22
SKBO,14,,terca,3,53,82.35,13.84,45
SBSR,13,13,sexta,6,66,86.15,0.83,30
SBJU,2,2,quarta,4,51,78.43,5.65,29
SCEL,18,,sabado,7,131,87.50,5.85,20
SBEG,22,21,sexta,6,24,77.27,0.14,21
LEMD,3,,segunda,2,18,,,
SPJC,21,,terca,3,10,100.00,-4.2,4
SBPV,1,0,quinta,5,29,89.29,1.21,16
SBJP,10,10,quinta,5,21,95.24,1.71,12
MMMX,22,,quarta,4,4,100.00,-11.75,7
SUMU,20,,quinta,5,22,94.44,-4.72,9
SBAU,15,15,sexta,6,16,87.50,3.94,23
SPJC,3,,segunda,2,16,37.50,20.75,40
KATL,19,,sabado,7,5,80.00,3.4,16
SACO,14,,terca,3,11,81.82,7.55,38
FAOR,6,,domingo,1,9,44.44,21.67,57
SBDN,7,7,terca,3,13,91.67,7.33,5
SNCL,14,,domingo,1,3,66.67,17.67,76
SWPI,2,1,terca,3,1,100.00,-4.0,-4
SDLO,16,,sabado,7,1,100.00,-13.0,-13
LTFM,0,,segunda,2,2,0.00,844.5,1398
SBAE,9,9,sabado,7,1,100.00,-1.0,-1
SBPL,5,5,sabado,7,4,100.00,-7.5,-5
SBNF,21,21,sabado,7,3,100.00,-11.67,-6
SBBV,14,13,sabado,7,2,100.00,-5.0,-1
SBPJ,21,21,terca,3,1,100.00,0.0,0
LFPO,6,,sexta,6,1,100.00,-13.0,-13
SBGR,22,22,quarta,4,1588,58.33,20.11,52
SBSP,17,17,segunda,2,947,71.81,11.31,38
KMCO,23,,sabado,7,125,73.55,11.36,55
SBRF,8,8,sexta,6,490,92.18,1.81,12
SBGL,9,9,quarta,4,307,88.53,8.66,20
SBBE,14,14,sexta,6,59,67.80,12.98,52
SBJV,12,12,terca,3,26,96.15,-7.46,1
KMIA,0,,domingo,1,91,43.84,180.25,741
SBCY,3,2,segunda,2,185,92.86,-2.67,11
SBBE,8,8,sabado,7,28,89.29,-0.82,18
SBCG,20,19,terca,3,106,83.33,0.7,21
SBMO,17,17,quarta,4,148,88.36,1.77,17
SBBR,17,17,quarta,4,251,88.62,0.09,16
SBSV,11,11,quarta,4,339,85.93,2.67,21
SBMO,13,13,terca,3,36,86.11,-0.58,22
SABE,3,,domingo,1,87,87.21,5.77,19
SBCY,17,16,sabado,7,96,88.54,-2.25,19
SBGO,9,9,terca,3,106,87.62,3.85,16
LFPG,8,,quinta,5,90,57.30,24.27,51
SBVT,5,5,segunda,2,147,97.24,-2.5,0
SBEG,13,12,terca,3,67,78.79,5.02,28
SBRJ,21,21,domingo,1,92,93.18,-5.63,1
SBTE,16,16,quinta,5,58,80.36,7.55,39
SBFI,5,5,terca,3,147,86.30,12.18,24
SBVT,10,10,sexta,6,131,83.08,8.51,26
SBBE,19,19,quinta,5,20,78.95,4.74,45
SBPK,12,12,sabado,7,38,97.22,-10.19,3
SBCH,19,19,sexta,6,31,60.00,15.27,52
SBRP,16,16,domingo,1,60,83.05,6.12,43
KEWR,20,,segunda,2,5,80.00,1.4,21
FAOR,10,,terca,3,32,90.63,2.66,11
SBEG,2,1,quarta,4,159,85.16,8.63,20
SBGL,13,13,quinta,5,408,86.35,7.93,20
SBNF,6,6,sexta,6,70,94.03,-2.75,1
SBFZ,6,6,sabado,7,64,96.77,-4.68,2
SBSL,0,0,quarta,4,50,83.67,170.82,1429
SBTE,16,16,sexta,6,61,83.61,3.48,25
EHAM,9,,domingo,1,28,66.67,68.37,231
SBLO,5,5,sexta,6,76,97.30,3.01,0
SBDN,5,5,quinta,5,41,92.50,-2.5,1
SBJP,2,2,quinta,5,103,78.43,5.03,29
LIRF,18,,sexta,6,45,66.67,31.33,74
KMIA,21,,quarta,4,118,66.67,37.07,119
SBUL,5,5,quarta,4,138,94.89,-4.55,-3
SBPL,3,3,quarta,4,39,86.84,-2.53,24
SBKP,5,5,sabado,7,35,94.29,45.86,9
SBFZ,2,2,domingo,1,155,96.05,-4.47,6
SBFI,16,16,segunda,2,26,73.08,8.62,27
SBEG,22,21,sabado,7,11,72.73,8.36,40
LFPG,6,,terca,3,66,46.97,21.47,49
LEMD,5,,segunda,2,30,78.57,9.57,35
SBJV,10,10,quinta,5,29,85.71,-0.18,33
SBAU,10,10,quarta,4,28,96.43,-3.29,12
SBSG,22,22,quinta,5,50,94.00,-4.32,10
SBJU,16,16,quarta,4,10,100.00,-2.2,9
SGAS,3,,quarta,4,35,94.29,-2.51,-1
LSZH,17,,quinta,5,30,51.72,15.83,29
SBIZ,4,4,quarta,4,31,96.43,-4.93,10
MPTO,20,,quarta,4,63,92.06,-1.51,11
SBPV,1,0,quarta,4,29,93.10,0.24,13
SAEZ,8,,sexta,6,14,100.00,-7.0,-7
SJZA,11,11,terca,3,17,100.00,-7.5,0
SBCX,15,15,quinta,5,29,82.14,1.25,27
SBPK,12,12,terca,3,41,97.22,-7.22,0
SBMO,16,16,sexta,6,50,91.84,0.29,13
GVAC,17,,sabado,7,16,57.14,42.93,212
SEQM,15,,sabado,7,8,50.00,21.38,90
SBVT,21,21,sabado,7,14,100.00,-7.21,-1
SACO,6,,domingo,1,16,87.50,10.44,101
SBMG,20,20,segunda,2,7,100.00,-9.0,-3
SBPV,2,1,sabado,7,43,87.18,7.26,24
LFPG,19,,quinta,5,21,60.00,17.2,35
SWPI,10,9,terca,3,2,100.00,-4.5,-1
SACO,9,,sabado,7,27,88.89,11.56,35
SBJR,17,17,quinta,5,17,92.86,6.86,10
SAEZ,8,,sabado,7,17,68.75,54.88,107
SBTE,10,10,sabado,7,13,100.00,-3.69,14
SBCF,4,4,quarta,4,1,100.00,-9.0,-9
EBBR,8,,quarta,4,11,90.91,6.45,11
SKRG,10,,terca,3,1,100.00,4.0,4
SBBV,14,13,sexta,6,1,100.00,-5.0,-5
SBJU,1,1,domingo,1,2,0.00,41.0,58
SAZS,17,,sabado,7,9,100.00,-5.44,9
SBTE,22,22,quarta,4,5,80.00,-0.6,24
SCEL,3,,domingo,1,1,100.00,-190.0,-190
SBPL,18,18,sabado,7,3,66.67,7.33,19
SWPI,15,14,domingo,1,2,50.00,114.0,228
DNMM,23,,terca,3,2,,,
KMIA,3,,quarta,4,2,0.00,42.0,42
TNCC,14,,quinta,5,1,100.00,-2.0,-2
SBMG,14,14,sabado,7,1,100.00,-19.0,-19
SBDN,15,15,sabado,7,51,89.58,10.1,20
LPPT,14,,domingo,1,89,30.34,31.25,61
SBBE,6,6,segunda,2,115,94.78,-2.78,-2
SBGL,22,22,sexta,6,624,83.01,4.86,24
SBCF,16,16,segunda,2,321,86.44,5.58,26
SBPJ,3,3,domingo,1,91,97.80,-7.92,-2
SBMK,9,9,segunda,2,52,84.62,3.5,27
SBGR,16,16,segunda,2,926,75.46,10.66,35
SBZM,11,11,sabado,7,11,90.00,3.1,14
SBGR,19,19,quinta,5,394,75.33,13.99,30
SAEZ,19,,quarta,4,93,82.35,11.84,29
SBMQ,2,2,sexta,6,60,94.92,-6.12,0
SBAR,16,16,domingo,1,52,86.54,2.27,19
SBEG,0,23,quinta,5,87,76.47,17.98,54
SBNF,7,7,domingo,1,34,87.10,4.74,24
SBPA,7,7,terca,3,108,85.85,13.25,28
SBRJ,21,21,segunda,2,153,86.49,0.9,24
SBNF,14,14,quarta,4,125,82.79,5.4,29
SBMO,11,11,quarta,4,154,83.12,3.47,23
SBCT,13,13,sexta,6,173,84.12,5.54,25
SBCT,22,22,quinta,5,110,87.96,0.17,20
SBCY,17,16,quarta,4,134,67.67,14.77,46
SBMG,5,5,domingo,1,82,93.67,-4.68,2
SBBR,10,10,quinta,5,252,91.46,3.19,12
SBFL,23,23,terca,3,54,85.42,4.46,26
TJBQ,2,,domingo,1,36,84.85,-5.15,26
SBMO,18,18,sexta,6,206,77.50,8.25,28
SBGO,15,15,quinta,5,110,73.64,12.66,40
SBKP,11,11,sabado,7,205,87.50,3.09,20
SBBE,2,2,quinta,5,199,90.67,1.6,13
FNBJ,6,,sexta,6,40,51.28,25.64,74
SBRF,1,1,domingo,1,32,65.39,24.77,85
SBJA,18,18,sabado,7,10,100.00,-4.22,-1
SBJP,11,11,sexta,6,109,84.11,4.03,23
SPJC,23,,sabado,7,44,95.46,-1.77,8
LEMD,10,,segunda,2,26,66.67,14.92,26
EDDF,17,,sabado,7,65,63.08,12.0,31
SBFI,14,14,quinta,5,126,72.22,13.47,39
SBRF,5,5,sabado,7,141,97.86,-5.69,-1
SBIL,17,17,domingo,1,52,86.54,2.21,22
SPJC,21,,sexta,6,10,70.00,1.8,17
EHAM,7,,domingo,1,39,42.11,58.92,199
SBCB,16,16,sabado,7,13,38.46,19.08,57
SBIL,18,18,quarta,4,25,84.00,10.0,29
SBIL,17,17,segunda,2,78,83.33,5.59,24
SBVT,13,13,quarta,4,25,83.33,6.92,27
SBCG,20,19,domingo,1,99,71.72,10.4,48
ELLX,9,,domingo,1,2,,,
MDPC,0,,terca,3,51,84.85,32.67,54
EGLL,17,,sabado,7,83,96.39,-3.66,11
MDPC,0,,quinta,5,33,96.88,-2.09,9
SBRF,5,5,domingo,1,122,95.00,-2.17,3
KMIA,19,,sabado,7,14,75.00,56.0,244
SBUA,13,12,terca,3,12,91.67,-3.17,15
EGLL,19,,quinta,5,21,76.19,8.33,39
SBBR,0,0,sexta,6,12,83.33,10.5,28
SBSG,23,23,quarta,4,21,47.62,23.95,67
SEQM,17,,quinta,5,34,78.79,14.82,53
SBRF,14,14,sabado,7,43,90.48,7.4,10
SGAS,18,,terca,3,3,100.00,-6.0,-4
SBIP,6,6,quarta,4,29,93.10,1.79,-1
SBSO,15,14,quarta,4,13,92.31,-10.0,9
SBVT,21,21,quarta,4,73,90.41,-4.04,11
SBMO,22,22,quinta,5,7,100.00,-15.57,-11
SBRB,3,1,terca,3,6,83.33,5.67,69
KDFW,21,,domingo,1,12,33.33,146.58,98
SCEL,2,,quinta,5,2,0.00,126.0,172
MDPC,23,,quarta,4,5,100.00,-0.8,8
SBAR,15,15,quinta,5,15,80.00,-0.4,24
SBSL,0,0,domingo,1,10,100.00,-5.8,11
SGAS,2,,quinta,5,22,100.00,-1.73,3
SBPF,17,17,terca,3,4,100.00,-10.0,-6
SEQM,4,,quarta,4,3,0.00,28.33,39
SEQM,20,,sexta,6,24,37.50,25.75,385
SBRP,20,20,domingo,1,9,87.50,16.13,131
OTHH,17,,quinta,5,13,58.33,26.67,71
KMIA,17,,quinta,5,3,0.00,108.33,239
SPZO,14,,domingo,1,4,,,
SEQM,15,,domingo,1,1,0.00,334.0,334
SEQM,7,,quinta,5,1,100.00,-10.0,-10
SBTE,7,7,domingo,1,2,50.00,11.5,27
SBPA,3,3,terca,3,11,81.82,2.09,16
GVAC,14,,sabado,7,1,0.00,95.0,95
SKBO,3,,domingo,1,2,0.00,18.0,18
SGAS,17,,segunda,2,1,0.00,103.0,103
LSZH,10,,quarta,4,1,0.00,92.0,92
LEMD,13,,sexta,6,1,,,
SBGR,21,21,terca,3,1139,74.45,13.91,39
SAEZ,1,,domingo,1,24,95.00,-4.2,2
SBKP,14,14,domingo,1,331,84.11,6.37,24
SBGR,21,21,quinta,5,1181,73.59,11.98,41
SBRF,19,19,sexta,6,124,92.62,-0.73,11
SBKP,6,6,segunda,2,480,91.68,4.05,11
SBGR,9,9,domingo,1,1637,76.46,13.34,28
SBFL,6,6,terca,3,197,85.48,13.83,37
SBSP,20,20,quinta,5,800,70.50,11.75,43
SBCA,12,12,domingo,1,5,80.00,4.4,49
SBBR,9,9,quinta,5,1084,94.52,-0.36,8
SBCH,6,6,domingo,1,3,100.00,-11.33,-10
SBGL,11,11,domingo,1,481,88.08,2.07,20
SBGO,10,10,segunda,2,221,83.41,3.77,22
SBPS,16,16,sabado,7,144,84.03,10.42,26
SBVT,15,15,terca,3,123,77.87,11.53,40
SBSG,6,6,domingo,1,103,93.14,3.52,0
SBRF,3,3,sexta,6,381,92.23,-0.1,12
SBVC,10,10,domingo,1,76,85.53,1.64,26
SBBR,12,12,quinta,5,303,87.84,1.3,20
SBPA,22,22,quinta,5,55,88.00,1.26,19
SBPA,12,12,quarta,4,177,86.71,0.75,20
SBCA,11,11,sexta,6,74,81.16,4.43,25
SBGR,0,0,domingo,1,275,83.08,9.57,28
SBMA,4,4,segunda,2,82,100.00,-10.74,-5
SABE,12,,sabado,7,78,55.84,24.42,68
LPPT,14,,quinta,5,60,33.33,27.93,60
SBRF,7,7,terca,3,28,96.43,-4.5,9
SBVT,19,19,sabado,7,163,79.01,5.37,33
LPPT,19,,sexta,6,85,52.38,19.52,42
SBPS,3,3,domingo,1,80,96.25,-3.7,1
SBSL,0,0,sexta,6,59,93.22,90.02,13
GMMN,12,,segunda,2,52,78.85,-0.29,28
SBJP,11,11,segunda,2,110,85.05,8.18,24
SBCA,19,19,quarta,4,111,88.57,3.1,21
SBSL,11,11,terca,3,141,82.14,4.79,24
SBCY,6,5,terca,3,57,100.00,-8.05,0
SKBO,9,,sabado,7,46,84.78,4.57,18
SBCJ,14,14,sabado,7,49,89.36,2.85,18
SBGO,6,6,quinta,5,142,95.04,-2.22,0
SBSV,20,20,terca,3,61,73.33,6.68,28
SBPJ,3,3,terca,3,102,95.10,-7.71,1
SBTE,3,3,sexta,6,74,95.89,-5.4,2
SBGO,13,13,terca,3,34,97.06,-4.62,8
SBMY,18,17,terca,3,20,89.47,0.37,27
SBMG,10,10,terca,3,23,82.61,7.57,35
SBJU,17,17,sexta,6,8,75.00,1.75,24
SBIL,19,19,segunda,2,10,90.00,-1.3,10
SBFI,9,9,domingo,1,55,81.48,31.76,45
SBUL,22,22,quarta,4,5,80.00,4.4,46
SSKW,16,15,quarta,4,27,74.07,9.04,34
SKBO,9,,segunda,2,48,85.42,6.9,17
SBCY,23,22,quinta,5,4,75.00,3.0,22
SBGV,9,9,sabado,7,46,84.78,4.37,43
SCEL,23,,segunda,2,7,85.71,9.71,71
LSZH,17,,sabado,7,30,70.00,11.5,28
MPTO,0,,sabado,7,66,90.91,-1.07,14
SBUL,9,9,terca,3,13,84.62,2.38,48
SBPS,6,6,domingo,1,23,86.96,15.3,64
SBCA,23,23,quinta,5,7,100.00,-9.57,-6
SBSG,20,20,domingo,1,56,87.50,-1.5,16
SBMK,18,18,sexta,6,14,85.71,15.07,154
SBBR,3,3,sabado,7,4,50.00,18.0,40
SBNM,14,14,quarta,4,11,90.91,-4.82,-7
SGAS,21,,domingo,1,10,14.29,74.43,683
SBPA,0,0,quinta,5,2,100.00,1.0,7
SBCH,16,16,sabado,7,13,100.00,-7.17,-1
SBVT,3,3,quarta,4,7,100.00,-8.43,0
SBSN,16,16,domingo,1,22,95.24,-9.67,-5
SBTF,11,10,quarta,4,9,88.89,-3.78,20
SWBC,9,8,domingo,1,5,60.00,14.0,55
MPTO,2,,quarta,4,3,,,
SBPA,22,22,sabado,7,7,100.00,-9.43,-2
SBPL,23,23,domingo,1,1,100.00,-8.0,-8
SBPS,22,22,domingo,1,2,,,
SKBO,11,,sabado,7,1,0.00,35.0,35
SLLP,4,,quarta,4,4,,,
KFLL,22,,terca,3,1,100.00,-9.0,-9
SBEG,8,7,quinta,5,1,100.00,-4.0,-4
SGAS,4,,sabado,7,1,100.00,9.0,9
SBMA,0,0,quinta,5,1,100.00,-21.0,-21
SBSM,14,14,terca,3,1,100.00,-21.0,-21
SBIP,20,20,quinta,5,48,76.09,17.0,100
SBGR,7,7,sabado,7,1511,78.50,9.37,27
SBRP,19,19,sexta,6,101,79.17,12.88,53
SBGL,18,18,domingo,1,485,82.05,6.35,28
SBGO,18,18,domingo,1,91,93.41,0.16,10
SBFZ,21,21,domingo,1,49,89.80,4.14,16
SBGL,1,1,quarta,4,109,81.31,6.52,33
SBSP,6,6,domingo,1,557,95.83,0.07,6
SBRF,16,16,segunda,2,311,75.16,9.51,37
SBLO,5,5,segunda,2,64,95.16,-3.15,-1
SBSV,19,19,segunda,2,221,84.40,4.11,24
SBGO,15,15,sexta,6,118,72.03,11.11,30
SBAE,10,10,domingo,1,51,81.63,0.1,41
SBSV,12,12,sexta,6,272,78.65,7.63,30
SBIL,11,11,sexta,6,5,100.00,-8.8,-2
SBEG,13,12,domingo,1,73,94.29,-2.71,10
SBGL,6,6,terca,3,522,93.23,0.8,9
SBEG,2,1,domingo,1,165,87.88,5.71,19
SBGL,14,14,sexta,6,379,86.21,8.48,25
SBRJ,16,16,quarta,4,119,92.86,-0.24,11
SBFL,17,17,segunda,2,184,65.56,20.81,56
SBFL,8,8,terca,3,161,91.88,1.54,11
SBJP,17,17,quarta,4,59,84.75,2.73,26
SBKP,7,7,domingo,1,286,93.66,0.3,12
SBMQ,14,14,sexta,6,62,88.53,5.54,16
SBKP,21,21,sexta,6,294,75.37,13.69,43
SBRJ,14,14,terca,3,215,87.81,2.35,20
SBCY,15,14,sexta,6,82,82.90,5.34,35
SBMG,6,6,quarta,4,92,93.33,7.6,-1
SBRJ,11,11,terca,3,305,85.95,3.4,22
SBBE,14,14,quarta,4,113,87.39,2.48,20
SBNF,16,16,quinta,5,45,86.36,1.34,19
SBMA,3,3,sexta,6,31,93.55,-3.45,4
LIRF,5,,sexta,6,22,,,
MPTO,21,,domingo,1,44,88.64,-1.8,17
OTHH,1,,quarta,4,23,78.95,32.53,189
LPPT,9,,sexta,6,89,34.83,31.46,60
SKBO,14,,quinta,5,53,88.46,6.58,16
SBRB,1,23,domingo,1,49,100.00,-6.0,2
SBFL,13,13,sabado,7,56,77.78,8.89,36
SBFZ,13,13,segunda,2,29,86.21,19.62,47
SBPA,22,22,domingo,1,27,96.30,-3.04,12
SBCF,22,22,terca,3,412,83.78,7.06,29
DNMM,18,,quarta,4,22,50.00,-325.67,178
SBMO,20,20,domingo,1,92,91.30,10.07,11
SBIL,14,14,quarta,4,18,100.00,-8.78,-3
SBPL,11,11,segunda,2,16,93.75,-9.69,-4
SBNF,18,18,quarta,4,82,87.65,1.07,17
SBSV,12,12,segunda,2,251,82.52,9.34,26
SBCX,15,15,domingo,1,31,73.33,6.4,27
SAAR,9,,sabado,7,13,84.62,1.08,28
SBIP,9,9,quarta,4,17,100.00,-2.71,6
SBLO,13,13,quarta,4,31,74.19,10.39,50
OTHH,19,,segunda,2,44,62.16,15.49,27
SBNF,15,15,sabado,7,38,75.68,6.27,44
SBPS,8,8,quinta,5,60,96.55,-4.47,7
LTFM,14,,quarta,4,34,75.76,26.42,30
SBCT,0,0,sabado,7,20,90.00,-2.05,7
SBPL,17,17,sabado,7,26,96.15,-2.19,11
SBGO,15,15,domingo,1,31,90.32,-2.03,15
LTFM,3,,quinta,5,11,90.91,6.73,14
SBDN,5,5,domingo,1,35,97.06,-3.38,5
SBTF,15,14,segunda,2,7,71.43,2.57,28
CYYZ,20,,domingo,1,3,,,
KIAH,23,,quinta,5,41,63.42,51.27,57
SBGO,0,0,sexta,6,24,95.83,-4.46,6
SBPV,1,0,domingo,1,28,92.59,-0.7,14
KDFW,23,,domingo,1,12,70.00,8.3,28
SBCN,14,14,quinta,5,26,92.00,-1.12,10
KMIA,6,,segunda,2,7,50.00,22.75,46
EDDF,11,,domingo,1,6,0.00,89.0,202
SBJE,2,2,domingo,1,7,100.00,-1.71,13
SWPI,16,15,sabado,7,1,100.00,7.0,7
SPZO,18,,domingo,1,3,,,
SBTE,0,0,sexta,6,8,87.50,0.13,23
SBAE,14,14,domingo,1,1,100.00,-25.0,-25
SUMU,12,,domingo,1,5,100.00,-3.8,4
SBSN,1,1,sexta,6,3,66.67,20.0,81
SBNF,22,22,sabado,7,1,0.00,33.0,33
SWPI,9,8,domingo,1,1,100.00,2.0,2
SBMQ,19,19,domingo,1,1,0.00,146.0,146
SBKP,18,18,quarta,4,425,73.51,13.68,47
SBCT,7,7,quinta,5,308,92.11,-2.56,7
SBSG,3,3,domingo,1,86,97.67,-7.99,-4
SUMU,11,,segunda,2,74,90.54,-1.68,15
SLVR,13,,terca,3,51,88.24,-0.8,18
SNGI,11,11,quinta,5,17,88.24,-1.18,16
SPJC,2,,quinta,5,139,81.88,6.07,29
SBBV,15,14,quinta,5,51,94.00,-1.64,8
SBGR,18,18,quarta,4,870,72.46,13.17,40
KMCO,23,,quinta,5,108,82.86,4.45,32
SBSR,6,6,domingo,1,21,95.24,-3.24,-2
SBVT,18,18,sabado,7,94,87.23,-0.16,26
SBCF,13,13,domingo,1,343,86.57,4.77,19
SBKP,4,4,terca,3,56,86.54,26.77,59
SBMG,11,11,terca,3,21,78.95,8.37,46
SBMK,19,19,quarta,4,26,73.08,17.31,43
SBPS,17,17,quinta,5,116,74.78,7.77,31
SBPL,19,19,quarta,4,13,84.62,3.54,16
SBRJ,10,10,quarta,4,269,90.15,0.5,15
SBRB,13,11,quarta,4,18,77.78,8.83,59
SBSR,14,14,segunda,2,12,90.00,11.6,15
SBBR,1,1,sabado,7,27,100.00,-3.59,0
SAEZ,17,,domingo,1,13,28.57,92.29,529
SBSL,5,5,terca,3,57,92.98,-4.07,3
OMDW,13,,quinta,5,35,51.43,77.46,70
SBBE,15,15,domingo,1,72,91.55,-4.65,8
SBVT,22,22,quinta,5,21,90.48,2.86,14
SBJA,19,19,domingo,1,29,86.21,6.69,47
SNAB,10,10,quarta,4,18,94.12,2.29,1
SBUL,10,10,domingo,1,100,90.82,-1.32,15
SBGO,23,23,sabado,7,8,87.50,-3.13,39
SBCX,12,12,quinta,5,51,97.92,-7.42,2
SBLO,10,10,sexta,6,63,74.19,15.44,33
SBFL,1,1,terca,3,15,100.00,-12.92,-5
SBFZ,21,21,quarta,4,50,79.59,31.18,43
SBGV,15,15,quarta,4,49,77.08,5.15,35
OTHH,17,,domingo,1,18,71.43,20.21,31
SBMG,16,16,sexta,6,18,88.89,-0.61,28
SBIZ,15,15,domingo,1,12,100.00,-9.58,-6
SBJR,11,11,sabado,7,42,80.00,5.83,22
LPPR,9,,sexta,6,5,80.00,28.2,135
SAEZ,20,,quinta,5,19,94.44,-2.94,10
KIAH,22,,sexta,6,23,68.18,15.05,42
SAME,0,,quinta,5,11,,,
EHAM,6,,domingo,1,24,47.62,20.86,50
KJFK,22,,quarta,4,27,80.77,38.15,46
SBCH,15,15,segunda,2,39,81.58,3.05,38
EHAM,9,,quarta,4,18,100.00,-42.67,-28
SBCH,19,19,quarta,4,31,79.31,5.66,43
DNMM,13,,domingo,1,17,,,
SBJE,17,17,terca,3,10,90.00,0.6,15
LFPG,9,,quarta,4,11,36.36,28.36,41
TNCA,0,,terca,3,6,100.00,-7.17,-4
SABE,8,,terca,3,11,100.00,1.73,14
SBGO,23,23,terca,3,12,91.67,-4.33,5
SKBO,2,,quarta,4,1,0.00,19.0,19
KLAX,17,,domingo,1,7,71.43,8.86,26
SBPV,13,12,sexta,6,1,100.00,-5.0,-5
SBZM,10,10,domingo,1,1,100.00,-6.0,-6
SNCL,8,,sabado,7,4,100.00,-10.0,1
SBRB,11,9,domingo,1,3,100.00,-7.67,-2
SBIL,20,20,quinta,5,1,100.00,-3.0,-3
SEQM,2,,sabado,7,1,0.00,1039.0,1039
SBPS,21,21,terca,3,2,100.00,-12.5,-12
MDPC,23,,segunda,2,2,100.00,-1.0,-1
KMIA,15,,sabado,7,3,100.00,-31.67,0
SBFZ,10,10,sexta,6,114,88.39,1.82,20
SBFI,19,19,domingo,1,135,76.12,8.72,34
SKBO,19,,segunda,2,39,76.92,8.1,46
SABE,10,,quinta,5,96,92.55,1.03,13
SBKP,13,13,sabado,7,775,85.90,7.18,23
SBGR,10,10,segunda,2,515,86.95,4.76,20
SBPA,1,1,quinta,5,50,92.00,-0.62,8
SBPS,15,15,domingo,1,120,87.40,4.51,20
SBPS,12,12,domingo,1,72,88.57,6.96,22
SBRJ,11,11,sexta,6,317,87.01,3.33,25
SBPA,13,13,quarta,4,184,89.67,0.51,17
SBSL,11,11,domingo,1,148,83.11,8.62,31
SBCH,10,10,quarta,4,51,82.35,8.27,39
SCEL,5,,quinta,5,244,85.65,6.23,61
LFPG,6,,segunda,2,62,45.16,27.42,70
LPPT,20,,quinta,5,63,46.77,24.42,44
SBVT,18,18,quinta,5,89,80.90,3.06,27
SABE,10,,sabado,7,103,84.47,11.34,34
SBZM,13,13,terca,3,11,100.00,-8.82,-5
SBUL,14,14,terca,3,58,75.44,7.7,35
SBSV,5,5,terca,3,317,96.53,-4.72,2
SBNF,20,20,quinta,5,80,79.22,4.21,37
SBCF,15,15,quarta,4,308,82.30,6.65,32
SBSV,10,10,quinta,5,220,90.00,7.5,13
SEQM,17,,sabado,7,11,20.00,178.1,490
SBBE,0,0,domingo,1,130,81.40,23.88,50
LEMD,5,,quarta,4,42,61.91,38.93,145
SBPS,20,20,sexta,6,93,83.53,3.09,31
MPTO,18,,quarta,4,55,96.30,-3.69,1
SBCG,22,21,sexta,6,13,92.31,-1.31,12
SBSG,6,6,sabado,7,28,92.59,-7.04,-3
SBBR,18,18,sabado,7,88,93.18,-2.26,8
SBCG,12,11,segunda,2,44,81.82,16.18,57
SBBE,11,11,segunda,2,71,91.55,2.11,12
SNTO,15,15,segunda,2,41,83.78,5.24,21
SBFN,14,15,quinta,5,100,82.83,3.68,30
SBAR,2,2,domingo,1,53,86.79,2.96,18
LPPT,8,,domingo,1,30,66.67,14.43,33
SBBE,23,23,terca,3,77,84.00,3.27,24
SAEZ,14,,sexta,6,70,68.75,14.67,40
MPTO,21,,quinta,5,52,92.31,-1.35,13
MDPC,17,,sabado,7,18,,,
SBEG,1,0,domingo,1,57,86.28,4.12,23
SBSI,16,15,domingo,1,40,80.00,5.18,33
SBRD,15,14,segunda,2,50,83.67,6.24,45
SBAE,10,10,quinta,5,47,86.36,2.68,21
SBCG,10,9,sabado,7,49,93.88,-3.0,11
KATL,20,,terca,3,47,61.70,16.32,66
OTHH,19,,sexta,6,44,60.53,11.66,36
SBRJ,12,12,sexta,6,174,92.49,-1.64,11
SBUL,14,14,quinta,5,55,80.00,7.15,41
EGLL,17,,domingo,1,82,86.42,5.69,24
KATL,19,,segunda,2,4,75.00,3.0,19
LEMD,13,,terca,3,1,,,
KMIA,12,,sexta,6,3,66.67,19.67,56
SAEZ,20,,segunda,2,18,71.43,56.71,241
SAZS,15,,quinta,5,8,100.00,-3.88,9
SBFI,6,6,sexta,6,35,93.94,22.48,-2
KMCO,19,,terca,3,15,73.33,12.47,60
SAEZ,3,,quarta,4,19,89.47,-3.16,42
SAZS,17,,domingo,1,10,88.89,-2.89,24
SBJA,18,18,terca,3,9,88.89,-0.56,26
SBJP,19,19,terca,3,12,91.67,2.17,13
SBSI,10,9,quinta,5,12,66.67,7.92,28
SBCH,12,12,terca,3,5,60.00,9.8,27
DNMM,18,,sexta,6,26,50.00,-219.75,71
SBVC,6,6,terca,3,32,96.88,-7.56,4
SBRB,1,23,sabado,7,7,100.00,-6.71,2
SBGV,10,10,segunda,2,7,100.00,-7.86,1
SUMU,8,,domingo,1,8,,,
LEMD,20,,domingo,1,1,100.00,0.0,0
SBAR,20,20,quarta,4,5,80.00,0.8,20
SEQM,6,,sabado,7,2,100.00,0.0,0
SBVC,7,7,sexta,6,4,100.00,-6.5,0
SBJP,14,14,sexta,6,1,100.00,-9.0,-9
OMDW,20,,domingo,1,2,100.00,0.0,0
SBML,15,15,quarta,4,1,100.00,12.0,12
SBJV,9,9,segunda,2,1,100.00,6.0,6
SGAS,10,,terca,3,1,,,
SGAS,8,,quinta,5,1,0.00,90.0,90
SBGL,1,1,segunda,2,187,81.82,8.74,36
SBFZ,14,14,sexta,6,604,89.06,3.65,17
SBCF,23,23,sexta,6,529,84.00,5.29,30
SPJC,1,,sexta,6,122,83.47,8.83,34
SBBR,6,6,quarta,4,332,95.06,-1.46,7
SBRF,3,3,quinta,5,498,94.33,-1.46,7
SBBR,17,17,sexta,6,280,86.96,1.94,21
SBGL,20,20,segunda,2,296,73.63,10.46,43
SAEZ,7,,segunda,2,66,80.65,14.74,34
SABE,19,,sabado,7,137,72.59,9.59,44
SBSV,17,17,terca,3,243,85.19,8.59,28
KMIA,0,,terca,3,51,62.00,139.56,613
SBGO,10,10,quarta,4,213,86.67,2.65,22
SBMO,17,17,terca,3,148,88.51,1.6,18
KATL,23,,sexta,6,25,88.00,6.12,18
SBPA,8,8,terca,3,154,86.84,3.09,21
SBMA,14,14,segunda,2,32,100.00,-9.94,-3
SBCF,13,13,terca,3,324,83.76,6.5,27
SBCT,12,12,quinta,5,111,88.07,0.07,22
SBFI,10,10,terca,3,141,80.71,7.88,34
SBPA,10,10,sexta,6,391,88.86,4.02,17
SBBE,6,6,terca,3,128,92.97,-4.83,6
SBPA,10,10,quarta,4,376,88.20,2.94,19
SBJP,4,4,sexta,6,136,96.30,-4.67,5
SBBR,4,4,quinta,5,82,90.24,0.22,15
KLAX,18,,segunda,2,12,100.00,-4.08,1
LPPT,14,,segunda,2,111,32.73,26.53,45
SBVT,6,6,sexta,6,167,95.03,0.45,0
SBCT,5,5,sabado,7,253,97.20,-2.22,5
SBRJ,17,17,quinta,5,390,80.00,6.33,31
SBVT,15,15,domingo,1,54,77.36,9.83,30
SBSV,6,6,quinta,5,136,96.99,-3.57,0
SBMO,2,2,sabado,7,92,82.22,0.82,22
SBPA,7,7,quinta,5,176,85.38,17.52,41
SBSN,2,2,quinta,5,17,100.00,-9.47,-7
SBPA,6,6,quarta,4,182,96.69,-4.6,-2
SBSR,6,6,terca,3,15,100.00,-9.79,-6
SBGR,5,5,segunda,2,366,77.68,20.16,45
SBPP,10,9,sexta,6,38,88.57,8.94,30
SBKP,16,16,domingo,1,133,84.21,4.86,24
SBRP,18,18,quarta,4,55,81.48,2.24,33
SBSV,4,4,segunda,2,120,98.32,-5.55,-2
SBCY,2,1,quarta,4,50,82.00,0.72,20
KATL,20,,quinta,5,47,65.96,21.34,76
SBCY,16,15,terca,3,65,90.77,-0.49,10
KMIA,11,,sabado,7,61,93.33,0.05,6
SBML,19,19,domingo,1,26,68.00,10.16,37
SAEZ,9,,quinta,5,2,50.00,10.5,21
SBSI,13,12,quarta,4,15,93.33,-7.8,2
LIRF,4,,domingo,1,27,70.37,21.22,90
SBPA,22,22,sexta,6,55,91.67,0.56,11
SBTE,11,11,quinta,5,13,83.33,2.25,26
SBDN,15,15,segunda,2,56,83.93,3.91,17
SBSG,9,9,sexta,6,26,92.31,5.92,8
SBVC,17,17,quarta,4,2,100.00,3.0,8
SBBR,0,0,terca,3,11,100.00,-3.6,6
SSKW,17,16,domingo,1,20,85.00,2.85,21
SEGU,13,,domingo,1,18,,,
SBCR,10,9,quarta,4,4,100.00,-2.75,6
SBCH,6,6,sabado,7,6,100.00,-9.6,0
SBPV,3,2,quinta,5,30,86.67,5.0,17
SBKG,15,15,terca,3,41,85.37,5.68,30
SUMU,9,,sabado,7,22,81.82,20.05,102
SBCA,12,12,quinta,5,5,66.67,10.67,29
SBMO,1,1,terca,3,9,100.00,-5.89,0
SBSN,5,5,domingo,1,1,100.00,-10.0,-10
LTFM,9,,sexta,6,4,0.00,62.67,109
SUMU,1,,quarta,4,1,0.00,28.0,28
SBJE,11,11,terca,3,1,100.00,-11.0,-11
KMIA,14,,quarta,4,9,33.33,51.5,109
SBJR,12,12,sexta,6,1,100.00,5.0,5
SAZS,19,,terca,3,4,75.00,4.75,25
SBSV,14,14,terca,3,535,90.96,3.39,14
SBCF,19,19,terca,3,238,80.25,9.19,35
SBSL,15,15,sabado,7,87,89.54,2.52,16
SBFL,11,11,quarta,4,186,84.24,4.87,22
SBDN,15,15,domingo,1,102,86.28,1.46,22
SBFZ,15,15,sabado,7,64,85.71,15.03,25
KMIA,13,,quarta,4,59,72.73,48.49,100
SBGL,8,8,domingo,1,496,94.11,0.1,8
SBRF,20,20,sexta,6,133,74.44,9.83,36
SBSG,2,2,segunda,2,134,91.05,-0.76,12
SBSV,13,13,quarta,4,174,91.12,0.86,13
SBSV,18,18,quarta,4,233,72.57,9.13,42
LPPT,7,,sabado,7,84,49.40,28.18,50
SBGR,19,19,segunda,2,391,77.14,10.46,33
SBAR,2,2,sabado,7,109,81.13,2.08,29
SBBR,6,6,domingo,1,255,92.86,-1.35,5
SBJU,2,2,quinta,5,56,78.57,4.59,37
SBJU,19,19,quarta,4,23,95.65,-5.57,-3
SBSV,23,23,sexta,6,158,89.10,-0.32,20
SBJU,16,16,segunda,2,16,81.25,4.56,23
MPTO,13,,segunda,2,17,82.35,11.41,49
EHAM,9,,quinta,5,69,43.28,152.67,191
SBFL,17,17,sexta,6,186,75.27,8.89,35
SAAR,14,,quarta,4,12,75.00,5.25,19
SBFZ,6,6,quinta,5,64,92.19,5.8,3
SBCY,4,3,sabado,7,49,89.80,0.2,29
LPPT,5,,quarta,4,88,52.87,19.4,40
SBFZ,9,9,quarta,4,63,95.24,-2.57,8
SBSR,6,6,quarta,4,20,100.00,-9.74,-2
LIMC,8,,quinta,5,51,52.94,22.8,68
SBAR,13,13,quarta,4,16,87.50,12.63,104
SBRB,16,14,sexta,6,53,98.08,-5.87,1
KATL,0,,sabado,7,52,78.43,12.2,42
SBSR,12,12,quinta,5,28,96.43,-6.29,-3
SBSR,8,8,quarta,4,65,95.39,-1.12,9
SBJP,12,12,quinta,5,76,78.95,8.83,26
SBAE,17,17,sabado,7,12,75.00,-0.5,38
SBFI,19,19,segunda,2,105,75.49,10.89,37
SBMG,9,9,terca,3,27,88.46,1.42,21
SBAR,3,3,quarta,4,54,88.89,0.09,17
SBGO,7,7,sabado,7,21,62.50,14.75,28
MPTO,13,,sabado,7,17,100.00,2.76,12
SBMO,9,9,domingo,1,86,88.37,0.88,19
SBSG,18,18,sabado,7,68,75.39,4.86,29
SBFL,10,10,quinta,5,239,82.83,6.44,27
SBMO,15,15,sexta,6,17,86.67,-2.8,30
SBPS,11,11,segunda,2,84,84.52,3.96,18
SBVC,7,7,sabado,7,4,100.00,-10.0,-9
SBSJ,5,5,quinta,5,6,100.00,-7.33,3
SBFZ,23,23,quinta,5,51,76.47,10.82,44
SBSV,16,16,terca,3,77,83.12,4.1,25
ZBAA,3,,domingo,1,22,4.55,33.27,43
EHAM,7,,quarta,4,22,42.86,20.52,38
SBNF,18,18,quinta,5,84,84.52,3.8,25
SEQM,18,,quarta,4,17,86.67,1.8,28
LIRF,6,,quinta,5,12,91.67,-5.58,7
SBVG,10,10,quarta,4,33,82.76,13.62,42
KMIA,10,,terca,3,18,68.75,24.38,37
SBJA,9,9,quarta,4,11,100.00,-5.6,-3
SBVC,6,6,domingo,1,32,90.63,-2.84,6
SBCG,19,18,sexta,6,33,69.70,12.06,28
SBEG,7,6,domingo,1,12,58.33,14.5,43
SBUR,15,15,quinta,5,11,81.82,1.73,26
SBJU,15,15,segunda,2,1,100.00,-17.0,-17
SBCF,4,4,sabado,7,7,83.33,11.67,86
SBCA,16,16,sabado,7,4,75.00,-0.75,39
SNEB,10,10,terca,3,1,100.00,0.0,0
EBLG,21,,sexta,6,4,,,
SBCH,18,18,sabado,7,1,100.00,8.0,8
SAAR,3,,quinta,5,2,100.00,-14.5,-7
MMSM,21,,sexta,6,1,,,
SBJE,2,2,terca,3,4,100.00,-3.75,6
SBML,16,16,sexta,6,1,100.00,-10.0,-10
SWPI,15,14,segunda,2,1,100.00,-7.0,-7
SBKG,0,0,sabado,7,2,100.00,-12.0,-10
SBJU,19,19,domingo,1,4,100.00,-10.75,-6
SEQM,15,,quarta,4,1,,,
SBAE,15,15,quinta,5,1,100.00,-19.0,-19
GOBD,15,,quarta,4,1,0.00,2032.0,2032
SBCF,17,17,sabado,7,374,88.47,0.58,20
SBGL,5,5,domingo,1,208,97.07,-4.33,3
SBCG,6,5,quarta,4,135,97.02,-5.8,0
KMCO,20,,quinta,5,18,61.11,28.33,107
SBKP,17,17,domingo,1,609,81.20,6.17,30
SBRF,8,8,terca,3,454,92.00,1.41,11
SBFI,15,15,sexta,6,41,87.50,4.75,18
SBEG,4,3,sexta,6,226,91.51,-1.45,14
SBBE,4,4,sabado,7,49,97.96,-6.65,0
SBSV,14,14,quarta,4,526,89.60,2.38,16
SBVT,8,8,segunda,2,79,90.79,-1.66,14
SBEG,9,8,quarta,4,158,93.46,1.11,8
SBCF,17,17,quarta,4,583,78.91,7.46,35
KIAH,23,,sabado,7,44,59.09,38.3,83
SBCY,5,4,sabado,7,43,95.35,-5.42,-1
SEQM,17,,terca,3,33,81.25,12.34,21
SBLO,12,12,sabado,7,17,82.35,-4.06,16
SBGO,20,20,quinta,5,116,82.57,2.27,26
SBGO,14,14,quinta,5,77,71.05,10.89,24
SBPA,22,22,segunda,2,53,78.43,4.37,24
SBIP,6,6,sabado,7,30,96.43,3.21,-3
SBCT,8,8,sexta,6,97,84.04,17.56,59
SNCL,17,,quarta,4,3,100.00,1.5,4
SBBE,3,3,segunda,2,98,84.69,1.7,21
EDDF,16,,segunda,2,73,85.19,4.33,19
SBFL,1,1,quinta,5,22,100.00,-14.8,-5
SBPA,21,21,quarta,4,193,88.44,-0.67,19
SBTU,8,8,terca,3,14,78.57,2.36,22
SBSI,12,11,quinta,5,8,100.00,-4.75,2
SBKG,13,13,quinta,5,51,90.20,5.04,11
SBPL,3,3,sabado,7,32,96.88,-1.63,9
SBUR,17,17,sabado,7,13,100.00,-6.5,3
SBFI,16,16,domingo,1,35,85.71,6.31,46
SBSL,2,2,sexta,6,117,93.91,-0.15,11
KMIA,9,,quinta,5,62,41.82,236.78,1029
SBFZ,1,1,sexta,6,24,95.83,-8.0,5
SBBR,23,23,segunda,2,181,82.87,3.63,24
SBMO,2,2,terca,3,103,92.16,-3.65,10
SBDN,14,14,domingo,1,34,97.06,-5.0,4
SBCF,0,0,terca,3,17,94.12,-2.24,5
SBSG,12,12,domingo,1,195,86.46,4.15,20
HAAB,3,,sexta,6,53,31.43,24.8,53
SBCT,0,0,segunda,2,26,96.15,-2.0,8
SABE,17,,terca,3,60,86.67,8.13,23
SAME,13,,sabado,7,30,65.52,12.83,48
SBNM,20,20,quinta,5,12,100.00,-10.82,-8
SBCY,5,4,domingo,1,40,97.50,-7.23,-3
SBPL,10,10,segunda,2,68,92.65,1.35,11
SBSI,18,17,segunda,2,63,79.37,3.62,37
SBJA,18,18,domingo,1,14,71.43,4.07,27
KATL,23,,segunda,2,16,68.75,8.31,37
SBTE,20,20,domingo,1,3,100.00,-13.67,-10
SBAR,4,4,segunda,2,3,100.00,-6.33,-5
SBMG,8,8,quinta,5,9,100.00,-7.89,-4
SNCL,13,,sexta,6,36,94.12,-9.0,4
SBGO,1,1,domingo,1,23,100.00,-11.26,-6
KBOS,10,,sexta,6,31,48.28,28.07,93
SBDO,9,8,segunda,2,18,77.78,6.5,28
KMEM,6,,quarta,4,14,92.86,-1.29,5
SBAR,20,20,domingo,1,5,80.00,17.4,51
SBJI,17,16,quinta,5,13,69.23,10.08,18
SBMG,17,17,terca,3,5,100.00,-6.4,0
SBMK,16,16,quinta,5,21,85.71,8.0,27
SPJC,13,,sexta,6,17,,,
SBCG,16,15,sabado,7,17,64.71,11.12,54
SBPF,17,17,segunda,2,4,75.00,4.25,24
SNCL,8,,domingo,1,4,100.00,-11.5,-10
EBBR,4,,domingo,1,1,0.00,37.0,37
SBPK,10,10,sabado,7,1,100.00,-14.0,-14
SBPA,10,10,segunda,2,353,88.79,2.02,18
SBJP,11,11,quinta,5,105,87.62,1.87,22
GOBD,9,,terca,3,13,30.77,34.08,87
SBKP,6,6,sabado,7,473,88.58,3.8,22
SBRJ,21,21,quarta,4,145,87.23,-1.43,23
SBBE,5,5,domingo,1,122,95.90,-5.03,0
SBBE,6,6,quarta,4,160,94.27,-0.9,4
SBCG,18,17,quinta,5,37,70.27,11.16,32
SBTE,12,12,quarta,4,88,80.68,5.47,33
SBGO,20,20,domingo,1,149,88.59,-0.16,18
SBPS,10,10,segunda,2,47,81.82,10.82,24
SBSP,12,12,domingo,1,663,89.67,2.24,16
SBSG,13,13,sabado,7,101,89.90,1.6,19
SBSV,19,19,sabado,7,141,79.43,5.37,29
SBFN,15,16,terca,3,53,94.12,-1.35,8
SBFI,21,21,sabado,7,12,72.73,3.64,20
SCEL,21,,segunda,2,54,75.93,16.61,45
SBFZ,19,19,quarta,4,83,81.71,5.3,23
SBUL,10,10,sabado,7,100,83.84,10.52,43
SBFL,18,18,quinta,5,119,83.19,7.24,46
LPPT,13,,sexta,6,110,33.03,33.14,69
SUMU,19,,domingo,1,51,96.00,-3.58,1
SLVR,10,,quinta,5,51,43.14,29.98,70
SBRF,19,19,sabado,7,50,91.67,-1.38,15
SBFZ,15,15,quinta,5,14,69.23,23.23,90
SBPV,13,12,domingo,1,50,94.00,-3.06,10
SGAS,18,,sexta,6,53,78.43,7.33,37
SPJC,2,,terca,3,88,88.64,2.57,25
SBIL,10,10,segunda,2,62,74.19,5.39,33
KATL,20,,sabado,7,46,71.74,16.11,57
SBMG,10,10,sabado,7,23,86.36,14.09,30
SBKP,4,4,sabado,7,28,83.33,76.04,34
OMDB,2,,quinta,5,51,58.82,23.45,60
SBNF,17,17,segunda,2,84,87.34,2.97,33
SBVT,20,20,sabado,7,91,90.00,-1.31,13
KMIA,15,,sexta,6,28,9.52,416.14,1131
SNDV,20,20,quinta,5,15,92.86,-4.93,10
SAEZ,17,,segunda,2,18,72.73,-55.55,44
SBBV,2,1,terca,3,33,93.94,-5.61,0
FNLU,7,,domingo,1,3,100.00,-27.0,9
SBSV,16,16,quarta,4,91,78.89,9.1,42
SBSL,23,23,quinta,5,4,100.00,-4.25,11
SBCY,14,13,terca,3,17,82.35,3.94,26
SBPS,19,19,quinta,5,17,88.24,22.65,32
SBRP,18,18,domingo,1,22,81.82,14.05,78
SBDN,16,16,domingo,1,18,77.78,6.11,23
SBJV,12,12,segunda,2,29,92.86,-4.68,11
SBCH,20,20,quarta,4,33,93.55,-2.61,7
SBJV,8,8,domingo,1,19,94.44,-4.39,3
SMJP,21,,sabado,7,52,48.08,78.6,137
SBAR,18,18,quinta,5,31,93.55,2.23,12
SBJU,18,18,quinta,5,17,100.00,-7.94,-2
SBFI,20,20,sabado,7,39,87.18,0.9,27
SBMO,1,1,sexta,6,8,100.00,-7.38,-3
SNHS,9,9,segunda,2,18,87.50,14.69,90
SUMU,12,,terca,3,11,63.64,7.91,27
MDSD,16,,sabado,7,1,,,
SMJP,23,,quarta,4,4,75.00,16.0,30
SACO,10,,quinta,5,15,60.00,59.67,333
SNCL,8,,terca,3,2,100.00,-5.0,0
SWPI,22,21,sabado,7,2,100.00,-6.5,0
SBSR,4,4,sabado,7,5,100.00,-6.2,-2
SBRF,1,1,segunda,2,11,90.91,0.0,2
SBFI,0,0,domingo,1,1,0.00,18.0,18
SWPI,14,13,sexta,6,1,0.00,44.0,44
SKBO,15,,sabado,7,3,0.00,156.0,156
SBFZ,7,7,sabado,7,1,100.00,-10.0,-10
SEQM,13,,quarta,4,1,0.00,102.0,102
SBJU,15,15,quinta,5,1,0.00,17.0,17
SAEZ,10,,quarta,4,1,0.00,33.0,33
SBFL,5,5,sexta,6,252,92.62,-1.51,4
SBSN,14,14,segunda,2,88,87.50,1.82,25
SBRJ,19,19,quarta,4,323,89.47,0.88,16
SBSP,22,22,terca,3,288,88.97,1.17,17
SBVC,6,6,quinta,5,32,96.77,-7.39,-1
SBCF,21,21,domingo,1,389,87.82,2.6,19
SBEG,10,9,quinta,5,31,60.71,96.39,514
SBPA,13,13,terca,3,231,91.11,0.32,13
SBCF,12,12,terca,3,579,85.19,6.24,23
SBSV,23,23,quinta,5,165,86.67,2.57,24
SBKG,13,13,sabado,7,41,85.00,-1.75,16
SBEG,4,3,quarta,4,170,93.33,6.52,10
LEMD,9,,domingo,1,69,64.71,22.0,55
KMCO,21,,sabado,7,55,87.27,-20.42,22
SBGL,10,10,quarta,4,470,85.87,5.43,24
SBIP,12,12,terca,3,51,81.63,0.96,25
SBBR,6,6,terca,3,326,96.27,-2.47,0
SBGL,19,19,sexta,6,373,74.52,14.7,54
SBPL,10,10,sabado,7,74,81.08,1.38,26
SBVG,13,13,terca,3,17,76.47,12.71,77
SBRJ,18,18,sabado,7,148,92.52,-1.87,8
SBFZ,12,12,segunda,2,142,80.85,5.96,26
SBUL,11,11,sexta,6,47,86.96,3.74,16
SBFL,13,13,terca,3,84,85.71,1.49,21
SBAR,16,16,sabado,7,48,84.78,3.65,29
SPJC,15,,terca,3,35,91.43,1.34,7
SBFZ,20,20,sabado,7,116,85.97,1.27,34
KMIA,21,,segunda,2,108,69.23,45.0,91
SABE,3,,segunda,2,106,89.52,0.8,16
SBUL,18,18,segunda,2,13,92.31,14.08,13
SBPA,18,18,quinta,5,197,75.77,11.77,43
SBRF,7,7,sabado,7,41,92.50,-1.48,5
SBKP,1,1,segunda,2,61,2.86,470.49,1365
SBEG,21,20,domingo,1,37,91.18,0.09,13
SBVT,4,4,quarta,4,61,95.08,-4.02,0
SBMO,8,8,quinta,5,33,96.97,-7.67,-3
SKBO,0,,segunda,2,66,87.93,7.14,20
SBEG,1,0,sabado,7,32,71.43,37.79,92
SBEG,2,1,sexta,6,176,77.46,11.0,33
SBJE,1,1,quarta,4,4,75.00,13.25,50
SBCJ,17,17,terca,3,50,88.00,-2.14,23
SBCT,21,21,domingo,1,44,77.27,60.09,36
SBCG,3,2,quarta,4,5,100.00,-8.8,-3
SNZR,15,15,terca,3,33,80.77,7.88,45
SAEZ,23,,terca,3,72,78.57,6.33,27
SEQM,18,,terca,3,17,64.71,16.53,89
SBFL,14,14,sexta,6,51,81.63,6.73,24
SBPL,2,2,domingo,1,56,87.50,-4.2,23
SBGO,7,7,quinta,5,16,100.00,-9.0,-5
SSKW,17,16,quarta,4,22,76.19,13.81,64
SBSL,16,16,terca,3,36,83.33,3.11,34
SBSR,16,16,domingo,1,15,93.33,-3.4,10
SAAR,12,,sexta,6,18,83.33,-0.39,25
SPJC,13,,segunda,2,17,,,
FNBJ,6,,quarta,4,40,42.50,24.35,59
SABE,8,,domingo,1,43,76.74,9.56,32
SBAU,13,13,domingo,1,12,100.00,-6.58,-1
SUMU,16,,segunda,2,18,94.12,0.06,15
SBJR,7,7,domingo,1,9,100.00,-2.57,0
SKBO,17,,sabado,7,5,80.00,15.2,73
MPTO,1,,quinta,5,4,100.00,-5.25,-2
KMIA,22,,segunda,2,10,22.22,148.22,801
SBPV,17,16,quarta,4,13,76.92,7.31,21
SBBW,18,17,quinta,5,2,100.00,-16.0,-15
SNTS,10,10,segunda,2,33,90.63,0.41,11
SBMQ,2,2,quinta,5,9,88.89,-0.44,20
FAOR,9,,terca,3,18,94.12,-4.35,6
SGAS,2,,segunda,2,5,80.00,176.6,897
SBGO,3,3,sexta,6,4,100.00,-9.25,-8
SBMO,21,21,sabado,7,5,100.00,-9.4,-5
SNCL,12,,quinta,5,14,100.00,-10.46,0
SWPI,18,17,quinta,5,2,100.00,7.5,8
SBJU,10,10,segunda,2,5,100.00,-6.6,-2
SBMQ,12,12,domingo,1,2,50.00,13.0,26
LTFM,10,,quarta,4,11,81.82,12.09,18
SWPI,13,12,segunda,2,1,100.00,-9.0,-9
SWMW,15,14,terca,3,4,100.00,-6.5,-6
DNMM,6,,terca,3,1,100.00,-15.0,-15
GOBD,18,,terca,3,1,0.00,239.0,239
SBPJ,19,19,sexta,6,5,80.00,-0.6,20
DNMM,2,,quarta,4,2,100.00,-43.0,-43
SKBO,8,,quarta,4,1,100.00,12.0,12
SYCJ,11,,terca,3,1,100.00,8.0,8
SBAX,11,11,domingo,1,2,50.00,8.5,26
SBNF,4,4,quinta,5,1,100.00,1.0,1
SBMO,15,15,terca,3,1,100.00,0.0,0
SBGR,9,9,quinta,5,1534,75.13,11.2,28
SBSG,12,12,segunda,2,190,86.84,4.74,18
LPPT,19,,sabado,7,90,48.32,21.49,43
SBCT,17,17,sabado,7,232,84.35,3.15,23
SBSV,5,5,sabado,7,326,94.67,-3.74,3
SBVT,17,17,sexta,6,87,80.46,8.9,41
SBFL,19,19,domingo,1,193,75.26,11.06,38
SBRF,22,22,sabado,7,340,85.33,3.51,21
SUMU,13,,segunda,2,74,91.67,-0.29,15
SKBO,1,,terca,3,72,69.44,45.06,58
FAOR,10,,sexta,6,44,88.64,12.23,16
SBGL,3,3,domingo,1,83,84.00,5.08,22
SBSL,14,14,segunda,2,43,72.09,11.12,38
SBJE,16,16,segunda,2,52,82.69,6.77,25
LPPT,19,,quarta,4,67,47.62,22.14,49
SBCT,9,9,sabado,7,169,84.66,10.1,21
SBRF,11,11,quinta,5,176,88.51,3.51,17
SBFN,12,13,sexta,6,53,92.31,-0.92,12
SBEG,12,11,sexta,6,210,77.99,10.39,33
SBCF,5,5,segunda,2,84,94.05,1.42,4
SNGI,11,11,terca,3,23,100.00,-3.22,5
SBIP,20,20,segunda,2,50,77.08,4.75,51
SBCG,8,7,domingo,1,36,94.44,-7.19,3
SBVT,8,8,domingo,1,67,98.49,-5.98,3
LFPG,8,,sexta,6,114,39.82,43.04,78
SBFL,14,14,quarta,4,68,89.71,1.21,16
SBMO,5,5,quarta,4,102,100.00,-6.45,0
SBUL,20,20,quinta,5,94,79.35,3.84,25
SBEG,2,1,sabado,7,149,88.11,0.69,24
SGAS,16,,segunda,2,8,,,
KIAH,22,,quarta,4,22,40.91,62.64,166
SBSV,16,16,sexta,6,87,78.82,5.66,29
KJFK,20,,quarta,4,25,66.67,32.75,79
SAEZ,5,,segunda,2,56,98.21,-3.36,2
SBGO,10,10,domingo,1,202,92.82,0.8,12
EDDF,18,,sabado,7,22,90.91,7.09,15
MDPC,20,,quinta,5,13,,,
SBKG,15,15,sabado,7,32,84.38,4.09,20
SBCX,12,12,segunda,2,52,91.84,-3.35,13
SNGI,11,11,segunda,2,26,100.00,-5.96,8
SBCH,14,14,segunda,2,35,82.35,6.59,21
SGAS,13,,segunda,2,12,75.00,13.25,84
SBVT,22,22,sabado,7,21,80.95,-0.62,25
SBBE,18,18,sexta,6,68,84.85,2.64,24
SBMA,14,14,sexta,6,48,91.30,-3.2,15
SBFI,20,20,quinta,5,71,78.57,11.91,45
LIRF,16,,quinta,5,17,41.18,22.88,51
SEQM,18,,quinta,5,15,66.67,13.53,54
SBCA,16,16,domingo,1,11,87.50,-0.38,27
SBEG,19,18,sexta,6,73,93.15,1.08,8
SBAR,3,3,domingo,1,62,95.16,-6.0,2
SBBW,17,16,quarta,4,51,76.19,11.0,48
SBCG,9,8,sabado,7,3,100.00,-0.33,5
SWPI,11,10,segunda,2,51,83.33,21.23,267
SBSI,15,14,sexta,6,14,92.86,-7.29,6
SBLO,20,20,domingo,1,10,70.00,6.8,31
SBKG,3,3,sexta,6,35,97.14,-9.29,-8
SBAU,11,11,sabado,7,25,92.00,-5.92,-3
SBTE,11,11,sabado,7,12,83.33,5.0,19
SBJP,5,5,terca,3,20,95.00,-4.25,0
SBIP,17,17,sexta,6,40,94.60,-5.49,6
SBRB,4,2,domingo,1,5,60.00,237.4,847
SBKP,0,0,quinta,5,31,57.14,228.68,1053
SBMG,10,10,sexta,6,25,80.00,7.76,56
SBUR,14,14,terca,3,4,100.00,-4.0,13
SBSR,19,19,sabado,7,11,54.55,18.64,30
SBZM,9,9,quarta,4,7,85.71,2.71,52
LFPG,19,,quarta,4,21,76.19,46.67,71
SBJE,17,17,quinta,5,12,91.67,1.75,7
SBJV,18,18,domingo,1,11,72.73,11.0,49
DNMM,4,,terca,3,1,100.00,-4.0,-4
SBCN,16,16,quarta,4,18,100.00,-8.94,-8
SNCP,15,15,quinta,5,17,88.24,-5.71,22
SBSO,14,13,sabado,7,5,100.00,-11.6,-4
SKBO,4,,segunda,2,1,,,
SBSL,22,22,domingo,1,2,100.00,-11.0,-7
SBDB,11,10,quinta,5,1,100.00,-11.0,-11
SBFI,23,23,domingo,1,1,100.00,-4.0,-4
GVAC,6,,quarta,4,1,100.00,1.0,1
EHAM,12,,quarta,4,1,,,
OTHH,17,,quarta,4,1,100.00,0.0,0
SBPS,18,18,segunda,2,88,81.61,5.94,38
SBCF,11,11,quarta,4,354,86.74,2.65,22
SBGL,1,1,quinta,5,126,82.40,5.5,32
SBKP,9,9,sabado,7,553,87.64,6.71,19
SBBR,8,8,quarta,4,1316,92.06,2.82,13
SBKP,22,22,terca,3,576,72.91,14.87,43
SBGL,10,10,segunda,2,418,84.39,6.38,31
MMMX,20,,sabado,7,52,84.62,5.62,21
SBGL,10,10,terca,3,383,84.53,4.57,26
SBCF,15,15,segunda,2,366,80.44,8.4,30
SBTE,5,5,quinta,5,37,100.00,-5.89,-1
SBFI,8,8,domingo,1,63,91.94,2.19,15
SBFL,11,11,domingo,1,211,82.21,6.23,25
SBCY,11,10,quarta,4,113,86.73,2.58,20
SBCT,6,6,sexta,6,204,95.57,-2.24,2
SAEZ,11,,sabado,7,74,80.00,54.57,72
SABE,10,,sexta,6,135,84.44,7.93,32
SCEL,10,,quarta,4,51,92.16,2.18,13
SBEG,4,3,sabado,7,235,92.86,9.82,7
SBMK,15,15,quarta,4,21,85.00,-0.7,18
SBJP,17,17,domingo,1,118,88.14,0.59,19
SBKP,12,12,quinta,5,429,82.19,7.48,28
SBPF,10,10,quinta,5,52,94.12,-3.35,11
SNSS,11,11,quinta,5,30,92.86,-2.0,8
SBCT,8,8,domingo,1,117,95.65,-3.01,-2
SBFL,6,6,quarta,4,193,90.00,1.51,12
SBBR,19,19,terca,3,220,82.19,5.98,29
SBNF,9,9,segunda,2,87,98.84,-4.66,3
LSZH,18,,domingo,1,22,86.36,12.32,20
LTFM,4,,domingo,1,40,87.18,12.05,28
SBNF,10,10,quarta,4,76,78.67,6.67,39
SUMU,2,,sexta,6,91,76.67,12.98,32
SBBR,7,7,terca,3,230,94.27,-2.99,5
SBTE,21,21,quinta,5,49,91.84,-5.86,7
MPTO,20,,segunda,2,32,74.19,3.42,21
KIAD,0,,quarta,4,21,47.62,23.33,46
SBGO,20,20,segunda,2,116,83.93,4.94,29
SBRF,2,2,quinta,5,254,89.24,1.82,16
SBFI,17,17,segunda,2,95,82.11,8.04,28
SBCF,5,5,terca,3,88,94.19,-2.33,3
SBCY,15,14,terca,3,31,93.33,-4.07,9
SBUL,11,11,quinta,5,47,82.61,9.74,43
SBIL,12,12,sabado,7,58,89.66,-1.5,19
SBFI,18,18,sabado,7,18,72.22,13.83,111
SBNF,23,23,domingo,1,6,60.00,4.0,27
SBSO,15,14,quinta,5,13,100.00,-15.54,-2
SNCP,16,16,sexta,6,18,94.44,-6.5,0
OTHH,5,,sexta,6,3,50.00,50.0,201
SLVR,10,,sabado,7,38,21.05,41.68,79
FAOR,9,,sabado,7,7,100.00,-1.57,3
LEMD,9,,segunda,2,47,44.44,23.93,48
SCEL,10,,quinta,5,33,87.50,14.41,16
SKBO,16,,quarta,4,34,93.94,4.52,11
MMUN,22,,sabado,7,33,100.00,-7.09,-4
SBCX,15,15,segunda,2,30,85.71,1.29,28
SBRP,5,5,sexta,6,49,91.84,-4.27,6
SAZS,14,,sexta,6,9,44.44,55.78,215
SBTE,21,21,sexta,6,53,92.16,-5.14,6
SBIP,20,20,sabado,7,44,81.82,-1.07,29
SBSG,9,9,quarta,4,28,100.00,-6.68,3
SEGU,13,,quarta,4,18,,,
SBAR,5,5,quarta,4,12,91.67,-3.08,0
LTFM,0,,sexta,6,6,40.00,21.6,52
SBLO,8,8,segunda,2,13,91.67,6.92,-4
SBFI,8,8,sexta,6,12,100.00,-0.92,8
SBPV,12,11,segunda,2,4,100.00,-0.5,4
GVAC,21,,quarta,4,23,66.67,20.67,78
KMCO,19,,domingo,1,18,88.89,5.39,43
SBTE,14,14,terca,3,6,100.00,-7.83,-1
DNMM,15,,terca,3,11,,,
SBTE,7,7,sabado,7,5,100.00,-12.0,-9
SBUG,18,18,terca,3,1,100.00,-11.0,-11
SBCF,4,4,quinta,5,1,100.00,0.0,0
SBFZ,6,6,quarta,4,2,100.00,-13.5,-13
SEQM,8,,sabado,7,1,100.00,-10.0,-10
SBPL,23,23,terca,3,5,100.00,-12.0,-3
SBBV,17,16,sabado,7,1,100.00,-23.0,-23
SAEZ,4,,sabado,7,3,66.67,3.33,21
EBBR,6,,sabado,7,2,50.00,28.5,57
SBTE,21,21,sabado,7,1,100.00,-9.0,-9
SABE,15,,sabado,7,70,84.29,18.86,42
SBVT,10,10,segunda,2,124,82.93,3.07,21
SBGL,12,12,segunda,2,339,82.84,4.72,27
LPPT,6,,sabado,7,83,35.37,24.07,47
SBCT,19,19,quinta,5,321,77.12,8.39,40
SAME,12,,sabado,7,22,81.82,6.5,25
SBCY,2,1,quinta,5,45,84.44,4.27,38
SBBE,3,3,quarta,4,93,87.10,1.37,17
KIAH,23,,sexta,6,44,67.44,30.67,62
KMCO,22,,segunda,2,34,79.41,12.53,56
SBGO,17,17,terca,3,93,79.57,7.81,42
KEWR,20,,quarta,4,5,75.00,16.75,57
SBNF,9,9,quinta,5,86,91.86,1.99,9
SBVT,16,16,quarta,4,72,87.32,-0.01,22
SBMO,0,0,segunda,2,3,66.67,6.0,32
SBCF,18,18,sabado,7,202,87.13,5.0,24
SBSV,16,16,quinta,5,89,85.06,1.52,21
GOBD,12,,segunda,2,12,25.00,83.67,315
SBMO,3,3,segunda,2,93,94.44,12.71,6
SBBE,11,11,domingo,1,100,88.00,5.48,19
SBFL,5,5,quinta,5,251,93.95,-2.42,4
SBSG,13,13,sexta,6,32,56.25,15.25,45
SBBR,22,22,domingo,1,187,92.47,-2.28,11
SBEG,9,8,sexta,6,199,94.85,-3.51,4
SACO,0,,terca,3,32,,,
SBFZ,9,9,sabado,7,56,96.36,-7.0,0
SBMG,19,19,domingo,1,36,82.86,2.06,36
SBSR,9,9,quinta,5,32,93.75,-3.97,7
SBSL,0,0,segunda,2,40,97.50,-8.98,-6
SBJV,10,10,sexta,6,33,93.94,-0.15,8
SBBE,1,1,quinta,5,58,98.28,-5.52,6
SBRJ,15,15,terca,3,318,89.10,2.39,17
LEMD,5,,sexta,6,31,61.29,33.16,110
SBRJ,11,11,quarta,4,306,93.29,-0.92,12
SABE,12,,sexta,6,64,69.84,14.56,38
KMIA,3,,quinta,5,1,100.00,-16.0,-16
SAEZ,22,,sabado,7,54,86.21,5.34,26
SBBE,5,5,quarta,4,113,95.58,-4.04,7
SBBR,13,13,terca,3,194,90.67,0.66,15
CYUL,23,,sexta,6,31,66.67,28.07,91
SBGO,12,12,segunda,2,61,88.33,1.15,19
SCEL,1,,sabado,7,54,66.67,16.41,51
SBEG,21,20,terca,3,21,80.00,19.85,135
SABE,2,,domingo,1,11,100.00,-9.45,-7
LIRF,5,,terca,3,22,,,
SBBV,15,14,domingo,1,52,96.15,-7.08,5
SBJU,1,1,sexta,6,7,85.71,0.29,20
SBFI,6,6,quinta,5,31,96.55,14.34,0
FAOR,5,,segunda,2,11,9.09,74.55,125
SBLO,13,13,sexta,6,31,70.97,7.0,26
SBGO,1,1,segunda,2,47,93.62,-3.34,10
SBPJ,18,18,domingo,1,18,88.89,9.72,29
SBGO,7,7,sexta,6,9,88.89,3.44,82
OTHH,2,,sexta,6,16,87.50,23.06,21
SBKG,15,15,quinta,5,38,86.84,0.63,21
SBPS,21,21,quarta,4,6,100.00,-14.0,-4
MDPC,14,,segunda,2,36,,,
SBEG,10,9,sabado,7,11,72.73,20.64,61
SGES,5,,domingo,1,2,0.00,236.0,236
LPPT,10,,segunda,2,44,44.19,22.35,51
LTFM,14,,sabado,7,34,70.59,16.53,51
SBMO,7,7,segunda,2,12,100.00,-6.58,-2
EDDF,18,,domingo,1,22,86.36,5.91,16
SBUA,16,15,quinta,5,9,62.50,27.5,162
OTHH,22,,sabado,7,9,66.67,13.83,61
SBGO,7,7,segunda,2,17,100.00,-6.53,3
SBFL,22,22,terca,3,50,93.18,-4.23,11
KDFW,23,,sexta,6,12,66.67,19.92,91
KMIA,1,,segunda,2,27,54.17,77.33,137
SBAU,11,11,terca,3,24,95.83,-7.42,0
SBMK,12,12,domingo,1,13,100.00,-7.67,-4
SBTE,0,0,quinta,5,8,87.50,0.75,23
SBCA,20,20,segunda,2,4,50.00,7.5,22
SBCH,12,12,sexta,6,4,75.00,8.5,24
SEQM,13,,terca,3,2,,,
SBGO,21,21,quinta,5,2,50.00,19.0,46
SABE,23,,quinta,5,8,87.50,-0.63,30
OTHH,3,,quarta,4,9,75.00,-3.5,43
LFPO,9,,sexta,6,1,100.00,-12.0,-12
KJFK,19,,quinta,5,8,87.50,-0.13,22
SWPI,5,4,terca,3,1,100.00,-6.0,-6
LIMC,20,,quinta,5,1,100.00,5.0,5
SNDV,18,18,sexta,6,2,100.00,6.5,13
SWBC,10,9,quarta,4,1,0.00,20.0,20
GVAC,13,,terca,3,1,0.00,178.0,178
SBSL,12,12,sabado,7,18,88.89,3.06,28
SBFZ,3,3,sexta,6,190,93.05,-1.9,10
MMMX,20,,quinta,5,51,84.31,13.37,24
SBFL,20,20,segunda,2,161,82.12,6.72,32
SBMO,19,19,sabado,7,108,96.23,-6.14,8
SBKP,15,15,quinta,5,257,79.22,9.7,36
SBPL,2,2,quinta,5,64,92.06,-1.35,14
SBGL,17,17,quarta,4,428,79.10,10.01,32
SBPL,2,2,segunda,2,70,90.00,0.74,5
SBGR,23,23,quarta,4,1563,54.79,19.65,48
KJFK,20,,sexta,6,26,73.91,15.22,40
SBKP,16,16,sabado,7,171,78.24,84.52,76
SBPJ,4,4,domingo,1,50,98.00,-5.82,0
SBFZ,19,19,domingo,1,90,89.77,2.61,20
SBGL,21,21,sabado,7,535,87.71,3.37,21
SBJA,18,18,segunda,2,12,66.67,19.92,82
SKBO,19,,sabado,7,39,66.67,18.0,34
SBPV,4,3,quarta,4,51,72.55,11.25,33
SBGL,7,7,sabado,7,763,86.67,6.83,19
LPPT,5,,quinta,5,92,51.09,24.08,39
SBCF,20,20,sexta,6,289,66.90,12.65,47
SBCG,11,10,segunda,2,120,77.97,6.26,30
SBBR,16,16,sexta,6,202,80.10,6.77,25
SBVT,16,16,sexta,6,77,82.90,5.49,21
SBEG,11,10,domingo,1,51,92.00,-3.8,9
SBGR,11,11,segunda,2,343,87.84,4.96,20
SBFL,6,6,quinta,5,180,85.14,9.5,39
SBJU,0,0,segunda,2,41,92.68,-4.61,6
KDFW,22,,segunda,2,36,62.86,37.86,130
SLVR,14,,sexta,6,58,66.67,15.46,60
SCEL,16,,sexta,6,95,87.91,9.2,20
SBIZ,2,2,quinta,5,43,90.70,-5.44,12
LPPT,6,,domingo,1,125,36.00,26.66,50
SUMU,18,,sexta,6,49,81.25,9.0,61
SBPJ,4,4,quarta,4,40,95.00,-3.25,-2
SBCH,20,20,segunda,2,41,82.05,6.67,48
SABE,14,,sexta,6,129,72.66,16.42,36
SBFI,5,5,sabado,7,170,90.36,3.72,15
SBRF,4,4,segunda,2,132,96.09,-3.31,6
LSZH,17,,sexta,6,31,50.00,18.5,27
SBJU,11,11,quarta,4,15,53.33,25.47,64
SAEZ,12,,quinta,5,76,88.41,7.8,16
SBGO,4,4,quarta,4,76,97.37,-3.95,0
MPTO,18,,sexta,6,82,98.21,-2.0,9
SBPF,10,10,terca,3,58,78.57,20.77,68
SNCL,13,,sabado,7,37,97.30,-9.84,1
SACO,15,,quarta,4,25,68.00,12.84,56
SBCY,10,9,sabado,7,76,79.17,9.08,37
KLAX,17,,segunda,2,33,100.00,-2.73,7
SBLO,20,20,sabado,7,8,100.00,-7.0,14
KMIA,22,,quinta,5,15,6.67,286.87,805
SBIZ,4,4,domingo,1,28,100.00,-8.89,-2
SBTE,16,16,domingo,1,64,82.81,2.75,23
SBVT,13,13,quinta,5,26,80.77,6.54,20
SBCY,0,23,sexta,6,22,100.00,-8.45,-5
SGES,10,,domingo,1,2,0.00,197.5,289
SBSR,6,6,sexta,6,21,100.00,-10.35,-7
KMIA,18,,sabado,7,2,0.00,21.0,21
SBAR,14,14,domingo,1,24,95.65,-6.3,-1
MDPC,22,,sexta,6,18,,,
LPPT,8,,sabado,7,53,47.17,22.25,46
SBBE,19,19,sabado,7,18,88.89,0.56,16
SBBV,1,0,terca,3,6,66.67,11.67,24
SWPI,10,9,sabado,7,2,100.00,-5.0,0
SBMG,11,11,segunda,2,22,77.27,9.27,51
SBSN,15,15,sabado,7,34,91.18,-0.59,15
SGAS,16,,terca,3,10,0.00,70.0,70
SBJV,12,12,domingo,1,15,100.00,-7.87,-5
SCEL,19,,sabado,7,10,80.00,9.5,16
GOBD,15,,terca,3,1,100.00,11.0,11
SBCG,19,18,quarta,4,23,68.18,11.59,49
FNLU,7,,segunda,2,11,81.82,11.55,51
SACO,5,,sexta,6,37,100.00,9.0,12
SBVC,16,16,quinta,5,12,83.33,4.25,22
SBMQ,4,4,quinta,5,4,100.00,-9.25,-6
MDPC,21,,segunda,2,4,25.00,43.75,61
SBTT,12,10,sabado,7,6,83.33,-1.0,42
LEMD,20,,terca,3,1,100.00,-2.0,-2
SBBE,22,22,sabado,7,5,100.00,-7.2,3
SBIL,20,20,sabado,7,1,0.00,43.0,43
VHHH,15,,sabado,7,1,,,
SBPS,7,7,quinta,5,4,100.00,-9.5,-2
SGAS,15,,domingo,1,1,100.00,-26.0,-26
SBJP,15,15,segunda,2,2,100.00,5.0,5
SAZS,13,,domingo,1,1,0.00,50.0,50
SBSG,14,14,domingo,1,1,100.00,-19.0,-19
SBCF,8,8,sabado,7,997,89.38,3.78,17
SBGR,8,8,terca,3,1607,74.20,13.72,32
SBGR,22,22,segunda,2,1632,59.57,21.65,47
SBLO,12,12,sexta,6,39,87.18,4.36,19
KMCO,23,,quarta,4,106,85.71,5.24,25
SBRF,2,2,sexta,6,288,89.72,3.31,20
SBSP,22,22,segunda,2,300,87.24,1.14,20
SBSP,8,8,domingo,1,831,96.23,-2.02,6
SBRB,12,10,sexta,6,69,88.41,1.62,19
SBGL,9,9,terca,3,351,91.67,1.67,14
LEMD,18,,sabado,7,112,72.97,-6.32,35
SBGO,10,10,sabado,7,120,88.24,3.85,21
SBGL,20,20,quarta,4,316,82.17,4.93,31
SCEL,22,,segunda,2,16,62.50,14.25,33
SUMU,14,,domingo,1,31,90.32,-4.1,7
SBVT,17,17,domingo,1,111,86.49,-0.75,19
SBRF,11,11,quarta,4,171,85.80,6.32,23
SPJC,1,,segunda,2,187,81.72,5.09,28
KMIA,9,,sexta,6,15,11.11,289.56,1256
SBSR,19,19,segunda,2,94,81.32,8.67,36
SBGL,1,1,domingo,1,105,80.77,18.65,50
SBSL,5,5,domingo,1,42,92.86,-4.24,11
GVAC,21,,segunda,2,36,28.57,68.57,191
SBPJ,2,2,quinta,5,17,94.12,-3.65,3
SBGO,0,0,quinta,5,21,71.43,6.14,28
SBVC,6,6,segunda,2,33,96.88,0.25,-6
SBJV,12,12,quinta,5,29,96.43,-5.93,3
KIAH,20,,terca,3,18,77.78,14.22,26
SAEZ,21,,quinta,5,85,36.00,51.78,131
GVAC,21,,quinta,5,21,,,
SBMQ,19,19,quinta,5,9,100.00,-7.29,0
SBEG,20,19,terca,3,28,96.43,-4.57,4
KJFK,22,,terca,3,27,55.56,24.26,64
SUMU,12,,quarta,4,11,45.46,18.27,59
SBLO,7,7,sexta,6,16,100.00,-7.38,-1
SBFL,0,0,sabado,7,85,92.31,-2.49,11
SBDN,16,16,quarta,4,15,93.33,4.27,1
EHAM,17,,terca,3,10,,,
KJFK,19,,sabado,7,9,100.00,-2.33,3
SBZM,11,11,sexta,6,17,88.24,5.12,22
SBCN,14,14,terca,3,11,100.00,-9.73,-8
SBCG,5,4,terca,3,7,100.00,-8.0,-3
SBIP,18,18,quarta,4,5,100.00,-3.4,11
GOBD,7,,quinta,5,3,33.33,61.33,201
SBEG,8,7,sexta,6,3,100.00,-126.0,-6
SBAT,16,15,terca,3,29,89.66,3.24,29
SKBO,5,,terca,3,2,50.00,62.0,139
SLVR,14,,sabado,7,27,47.37,31.84,152
SBJA,9,9,segunda,2,21,85.00,2.35,20
KDFW,22,,terca,3,35,55.88,56.41,137
SBSL,20,20,segunda,2,36,82.86,5.29,36
SBKP,3,3,sexta,6,20,100.00,-6.33,2
SBSI,15,14,quarta,4,13,84.62,34.54,150
SBSM,12,12,terca,3,8,100.00,-7.29,-4
SBJR,7,7,quarta,4,8,100.00,-5.29,0
SBPS,22,22,sabado,7,14,92.31,-3.08,-2
EDDM,6,,sexta,6,4,100.00,6.67,14
SBPL,18,18,domingo,1,1,100.00,-12.0,-12
LPPR,6,,terca,3,4,25.00,37.75,77
SBMG,20,20,sabado,7,2,100.00,-9.5,-8
SBSM,13,13,sabado,7,1,100.00,-15.0,-15
SBJP,23,23,domingo,1,1,100.00,-9.0,-9
SEQM,1,,segunda,2,1,,,
SWPI,4,3,terca,3,1,100.00,7.0,7
SWPI,6,5,sabado,7,1,100.00,-17.0,-17
SBGL,7,7,quarta,4,793,92.64,2.08,12
SBBE,4,4,quinta,5,41,97.56,-7.37,3
SBCF,18,18,segunda,2,436,76.36,11.19,38
SBRF,18,18,sabado,7,329,88.96,1.51,17
SBFZ,16,16,quarta,4,104,63.11,13.82,41
SCEL,14,,quinta,5,108,80.22,9.84,39
SBGL,13,13,segunda,2,381,88.65,2.81,19
KMIA,13,,segunda,2,48,76.09,22.39,54
SBKP,9,9,sexta,6,538,89.96,5.26,16
KATL,0,,quinta,5,51,82.35,17.57,26
SBKP,10,10,sabado,7,179,87.65,3.57,18
SAAR,2,,quinta,5,12,100.00,-7.09,-3
SBBR,18,18,sexta,6,292,73.52,10.08,40
SBCT,17,17,terca,3,269,77.15,7.84,34
SBAU,10,10,sabado,7,25,84.00,14.88,98
SBGR,16,16,terca,3,909,77.09,11.38,35
SUMU,11,,domingo,1,80,93.75,-5.83,9
SBSV,6,6,quarta,4,147,96.60,-1.37,-2
SBBR,8,8,segunda,2,1380,90.27,4.47,15
SBNF,16,16,quarta,4,42,92.68,-3.95,6
SBSP,12,12,segunda,2,868,78.11,7.6,26
SBBR,13,13,quinta,5,176,81.61,4.07,24
SBPA,20,20,sabado,7,148,78.23,6.05,31
SBEG,13,12,sabado,7,82,84.15,3.7,20
SABE,9,,sabado,7,88,79.07,9.87,29
SBCX,15,15,sabado,7,32,83.87,11.29,22
SBCY,9,8,quinta,5,43,83.72,6.05,43
SBSV,11,11,sexta,6,392,83.90,3.78,22
SBGL,12,12,quinta,5,295,90.79,1.97,15
KMIA,1,,quarta,4,54,65.71,113.26,226
SBGL,16,16,domingo,1,385,87.63,7.77,20
EBBR,16,,segunda,2,1,100.00,15.0,15
SBMO,4,4,sabado,7,106,97.14,-4.09,3
SBLO,10,10,domingo,1,69,72.06,13.22,41
SBGR,21,21,quarta,4,1068,73.01,13.98,43
SACO,12,,sexta,6,18,66.67,11.11,40
KFLL,10,,sexta,6,26,73.08,48.62,260
SCEL,18,,domingo,1,125,80.65,9.14,33
SBCX,16,16,quarta,4,15,92.86,-2.86,3
SANT,16,,quinta,5,9,37.50,46.38,111
SBGR,4,4,segunda,2,191,80.81,-0.01,34
SBEG,19,18,quarta,4,75,92.96,30.3,8
SBJP,2,2,domingo,1,132,90.84,4.54,15
KATL,19,,domingo,1,5,60.00,14.2,47
SGES,7,,domingo,1,12,0.00,495.5,883
SUMU,16,,domingo,1,72,91.67,-5.61,13
SBFZ,22,22,segunda,2,57,70.18,10.02,40
SBFN,13,14,segunda,2,52,88.24,4.27,18
SBFL,16,16,quarta,4,100,92.93,1.11,12
KMIA,19,,terca,3,32,,,
LEMD,7,,sexta,6,79,14.75,58.11,69
SBNF,14,14,sexta,6,128,78.69,7.34,36
LIRF,18,,domingo,1,44,88.89,3.56,23
SBCH,9,9,terca,3,43,87.81,6.8,16
SBAR,15,15,domingo,1,18,94.44,-4.5,12
SBRB,2,0,segunda,2,92,89.89,-2.42,17
SBBR,19,19,quarta,4,216,84.65,3.61,24
SBVT,15,15,sabado,7,58,82.76,0.81,20
KFLL,22,,segunda,2,19,88.89,1.89,16
SBMK,9,9,quinta,5,44,88.37,10.35,19
SBCT,12,12,terca,3,123,91.60,3.47,11
SBDO,9,8,domingo,1,18,88.89,10.0,37
SBIP,6,6,terca,3,30,96.67,-4.97,4
SBCN,12,12,quarta,4,7,57.14,8.57,43
SWPI,9,8,sexta,6,1,100.00,-6.0,-6
SBVT,20,20,domingo,1,68,87.88,1.48,18
SBSI,13,12,sexta,6,16,93.33,-1.93,11
SBFI,19,19,sabado,7,105,78.10,7.28,33
OMDW,10,,terca,3,12,66.67,33.0,124
SBRF,1,1,sexta,6,11,72.73,92.09,30
LPPT,11,,sabado,7,39,33.33,34.33,77
SBMO,14,14,terca,3,22,90.48,8.14,14
KEWR,21,,quinta,5,47,70.21,42.68,94
SBCX,12,12,terca,3,51,86.00,-2.02,16
SBCX,15,15,quarta,4,30,89.66,-1.59,21
SBFZ,13,13,quinta,5,33,84.85,4.45,18
SBMA,1,1,sexta,6,12,83.33,10.08,45
EHAM,17,,sexta,6,1,,,
EHAM,6,,quinta,5,21,42.86,28.76,65
SKBO,10,,quinta,5,21,66.67,10.33,21
SKBO,21,,sabado,7,24,78.26,-13.13,38
SBAX,15,15,sabado,7,14,100.00,-6.21,0
SBTT,17,15,domingo,1,19,89.47,-1.47,16
LIRF,6,,sexta,6,14,76.92,12.15,60
LIRF,5,,segunda,2,12,83.33,-6.42,19
SBDO,9,8,quarta,4,14,50.00,27.57,46
SPJC,17,,quinta,5,1,100.00,-5.0,-5
LIMC,11,,sabado,7,1,100.00,-5.0,-5
LEBL,21,,sabado,7,3,,,
SBVC,18,18,quinta,5,1,100.00,3.0,3
SBCT,2,2,sexta,6,1,0.00,445.0,445
OMDW,20,,sexta,6,1,100.00,-9.0,-9
SBRJ,19,19,segunda,2,336,86.52,3.31,28
SBCT,10,10,terca,3,220,87.50,4.04,21
SBGL,8,8,sabado,7,625,90.15,6.13,15
SBPA,19,19,quarta,4,256,82.00,5.37,29
SBRP,19,19,domingo,1,120,88.24,-0.09,20
SBBR,21,21,quarta,4,1085,85.57,4.51,21
SBRJ,7,7,terca,3,296,92.76,-0.74,8
SBSP,15,15,quarta,4,902,70.73,11.52,36
SBGR,23,23,segunda,2,1620,56.09,18.47,44
SBGR,20,20,terca,3,620,73.15,10.92,30
SBSV,2,2,sabado,7,107,91.43,0.5,14
SBFZ,11,11,segunda,2,160,74.68,13.83,39
SBSP,8,8,quinta,5,944,90.41,2.34,15
SBBR,8,8,sabado,7,1330,91.23,3.84,14
SBBR,0,0,quinta,5,11,90.91,-1.82,4
LPPR,10,,quinta,5,21,47.62,17.86,37
SBRJ,8,8,domingo,1,150,97.28,-6.37,-3
LPPT,7,,terca,3,44,59.09,14.95,35
SBMK,18,18,quinta,5,25,91.67,-0.67,10
SBSL,2,2,quarta,4,72,95.78,-1.39,12
SBBR,11,11,domingo,1,210,91.18,1.15,14
LIMC,8,,sexta,6,53,51.92,36.67,129
KMIA,11,,domingo,1,85,86.67,-8.27,30
SBSV,15,15,terca,3,371,88.04,4.4,19
SBMO,19,19,terca,3,34,100.00,-4.03,5
SBSG,15,15,domingo,1,52,88.46,2.56,16
SBPL,4,4,sabado,7,50,98.00,-7.06,-1
SBVT,9,9,sabado,7,128,87.50,5.4,19
SBGV,12,12,quarta,4,16,93.75,-0.56,14
SPJC,2,,domingo,1,93,77.42,8.44,29
SBGL,17,17,domingo,1,447,79.19,7.76,34
SBBR,15,15,quarta,4,343,76.54,8.96,30
SNGI,10,10,quarta,4,26,92.31,6.96,13
LIRF,18,,quarta,4,59,78.38,8.54,45
SBGO,4,4,quinta,5,83,100.00,-4.29,0
SBIZ,17,17,segunda,2,32,87.50,-3.22,16
LEMD,19,,sabado,7,116,50.00,19.73,53
SBRF,13,13,segunda,2,241,85.36,4.21,30
SBCY,15,14,quarta,4,68,86.44,3.32,54
SBIL,13,13,quinta,5,81,86.25,2.5,24
LEMD,8,,domingo,1,39,73.33,20.93,111
KMIA,0,,segunda,2,90,49.35,177.84,569
SBAT,16,15,quinta,5,28,82.14,6.5,33
SCEL,11,,quinta,5,104,86.14,3.67,19
SBIZ,2,2,sexta,6,33,96.97,-7.06,6
SBNM,14,14,quinta,5,13,91.67,-2.25,1
SBSN,0,0,sexta,6,44,87.18,6.38,34
TJBQ,6,,segunda,2,34,70.59,26.91,73
SBFZ,6,6,terca,3,88,93.02,-2.16,3
MPTO,0,,quinta,5,61,98.08,-5.48,2
DNMM,2,,domingo,1,47,82.98,58.21,24
SBSJ,7,7,sexta,6,22,,,
SBCH,13,13,quarta,4,5,80.00,-2.0,16
SBMO,11,11,segunda,2,156,85.16,3.26,20
SBCY,5,4,sexta,6,42,97.62,-5.71,-3
SBCY,6,5,sabado,7,59,94.92,4.44,3
SBJR,12,12,quinta,5,18,86.67,8.8,20
SKBO,15,,quarta,4,28,88.89,2.22,16
MDPC,12,,quarta,4,53,25.00,113.33,188
SBCT,16,16,quarta,4,89,71.59,18.59,95
SBPO,14,14,segunda,2,34,90.91,0.7,9
SBKP,5,5,segunda,2,36,91.67,12.72,10
SBMQ,2,2,quarta,4,56,100.00,-5.95,0
SBTB,17,17,quarta,4,49,95.83,-5.29,3
SBUL,9,9,segunda,2,12,100.00,-5.67,-4
SBKG,3,3,terca,3,33,100.00,-9.84,-7
SBJV,10,10,segunda,2,30,68.97,10.66,37
SBAR,4,4,sabado,7,4,100.00,-9.0,-1
SNBA,12,12,sabado,7,18,77.78,20.28,121
SBUL,18,18,terca,3,11,72.73,9.18,32
SBIZ,14,14,domingo,1,8,87.50,5.13,71
SBUL,18,18,sexta,6,17,93.75,4.63,7
KLAX,18,,sabado,7,13,92.31,-3.08,6
SBSR,8,8,sabado,7,63,85.48,11.55,50
SBJR,7,7,terca,3,8,80.00,43.2,229
SBCH,16,16,sexta,6,11,88.89,-2.89,34
OMDW,10,,quinta,5,4,75.00,2.0,23
SBJV,5,5,segunda,2,1,100.00,-1.0,-1
KJFK,22,,quinta,5,26,72.00,17.84,62
SBAR,6,6,segunda,2,15,100.00,-13.13,-8
SBZM,10,10,quarta,4,5,40.00,33.8,101
SBSR,10,10,sexta,6,2,50.00,11.0,27
SLVR,14,,quarta,4,30,50.00,54.75,337
SBJU,19,19,sexta,6,15,93.33,-7.0,-5
OTHH,15,,quinta,5,1,,,
GVAC,8,,terca,3,1,100.00,6.0,6
SNDV,20,20,quarta,4,15,100.00,-7.53,0
SAEZ,0,,quinta,5,1,0.00,95.0,95
MMUN,16,,quarta,4,1,,,
SBPS,23,23,sexta,6,4,100.00,-5.5,-3
SBLO,4,4,quinta,5,1,0.00,78.0,78
EBLG,20,,quarta,4,1,0.00,92.0,92
SAEZ,22,,quinta,5,47,18.18,242.55,509
SBMO,18,18,quarta,4,182,77.22,9.08,40
SBRF,8,8,segunda,2,491,92.43,1.04,12
SBFL,13,13,quinta,5,86,84.88,5.8,18
SBGL,7,7,domingo,1,682,90.22,3.9,15
SBRF,13,13,domingo,1,279,88.36,1.08,21
SBSV,11,11,segunda,2,336,86.73,4.26,19
SBSG,23,23,segunda,2,22,59.09,16.05,47
SBAR,10,10,domingo,1,113,87.61,0.95,19
SBCF,17,17,quinta,5,542,73.84,10.17,37
SBFI,11,11,sabado,7,152,84.25,5.11,25
SBNF,19,19,sexta,6,177,72.67,6.73,39
KMIA,20,,segunda,2,62,35.56,129.47,296
SBBR,15,15,domingo,1,357,85.03,3.49,21
SBSV,12,12,terca,3,257,82.42,6.93,29
SBCG,17,16,sexta,6,31,80.65,4.23,29
SBRP,21,21,sabado,7,41,82.93,7.88,55
SBBR,19,19,domingo,1,279,86.18,2.01,24
SBIZ,3,3,terca,3,77,93.51,-4.48,8
SBIP,12,12,quinta,5,40,79.49,5.69,34
SBPA,1,1,sabado,7,53,94.34,-1.42,9
MMMX,21,,domingo,1,47,84.78,5.67,27
KMCO,22,,sabado,7,40,85.00,1.53,16
SBFL,15,15,terca,3,169,84.52,7.75,35
SUMU,4,,sabado,7,13,100.00,-14.67,-11
SBKP,19,19,quarta,4,169,84.85,5.25,22
SBSL,4,4,segunda,2,68,91.05,17.99,8
SBCT,18,18,terca,3,185,87.43,5.96,19
SCEL,8,,sabado,7,65,93.85,3.42,14
SBRF,23,23,terca,3,72,87.50,0.54,19
SBFN,12,13,quinta,5,51,88.24,2.8,22
LIRF,4,,quarta,4,29,59.26,35.67,93
SBCT,12,12,domingo,1,128,92.06,-2.27,12
SBLO,18,18,quinta,5,31,86.67,1.37,52
SBFL,0,0,sexta,6,32,96.30,1.7,0
EGLL,18,,sexta,6,66,84.62,5.55,25
SNCP,16,16,sabado,7,18,100.00,-4.94,8
EDDM,7,,segunda,2,13,61.54,11.15,29
SCEL,19,,domingo,1,24,78.95,6.37,53
SBSG,15,15,segunda,2,70,90.00,0.49,15
SBFN,15,16,domingo,1,54,84.62,1.02,35
SNTO,14,14,domingo,1,19,94.12,-7.18,10
LEMD,21,,segunda,2,39,58.97,34.28,29
SBCY,7,6,sexta,6,8,100.00,-0.57,10
SBEG,23,22,segunda,2,23,73.91,5.96,31
KMIA,16,,quarta,4,12,25.00,66.33,183
SBSI,14,13,terca,3,28,88.89,-2.81,18
KATL,0,,sexta,6,22,59.09,67.95,62
KFLL,9,,sabado,7,29,75.86,15.14,84
SBSL,17,17,domingo,1,64,82.26,4.5,26
LPPT,8,,quarta,4,30,50.00,34.1,68
SBPP,11,10,segunda,2,6,40.00,12.0,30
LFPG,18,,quinta,5,30,72.41,7.48,20
SBLO,11,11,terca,3,21,85.71,1.52,44
SBNF,23,23,sabado,7,4,75.00,-4.5,19
SBFN,13,14,domingo,1,52,81.63,4.12,38
SAEZ,6,,sexta,6,39,84.21,1.79,27
SBDB,11,10,domingo,1,4,100.00,-9.5,0
SUMU,4,,sexta,6,14,92.86,-5.5,9
SABE,8,,quarta,4,31,74.19,14.87,33
SBSM,12,12,quinta,5,8,87.50,-1.75,30
SBRP,3,3,domingo,1,1,100.00,5.0,5
SABE,21,,domingo,1,13,50.00,35.83,104
SBMG,16,16,segunda,2,18,94.44,-0.78,12
SCEL,0,,segunda,2,19,94.74,-1.0,6
SBVT,1,1,quarta,4,5,100.00,-9.8,0
SBPV,17,16,domingo,1,12,50.00,19.58,32
SBCB,14,14,sabado,7,14,92.86,-6.43,6
SUMU,5,,quinta,5,7,28.57,82.86,212
SBNF,1,1,quarta,4,2,100.00,-14.0,-13
SAZS,18,,domingo,1,6,80.00,7.6,34
SBRB,13,11,terca,3,1,0.00,19.0,19
LIMC,21,,quinta,5,1,0.00,140.0,140
LPPT,11,,quarta,4,1,0.00,25.0,25
SLVR,23,,terca,3,1,0.00,61.0,61
SKBO,15,,sexta,6,1,0.00,120.0,120
SBJU,2,2,terca,3,50,80.00,15.88,22
SBVT,18,18,sexta,6,110,84.40,1.41,21
SBGL,23,23,domingo,1,452,87.28,2.73,21
SBFL,6,6,sabado,7,175,87.43,12.9,44
SBFZ,9,9,domingo,1,95,94.74,2.39,5
SBRB,12,10,segunda,2,62,83.87,3.94,18
SBNF,9,9,quarta,4,83,93.98,-1.18,8
SKBO,20,,sabado,7,12,81.82,7.45,19
SBGR,4,4,quarta,4,253,72.25,21.17,67
SBCT,15,15,terca,3,342,88.10,2.08,18
SBRF,8,8,domingo,1,490,88.96,4.08,18
SBSG,2,2,quinta,5,127,88.19,0.77,16
SBBR,10,10,segunda,2,255,87.70,4.93,18
SBSR,20,20,sabado,7,48,97.87,-12.7,-7
SBPS,13,13,sabado,7,59,89.83,6.59,16
SBGL,21,21,terca,3,630,86.04,4.54,22
SBCF,21,21,segunda,2,395,82.23,5.13,27
SBMO,20,20,terca,3,117,89.57,-0.75,17
SBPA,9,9,segunda,2,273,91.91,0.68,12
SBFZ,15,15,quarta,4,49,89.80,2.39,19
SBJP,12,12,sabado,7,96,93.75,1.1,13
SBPJ,18,18,quarta,4,32,86.21,4.21,26
SULS,15,,domingo,1,10,55.56,16.89,44
SBCA,12,12,sexta,6,4,100.00,-7.0,7
SBBE,8,8,quinta,5,62,92.98,2.84,13
SABE,6,,terca,3,82,91.46,2.76,15
SPJC,23,,domingo,1,43,90.70,1.37,11
LEMD,7,,terca,3,56,8.11,60.57,146
SBMK,6,6,terca,3,51,98.04,-8.41,-3
SBSG,19,19,sexta,6,53,76.47,9.96,56
SABE,22,,sabado,7,95,86.32,2.36,20
SBBW,10,9,terca,3,15,100.00,-5.21,0
SBBE,7,7,quarta,4,113,96.23,-1.89,1
SBJV,13,13,sabado,7,31,96.77,-5.39,-1
SBIH,11,11,quinta,5,49,83.33,25.42,57
SBCY,4,3,domingo,1,59,100.00,-8.08,-1
SBTC,17,17,domingo,1,25,92.00,-2.28,14
SBAR,14,14,terca,3,27,96.30,-7.48,10
SACO,13,,domingo,1,30,65.52,15.69,34
KMCO,0,,terca,3,28,92.59,-3.52,12
KMCO,20,,domingo,1,17,70.59,8.94,39
KMIA,20,,domingo,1,31,56.67,47.0,57
SKBO,1,,sabado,7,78,72.37,6.12,37
LPPT,17,,quinta,5,7,100.00,-8.57,-5
SBCY,2,1,domingo,1,29,93.10,-5.83,6
SBIP,12,12,domingo,1,50,80.44,3.33,45
MPTO,0,,terca,3,63,96.08,-5.16,-1
EHAM,7,,segunda,2,22,52.38,16.81,27
SVMI,0,,domingo,1,17,88.24,0.65,22
SBPA,23,23,terca,3,23,77.27,11.73,33
SBRP,12,12,sabado,7,37,91.67,4.14,9
SBPL,4,4,sexta,6,21,90.48,1.24,3
SGAS,8,,sexta,6,21,85.71,18.24,18
LIRF,4,,terca,3,16,75.00,13.25,45
SAAR,2,,sabado,7,12,66.67,6.75,35
SBPJ,6,6,sabado,7,12,100.00,-8.33,-2
SACO,11,,quarta,4,21,100.00,-8.52,1
SBCG,3,2,quinta,5,6,100.00,-8.67,-6
SBDB,17,16,terca,3,18,100.00,-7.33,-2
SAME,15,,terca,3,1,100.00,-20.0,-20
CYYZ,1,,domingo,1,14,50.00,76.71,251
SNAB,10,10,sexta,6,18,94.12,-1.71,8
MDPC,1,,sabado,7,15,,,
SAAR,12,,sabado,7,17,76.47,2.24,46
SBCZ,14,12,sabado,7,8,100.00,-5.88,4
SBPF,12,12,terca,3,11,100.00,-7.64,-2
SAEZ,9,,sabado,7,5,,,
SBCZ,14,12,domingo,1,52,98.04,-5.16,2
SUMU,4,,segunda,2,12,100.00,-13.58,-9
SAZS,15,,sabado,7,8,75.00,4.13,45
SBMG,20,20,terca,3,4,50.00,51.0,172
SBMA,15,15,domingo,1,4,100.00,-12.5,-7
GVAC,14,,sexta,6,9,44.44,127.89,486
SNBR,15,15,domingo,1,2,100.00,2.0,5
SYCJ,10,,terca,3,1,0.00,153.0,153
GOBD,5,,sabado,7,8,50.00,43.75,203
SBUR,17,17,domingo,1,4,75.00,-3.0,18
SWPI,11,10,sabado,7,1,100.00,-12.0,-12
SWPI,22,21,domingo,1,2,50.00,23.5,59
SBJU,15,15,quarta,4,1,100.00,-2.0,-2
SWPI,18,17,sexta,6,1,0.00,38.0,38
SBEG,4,3,terca,3,233,94.71,-11.73,5
SBGL,17,17,segunda,2,459,81.70,6.06,28
SBGL,6,6,sexta,6,493,94.03,-0.39,7
SBFZ,22,22,sexta,6,57,66.07,13.79,40
SBCF,16,16,terca,3,329,79.56,9.18,36
SBKP,8,8,domingo,1,1064,92.91,1.96,11
SBSP,12,12,quinta,5,839,77.11,9.52,31
SBCF,12,12,sexta,6,494,84.93,8.71,24
SBPA,18,18,terca,3,181,75.29,7.48,37
SBRJ,13,13,segunda,2,348,81.25,7.57,27
SBSG,11,11,quarta,4,89,86.52,1.54,20
SBKP,17,17,terca,3,758,75.34,10.53,36
LEMD,4,,segunda,2,22,,,
SBCY,16,15,sabado,7,60,84.75,2.29,39
SABE,17,,segunda,2,58,59.65,21.26,53
SBPV,4,3,quinta,5,48,72.92,57.25,44
SBVT,10,10,domingo,1,123,91.74,-2.15,8
SAAR,3,,quarta,4,25,95.46,-6.77,2
SBRF,10,10,quarta,4,176,87.93,1.68,20
SBCT,8,8,quarta,4,73,91.55,3.96,4
SBPL,5,5,quinta,5,16,100.00,-7.44,-3
SBMQ,2,2,domingo,1,58,92.98,-3.61,5
SBGR,0,0,segunda,2,333,63.38,25.48,52
SABE,18,,domingo,1,125,78.40,12.97,49
SCEL,18,,terca,3,74,81.03,7.45,25
SBKP,20,20,terca,3,142,76.43,31.6,48
SBRJ,8,8,segunda,2,339,91.62,0.04,12
SAEZ,6,,terca,3,50,96.43,-7.18,5
SBSN,0,0,segunda,2,5,80.00,-6.0,16
SBCG,11,10,quinta,5,100,83.00,16.44,29
LPPT,12,,domingo,1,13,69.23,18.31,46
SBPA,21,21,terca,3,201,84.08,4.26,25
SNCL,13,,terca,3,36,90.63,-0.25,12
SBFL,1,1,sabado,7,87,90.48,-0.99,14
LIRF,17,,sexta,6,78,42.86,28.97,86
SBFZ,22,22,domingo,1,48,77.08,8.5,47
SBFL,7,7,quarta,4,16,75.00,7.81,33
SBMK,16,16,segunda,2,34,94.12,-3.62,6
SBPA,1,1,terca,3,55,89.09,3.09,16
SBKG,21,21,quarta,4,45,77.78,4.84,49
SBRP,10,10,sabado,7,11,81.82,2.55,20
EBBR,4,,quinta,5,6,33.33,92.67,393
SBIL,17,17,quinta,5,76,82.43,8.26,36
SAAR,2,,segunda,2,25,64.00,19.88,73
SBPA,16,16,domingo,1,98,84.38,6.56,33
SBJR,16,16,domingo,1,33,73.08,8.42,35
SAEZ,3,,quinta,5,40,97.44,-4.26,0
SPJC,23,,sexta,6,45,84.44,0.82,21
SBLO,11,11,quinta,5,21,95.24,-3.67,0
SBDN,9,9,sabado,7,8,100.00,-15.75,-7
SBJP,13,13,quarta,4,66,59.38,13.66,40
SBJU,17,17,segunda,2,9,100.00,-3.56,8
KDFW,23,,quarta,4,13,76.92,12.23,55
SBCH,9,9,quinta,5,43,88.37,-0.33,19
SBMQ,14,14,segunda,2,62,95.16,-1.52,2
SBCY,5,4,terca,3,44,100.00,-9.41,-4
SUMU,22,,sabado,7,8,87.50,0.5,18
SNGI,12,12,quarta,4,9,100.00,-3.44,0
FNLU,6,,sexta,6,10,44.44,18.67,44
SBMG,7,7,sabado,7,13,83.33,40.75,33
SWKO,14,13,segunda,2,12,50.00,16.0,40
SAEZ,4,,quarta,4,44,,,
KDFW,21,,sabado,7,12,50.00,99.83,85
SBVC,6,6,sexta,6,33,93.75,-4.66,3
SAAR,1,,domingo,1,6,100.00,-4.33,8
SBTB,17,17,terca,3,22,95.00,-14.0,-9
SBCH,16,16,domingo,1,9,66.67,8.11,50
SBCY,20,19,sexta,6,18,83.33,-2.44,20
MPTO,15,,sexta,6,1,,,
KMIA,14,,quinta,5,2,0.00,234.0,436
SBCT,1,1,sexta,6,2,100.00,-18.5,-16
EBLG,15,,segunda,2,2,50.00,9.0,22
SWKO,11,10,quarta,4,3,50.00,12.5,25
SBRP,20,20,sexta,6,2,100.00,-7.5,0
SBGL,22,22,sabado,7,646,88.79,3.41,17
SBGL,5,5,sabado,7,206,95.57,-0.03,5
SBJU,3,3,quarta,4,16,87.50,15.38,40
SABE,20,,domingo,1,68,68.66,23.13,87
SBCT,17,17,quinta,5,258,77.87,9.67,39
SBEG,16,15,quinta,5,127,82.79,56.81,46
SBCT,18,18,quinta,5,168,80.72,7.31,30
SBGR,23,23,terca,3,1586,56.53,21.58,48
SBSP,16,16,segunda,2,773,71.28,14.49,42
SBGL,14,14,terca,3,401,88.97,3.51,17
SBRF,4,4,sabado,7,132,96.15,-3.52,3
SBUL,9,9,quarta,4,20,95.00,-5.6,-2
SBCT,5,5,sexta,6,321,96.84,-0.85,6
SBNF,8,8,quarta,4,58,89.29,5.0,22
SBCF,10,10,quinta,5,274,82.09,6.82,28
SBFI,20,20,terca,3,66,87.88,2.8,27
SBKP,9,9,quarta,4,524,88.28,3.17,19
SBFZ,1,1,quarta,4,39,92.31,-0.77,8
SBSL,3,3,quinta,5,79,93.51,-2.29,14
SBCF,11,11,terca,3,382,86.40,5.41,23
SBCF,13,13,sabado,7,455,84.72,6.21,22
SBLO,15,15,segunda,2,14,78.57,18.43,123
SKBO,0,,domingo,1,30,82.14,54.14,42
SBSG,17,17,sexta,6,135,87.97,4.93,20
SBCT,7,7,sexta,6,296,92.12,1.88,7
SBJP,16,16,segunda,2,29,68.97,12.24,41
SBSR,5,5,sabado,7,78,94.74,-4.8,1
SBVT,14,14,sexta,6,74,77.03,10.36,32
SBCF,21,21,terca,3,369,78.36,7.86,36
LEMD,7,,domingo,1,103,13.12,65.82,100
SBFZ,18,18,quarta,4,167,76.22,10.12,33
SBSG,11,11,terca,3,66,87.88,2.14,17
SBJE,13,13,quarta,4,51,96.08,-4.37,9
SBPO,14,14,sexta,6,34,82.14,0.18,34
SBFL,12,12,segunda,2,71,91.43,0.09,13
KMIA,6,,domingo,1,11,22.22,105.89,267
SBVC,17,17,sabado,7,17,70.59,10.06,38
SCEL,11,,sabado,7,110,85.46,2.22,20
SBGR,11,11,domingo,1,336,85.54,18.92,23
SBVT,4,4,sexta,6,73,91.55,2.2,4
SBMA,5,5,quarta,4,43,97.67,-3.49,0
SBAX,10,10,sabado,7,3,100.00,-1.67,7
SBVT,20,20,quinta,5,94,92.31,-0.48,12
SBRP,19,19,segunda,2,101,85.11,8.8,38
SAZS,17,,terca,3,8,87.50,-1.0,21
LEMD,19,,domingo,1,102,60.47,44.23,84
SBTE,4,4,sabado,7,96,95.83,-3.89,2
SBSV,8,8,sabado,7,55,90.74,1.15,7
SBCJ,18,18,sabado,7,48,91.49,-4.57,15
SBIP,15,15,quinta,5,1,0.00,32.0,32
KMCO,20,,terca,3,18,72.22,14.44,65
SBRP,6,6,quarta,4,31,87.10,3.19,38
SBSN,14,14,terca,3,70,86.96,2.93,23
SBSJ,6,6,terca,3,11,100.00,-6.91,-2
SBRF,23,23,domingo,1,65,78.46,9.17,42
SBKP,1,1,domingo,1,29,55.56,28.0,121
CYUL,22,,quinta,5,21,45.00,20.55,51
SBAR,15,15,sabado,7,43,97.67,-7.86,-3
SBCF,0,0,quinta,5,19,89.47,20.63,30
SBFZ,15,15,sexta,6,22,85.71,4.0,21
LTFM,4,,sabado,7,41,86.49,13.19,29
KJFK,21,,quinta,5,57,87.50,57.18,20
EHAM,15,,segunda,2,26,,,
SBSG,10,10,domingo,1,33,90.91,-1.21,13
GVAC,13,,quarta,4,32,10.35,198.14,511
EHAM,9,,segunda,2,18,94.44,-41.11,-29
SBRP,15,15,segunda,2,31,96.43,-7.11,5
CYUL,22,,segunda,2,6,33.33,56.17,135
SBCH,11,11,sexta,6,14,64.29,16.21,65
SBKP,1,1,quinta,5,9,50.00,35.75,93
SBVC,5,5,sexta,6,16,100.00,-6.81,0
SBPA,0,0,quarta,4,30,93.10,-4.55,6
SBPJ,10,10,domingo,1,34,91.18,0.76,14
SEGU,13,,quinta,5,18,,,
MPTO,1,,segunda,2,4,100.00,-8.75,-3
DNMM,7,,sabado,7,1,100.00,-15.0,-15
SBSI,14,13,domingo,1,35,97.14,-11.6,-5
SBUL,16,16,terca,3,11,81.82,8.45,17
SBRF,6,6,sabado,7,24,95.83,-5.83,-1
KJFK,11,,sexta,6,1,100.00,-8.0,-8
LTFM,16,,segunda,2,3,0.00,160.67,360
TNCC,14,,sabado,7,1,100.00,0.0,0
SAAR,3,,segunda,2,1,100.00,5.0,5
LEMD,11,,sexta,6,22,27.27,27.14,60
SCEL,17,,quarta,4,93,77.42,11.39,35
SBSP,20,20,sexta,6,815,70.45,11.97,41
SBSP,9,9,domingo,1,618,95.29,-2.53,6
SBKP,8,8,sabado,7,1006,87.31,5.8,18
SBCT,18,18,domingo,1,206,82.76,8.7,30
SBCF,6,6,sabado,7,377,95.71,0.18,6
SBRF,19,19,segunda,2,109,87.04,2.71,24
SBCT,20,20,terca,3,127,84.80,3.02,25
SBUL,5,5,terca,3,175,95.40,-5.53,0
KMIA,11,,sexta,6,61,95.08,-5.23,5
SBVT,11,11,segunda,2,178,87.28,4.03,20
SBGR,18,18,sexta,6,963,71.25,12.43,40
SCEL,12,,terca,3,93,70.79,23.18,34
SBPA,8,8,quarta,4,148,91.22,0.54,13
KDFW,21,,terca,3,11,45.46,48.64,140
SBNF,11,11,sabado,7,154,85.53,3.26,24
SWPI,11,10,domingo,1,50,91.84,-9.51,7
SBRF,12,12,quinta,5,526,87.19,4.73,18
SBFI,13,13,terca,3,75,93.33,2.25,13
SBFL,9,9,quinta,5,106,92.00,0.67,12
SBVT,15,15,quinta,5,125,79.68,8.23,29
MPTO,17,,segunda,2,272,86.19,3.95,20
SBGR,20,20,quarta,4,683,72.23,12.47,36
SBCY,16,15,sexta,6,62,100.00,-6.41,9
SBMO,17,17,sabado,7,206,86.83,6.34,18
SBMK,18,18,domingo,1,4,100.00,-14.5,-13
SBBR,7,7,sabado,7,186,92.97,-1.63,9
SBRP,12,12,quinta,5,55,83.33,4.65,27
SBUL,15,15,quarta,4,90,72.73,11.41,45
SBMO,22,22,domingo,1,8,100.00,-7.63,10
SBGL,19,19,quinta,5,276,74.54,8.92,40
SBPA,12,12,sexta,6,192,88.71,1.63,19
SBGO,4,4,segunda,2,97,97.92,-3.31,0
SBRJ,12,12,quinta,5,179,93.57,-0.42,8
SBUL,15,15,quinta,5,92,81.32,8.8,20
SBMG,19,19,segunda,2,88,76.74,7.85,38
SPJC,23,,quarta,4,44,90.91,4.98,15
SBPV,0,23,quinta,5,41,85.37,29.68,20
LFPG,6,,quinta,5,59,42.11,41.07,113
SABE,21,,quinta,5,47,85.00,1.8,37
SBAR,5,5,segunda,2,14,92.86,-4.5,1
SBPA,21,21,segunda,2,204,83.33,4.27,30
KMCO,0,,quinta,5,27,88.46,2.23,22
SBVT,10,10,quarta,4,114,92.11,-1.64,9
SUMU,13,,sabado,7,72,88.73,-0.18,16
SBVT,11,11,quinta,5,155,90.85,0.8,13
FNBJ,6,,domingo,1,41,51.22,59.76,102
SBRB,16,14,quarta,4,51,92.16,-0.88,7
SBMY,17,16,quarta,4,1,100.00,0.0,0
SBCG,8,7,sabado,7,7,100.00,-7.43,1
SBFZ,21,21,quinta,5,43,83.72,4.91,25
SBPL,10,10,quinta,5,67,86.57,-0.19,18
SBTE,5,5,quarta,4,26,100.00,-5.69,3
SBEG,7,6,terca,3,71,60.00,27.94,74
SABE,9,,quinta,5,69,74.24,7.92,37
SKBO,9,,sexta,6,31,77.42,9.55,22
SAEZ,7,,sabado,7,27,100.00,-7.11,8
EBLG,6,,quinta,5,1,,,
SBRP,16,16,terca,3,54,83.02,4.7,41
SBVT,13,13,sabado,7,20,90.00,-2.4,1
KMIA,12,,terca,3,20,52.63,34.16,109
SBSI,17,16,sexta,6,42,80.95,2.88,20
EGLL,19,,sabado,7,21,95.24,0.62,13
SBFZ,5,5,sexta,6,73,94.37,-5.48,8
DNMM,5,,domingo,1,9,55.56,20.56,135
SBPV,16,15,segunda,2,6,83.33,1.0,18
SABE,5,,domingo,1,9,100.00,-1.22,6
SBSL,5,5,sabado,7,58,84.48,0.59,21
SBKG,1,1,segunda,2,18,100.00,-7.06,0
SBAR,6,6,sexta,6,14,100.00,-13.0,-5
SBML,19,19,sabado,7,9,88.89,-5.89,47
KDFW,0,,quinta,5,7,57.14,15.14,44
SBSL,12,12,segunda,2,9,77.78,0.56,38
KJFK,19,,quarta,4,9,100.00,-1.0,7
SBAR,14,14,sabado,7,8,100.00,-7.25,8
SBLO,14,14,sabado,7,5,100.00,-11.25,-1
SBJV,18,18,sabado,7,5,80.00,6.0,70
SBDN,6,6,quinta,5,8,100.00,-11.75,-7
SBGO,23,23,quarta,4,8,100.00,-4.88,7
KFLL,22,,quinta,5,1,100.00,-5.0,-5
SWPI,6,5,terca,3,1,100.00,-14.0,-14
SBCN,11,11,sexta,6,1,100.00,4.0,4
SEQM,23,,domingo,1,1,0.00,56.0,56
SGAS,2,,domingo,1,4,100.00,-3.75,-1
SBPL,20,20,quarta,4,1,100.00,-10.0,-10
SBCF,8,8,quinta,5,937,91.62,1.62,12
SBJP,4,4,quinta,5,91,96.67,-5.4,4
SBGR,16,16,quarta,4,908,75.50,11.55,37
SBGL,6,6,domingo,1,498,95.34,-1.58,8
SBFZ,20,20,segunda,2,88,82.76,1.18,24
SBKP,19,19,domingo,1,187,74.01,31.97,85
SBFI,13,13,quinta,5,74,79.17,6.88,26
SBGR,3,3,quinta,5,169,72.60,17.34,74
EDDF,8,,quinta,5,10,30.00,32.4,59
SBCY,3,2,sexta,6,198,90.21,-1.3,13
SBMK,14,14,terca,3,35,67.65,10.0,41
SBNF,11,11,quarta,4,148,89.80,-1.33,16
SWYN,9,8,quinta,5,51,64.29,22.86,66
SABE,14,,quinta,5,114,70.37,17.45,48
SBSG,5,5,sabado,7,90,97.75,-7.73,-1
SBBE,5,5,sexta,6,130,94.62,-3.18,2
LFPG,8,,sabado,7,82,51.22,28.44,71
SBRF,15,15,sexta,6,147,81.51,8.57,32
SBGR,19,19,domingo,1,448,75.40,14.81,36
SBCJ,17,17,quarta,4,51,88.24,0.27,16
SBKP,18,18,sexta,6,391,78.24,14.81,37
SBGO,4,4,terca,3,94,96.74,-1.24,0
SBSV,7,7,quarta,4,52,94.23,2.02,-1
SBGR,0,0,terca,3,383,67.66,18.07,39
SNCL,12,,terca,3,16,93.33,-8.93,4
SBBE,1,1,terca,3,71,88.73,1.89,21
SBRJ,8,8,quinta,5,334,93.56,-0.46,8
SBML,18,18,terca,3,24,91.30,0.22,10
SBFL,4,4,quarta,4,30,84.62,20.42,158
SBSG,1,1,quinta,5,9,88.89,-1.22,21
SBDB,19,18,sabado,7,20,85.00,-3.0,17
SBSL,15,15,quinta,5,99,86.60,5.93,21
SBPS,12,12,quarta,4,124,88.53,3.73,16
SAEZ,16,,quarta,4,70,78.43,9.27,70
SBFL,22,22,sabado,7,58,84.31,13.47,37
LFPG,6,,quarta,4,60,56.67,54.35,73
MPTO,9,,terca,3,9,,,
SNSS,11,11,terca,3,34,96.55,-3.66,10
FACT,7,,sabado,7,52,86.54,50.25,57
SBMO,13,13,quinta,5,36,91.43,-1.03,14
SBFL,21,21,segunda,2,56,91.07,-1.07,9
SAEZ,3,,sabado,7,36,77.78,6.31,42
SBGO,17,17,sexta,6,88,82.96,5.78,30
SBMA,2,2,sabado,7,38,86.84,-0.47,35
SBHT,15,15,segunda,2,52,100.00,-6.18,-1
SBCY,13,12,domingo,1,45,95.46,-6.05,4
SKBO,19,,sexta,6,40,62.50,15.78,36
SBSG,2,2,sabado,7,53,86.79,0.34,25
SBBV,3,2,sexta,6,53,90.57,0.62,11
SBVT,4,4,segunda,2,78,93.59,-2.83,0
SBIL,17,17,quarta,4,89,85.88,1.91,27
SMJP,21,,quarta,4,10,70.00,33.3,99
SPJC,2,,sabado,7,144,77.62,9.9,27
SBGO,14,14,quarta,4,74,69.44,13.58,44
SBUL,14,14,quarta,4,58,67.86,17.55,62
SBVC,19,19,domingo,1,26,80.77,4.5,26
KORD,23,,segunda,2,30,46.67,61.03,112
EHAM,9,,sabado,7,19,100.00,-37.35,-7
SBFZ,1,1,sabado,7,20,95.00,-3.4,1
KFLL,9,,quarta,4,31,96.67,-6.5,1
KFLL,10,,terca,3,21,95.24,-6.05,1
KIAH,21,,sabado,7,19,63.16,63.11,164
SBSR,9,9,domingo,1,31,93.55,-2.42,11
SABE,7,,quinta,5,16,75.00,7.38,22
SBSO,14,13,quarta,4,18,100.00,-14.59,-11
SBCY,8,7,quarta,4,42,87.50,11.3,45
SBUR,16,16,sexta,6,9,88.89,1.0,24
SBUL,13,13,terca,3,11,90.00,-2.6,0
SBZM,13,13,quarta,4,12,100.00,-6.17,4
LIRF,16,,terca,3,17,46.67,77.73,172
SBJA,8,8,quarta,4,7,100.00,-4.83,1
SBCT,0,0,domingo,1,1,0.00,30.0,30
SBSL,6,6,quarta,4,5,100.00,-10.2,-10
OTHH,3,,sexta,6,12,50.00,11.3,62
SWPI,9,8,terca,3,1,100.00,-15.0,-15
SKBO,8,,terca,3,2,100.00,7.5,14
SBMO,22,22,quarta,4,5,60.00,36.2,130
SBCY,20,19,sabado,7,2,100.00,-8.0,-1
SBPF,15,15,terca,3,1,0.00,31.0,31
SBVT,23,23,domingo,1,3,100.00,-13.33,-11
SBMG,6,6,quinta,5,71,89.86,12.32,16
SBSR,13,13,quinta,5,55,92.31,-0.67,10
SBSL,0,0,sabado,7,50,97.73,-8.57,-6
SBSL,1,1,sabado,7,51,84.31,3.27,23
SBMO,11,11,terca,3,144,83.69,4.57,20
SBMO,16,16,domingo,1,108,82.41,7.46,37
SBRP,5,5,sabado,7,58,94.55,0.0,-1
SBFL,12,12,terca,3,79,85.71,1.42,17
SBUL,5,5,domingo,1,139,97.06,-6.57,0
SNZR,15,15,sabado,7,27,80.00,4.75,39
SBSG,23,23,domingo,1,23,47.83,24.78,64
SBPA,13,13,sabado,7,197,94.30,-3.5,10
SBKP,14,14,sabado,7,248,85.77,4.53,21
SBTE,10,10,sexta,6,13,100.00,-6.62,5
SBJE,17,17,sabado,7,40,92.50,-4.93,11
SBKP,10,10,quarta,4,228,86.88,5.72,19
SBBR,14,14,quinta,5,452,84.63,4.62,25
KORD,23,,terca,3,29,48.28,98.79,659
SBGR,10,10,terca,3,467,87.77,6.02,19
SAEZ,6,,domingo,1,36,86.11,6.83,23
SBFI,11,11,domingo,1,120,72.50,6.79,27
SBFL,20,20,terca,3,168,82.39,7.99,34
SBFL,4,4,quinta,5,36,81.25,15.53,127
SBML,19,19,sexta,6,24,81.82,19.73,34
SBPV,0,23,sabado,7,47,80.85,6.91,36
SBBE,9,9,sabado,7,47,91.49,0.19,15
SBCG,14,13,segunda,2,65,81.25,2.59,21
SBSG,10,10,sabado,7,38,86.84,8.13,22
SNBR,16,16,terca,3,46,97.67,-8.6,4
SBPS,18,18,quarta,4,83,85.19,4.17,28
SBGR,5,5,domingo,1,220,87.56,0.76,19
SBEG,15,14,segunda,2,27,77.78,11.41,30
SBBV,2,1,sabado,7,35,100.00,-5.69,1
SBBE,23,23,domingo,1,21,80.95,1.76,24
EGLL,17,,sexta,6,71,84.06,5.19,27
SBJP,18,18,sabado,7,108,83.18,3.55,20
SBAR,5,5,quinta,5,17,100.00,-10.88,-7
SBSR,14,14,sabado,7,45,86.67,1.8,17
KMIA,4,,segunda,2,27,100.00,1.67,14
SBCH,9,9,sabado,7,46,95.35,1.7,8
SBPA,0,0,sabado,7,14,76.92,9.46,35
SBKP,4,4,sexta,6,61,90.16,23.98,8
SBFZ,6,6,sexta,6,36,91.67,0.31,2
SBCA,9,9,segunda,2,13,58.33,41.75,166
SSKW,14,13,sabado,7,13,53.85,18.69,41
SBAR,11,11,domingo,1,49,77.55,4.73,32
SBCX,13,13,quinta,5,33,84.38,-2.13,18
SBCY,10,9,domingo,1,37,94.29,-2.2,10
SBKG,11,11,domingo,1,9,66.67,25.67,105
LEMD,10,,sabado,7,19,10.53,43.32,84
SBJV,15,15,segunda,2,24,78.26,23.17,57
SBCR,11,10,sabado,7,18,87.50,2.94,21
SBJP,16,16,domingo,1,17,76.47,9.35,48
SBVH,14,13,sabado,7,14,64.29,17.21,57
OTHH,2,,quinta,5,14,78.57,8.93,33
SBTT,18,16,quinta,5,13,91.67,-6.17,0
SNBR,17,17,quinta,5,4,100.00,-11.0,-3
SBUR,16,16,terca,3,8,100.00,-1.25,14
SBFZ,23,23,domingo,1,35,65.71,18.29,44
SBZM,9,9,sabado,7,12,58.33,10.75,39
EBBR,5,,quinta,5,3,0.00,97.0,119
SWBC,10,9,terca,3,3,0.00,40.67,48
MDPC,13,,segunda,2,1,,,
SBJR,7,7,segunda,2,9,87.50,0.5,22
SBRD,16,15,sexta,6,1,100.00,9.0,9
SAEZ,20,,domingo,1,16,66.67,39.27,132
SWPI,0,23,sabado,7,1,100.00,-12.0,-12
SEQM,18,,sexta,6,1,,,
SWPI,17,16,terca,3,1,100.00,-15.0,-15
SBPS,0,0,quinta,5,1,100.00,-3.0,-3
SBJP,23,23,segunda,2,2,50.00,15.5,32
SWPI,17,16,sexta,6,1,100.00,-11.0,-11
SBPS,23,23,terca,3,1,100.00,-6.0,-6
GVAC,23,,quinta,5,1,100.00,-2.0,-2
SBGO,5,5,segunda,2,188,96.79,-5.89,-1
SBSP,18,18,quarta,4,917,74.86,9.95,34
MDPC,15,,sexta,6,39,48.72,21.79,80
SBGR,22,22,quinta,5,1649,56.15,21.07,50
SBMQ,18,18,quinta,5,30,86.67,4.13,17
SBBR,1,1,segunda,2,25,88.00,-1.4,16
SBGR,9,9,sexta,6,1678,73.63,14.41,28
SGAS,13,,quinta,5,13,100.00,-5.15,1
SBGL,8,8,sexta,6,454,92.63,1.7,10
SAEZ,11,,segunda,2,36,72.00,22.44,35
SBNF,18,18,segunda,2,77,76.06,20.45,38
SBVT,5,5,sabado,7,152,96.64,-3.26,4
SBBR,5,5,segunda,2,213,96.68,-5.27,3
SBRJ,14,14,sabado,7,234,91.70,-0.22,13
SBSL,0,0,quinta,5,57,85.97,143.93,1430
SBSO,14,13,segunda,2,21,100.00,-15.24,-10
SBAR,18,18,sexta,6,32,75.00,7.0,37
SBAR,19,19,segunda,2,82,85.19,3.23,25
SBSL,17,17,terca,3,77,88.16,1.71,16
SBFZ,20,20,sexta,6,89,75.86,9.01,43
SBPS,3,3,segunda,2,70,95.52,-6.46,-2
SBKP,18,18,segunda,2,411,77.92,9.6,33
SBFI,13,13,sabado,7,65,85.94,2.78,23
SGAS,18,,segunda,2,52,78.85,9.77,29
SBNF,18,18,terca,3,81,83.54,4.22,21
SBVT,4,4,sabado,7,94,98.93,-5.49,0
SBPJ,17,17,domingo,1,44,88.64,0.23,18
SBEG,5,4,terca,3,62,85.25,8.41,19
SCEL,14,,segunda,2,126,79.83,7.9,26
SBJR,11,11,segunda,2,42,76.47,17.09,50
SLVR,13,,domingo,1,52,94.12,-2.84,9
GVPR,18,,sabado,7,12,,,
SGAS,12,,sabado,7,49,81.63,5.96,27
SBSG,12,12,sexta,6,188,81.38,7.78,25
SBCA,18,18,quinta,5,8,100.00,-6.13,5
SBSG,15,15,sexta,6,72,93.06,0.83,13
SBMO,12,12,domingo,1,168,90.30,1.27,15
SBSR,7,7,segunda,2,24,100.00,-6.73,0
SBCT,14,14,quinta,5,144,86.53,4.45,19
SBVC,19,19,sexta,6,26,76.00,13.56,45
SBSR,20,20,quinta,5,49,52.08,14.44,45
SBSR,20,20,segunda,2,51,68.00,6.84,33
SBBR,4,4,domingo,1,87,95.35,0.4,7
SNGI,12,12,quinta,5,9,88.89,-1.89,33
SBLO,10,10,quinta,5,70,81.43,4.3,27
SBEG,19,18,segunda,2,57,94.44,-3.24,0
SCEL,17,,sexta,6,97,83.33,11.54,38
SBPF,10,10,segunda,2,52,88.46,1.25,16
SBMQ,17,17,quinta,5,22,81.82,6.09,55
SBNF,17,17,sexta,6,67,83.08,4.17,34
SAWH,15,,domingo,1,4,50.00,28.0,75
SAEZ,15,,quarta,4,13,38.46,106.23,176
SBKG,11,11,quinta,5,10,80.00,4.7,17
MMMX,22,,sexta,6,5,100.00,-8.0,10
SBKG,3,3,segunda,2,34,100.00,-10.48,-9
SBLO,15,15,sabado,7,24,79.17,30.04,136
SBPL,4,4,domingo,1,15,86.67,-1.93,20
SBAR,6,6,terca,3,16,100.00,-14.19,-10
SBDO,10,9,domingo,1,4,100.00,-8.75,-1
SBSO,14,13,quinta,5,18,83.33,3.22,69
SNBR,16,16,quarta,4,8,100.00,-11.88,-5
SBEG,10,9,segunda,2,5,100.00,-11.4,-9
SBIZ,16,16,sexta,6,1,100.00,-10.0,-10
GVAC,20,,domingo,1,3,100.00,-9.67,0
SBPF,9,9,domingo,1,18,77.78,7.67,55
SBGL,2,2,domingo,1,27,81.48,5.48,46
SWPI,10,9,domingo,1,3,100.00,-2.67,2
SBRP,3,3,quarta,4,4,100.00,-10.5,-6
KMIA,20,,sabado,7,44,73.81,-15.86,60
MPTO,16,,segunda,2,18,94.44,1.56,12
SBSL,19,19,sexta,6,6,66.67,4.67,43
GVAC,6,,terca,3,10,,,
SAEZ,1,,quarta,4,12,33.33,62.0,154
SBNF,21,21,terca,3,1,100.00,-14.0,-14
SBLO,20,20,sexta,6,5,100.00,-8.0,2
SBEG,7,6,sabado,7,7,42.86,35.57,102
SACO,3,,terca,3,11,90.91,-0.36,9
SBMY,17,16,domingo,1,5,80.00,10.6,60
SWLB,10,9,sexta,6,2,50.00,160.5,328
SCEL,23,,sexta,6,1,100.00,3.0,3
SBSN,21,21,sexta,6,1,100.00,1.0,1
CYYZ,0,,quinta,5,4,25.00,33.75,66
MPTO,19,,sexta,6,2,,,
SEQM,12,,sexta,6,1,,,
SACO,14,,quinta,5,1,100.00,-17.0,-17
MMSM,13,,segunda,2,1,,,
SGAS,9,,quinta,5,1,100.00,-29.0,-29
SBMQ,12,12,quarta,4,1,100.00,5.0,5
EBBR,5,,sexta,6,1,0.00,39.0,39
GVAC,18,,quarta,4,1,0.00,75.0,75
SBNF,5,5,terca,3,63,95.00,-2.2,5
SBRJ,8,8,terca,3,335,92.33,0.29,9
SBBR,13,13,domingo,1,231,90.87,-0.71,14
SBKP,12,12,sexta,6,407,83.04,6.99,26
SBBE,17,17,quarta,4,306,87.26,5.37,21
SBRF,10,10,terca,3,177,91.95,-0.98,13
SAEZ,5,,sabado,7,106,88.76,5.29,20
SAEZ,11,,quarta,4,33,82.61,13.52,37
SBPA,4,4,domingo,1,84,98.80,-4.7,1
SBFI,10,10,quinta,5,159,83.65,7.21,21
SBVT,6,6,sabado,7,191,97.31,-4.51,-1
SBSG,4,4,sexta,6,64,96.88,-6.88,-1
SBRF,13,13,quinta,5,239,81.90,9.36,34
SBSV,6,6,domingo,1,122,96.72,0.68,0
SBSV,14,14,domingo,1,556,89.07,0.11,16
SBRF,16,16,sexta,6,316,73.48,10.31,42
SBMG,19,19,quinta,5,82,79.27,9.18,34
SBCT,15,15,domingo,1,317,84.71,22.6,34
SBVT,8,8,quinta,5,96,91.58,1.6,13
EBBR,14,,quarta,4,22,5.56,134.28,265
SBBE,7,7,terca,3,77,94.60,2.5,0
SBKP,10,10,segunda,2,269,75.59,36.15,136
SBFZ,2,2,segunda,2,238,93.25,-3.64,7
SBKP,15,15,segunda,2,243,80.17,7.69,28
LPPR,8,,terca,3,29,31.03,27.72,47
SBPJ,3,3,segunda,2,110,99.07,-10.86,-3
SBRJ,9,9,sabado,7,295,93.08,-1.58,8
SBCX,15,15,terca,3,30,86.21,2.24,24
SBCF,9,9,sabado,7,360,87.29,2.97,22
SBFI,10,10,sexta,6,146,82.88,8.38,24
LPPT,13,,sabado,7,178,36.26,30.8,64
GMMN,12,,sabado,7,51,92.16,-12.0,12
SBSN,14,14,domingo,1,73,94.44,2.0,11
SBDN,5,5,sabado,7,41,85.00,4.35,24
SBNF,19,19,quinta,5,169,81.71,4.88,31
SAAR,4,,sabado,7,13,92.31,3.31,2
SBRF,5,5,quarta,4,168,96.41,1.37,1
SBFI,14,14,sabado,7,133,79.39,16.15,51
SBTE,2,2,sexta,6,55,88.89,2.69,17
LIRF,17,,segunda,2,80,57.35,6.99,69
SBSG,2,2,domingo,1,69,92.75,-3.64,12
SBFZ,2,2,terca,3,237,88.46,1.51,17
SBPV,18,17,quinta,5,21,75.00,0.8,24
SNBR,11,11,sexta,6,48,91.49,-3.45,9
KMIA,21,,quinta,5,113,62.96,49.89,193
SBSG,22,22,segunda,2,30,62.07,17.07,63
SSOU,11,,sexta,6,49,90.24,5.37,13
SBSN,0,0,quarta,4,45,93.18,-2.73,-1
SBIP,9,9,quinta,5,16,93.75,-2.44,3
SBSG,6,6,terca,3,12,100.00,-16.25,-11
SBCY,15,14,quinta,5,21,85.71,-0.71,16
SAEZ,7,,domingo,1,81,78.21,10.03,27
SBAU,14,14,sexta,6,23,100.00,-5.0,8
SBIL,9,9,sabado,7,22,80.95,12.29,65
SBZM,11,11,quinta,5,14,85.71,14.5,105
SUMU,8,,sabado,7,38,100.00,-28.23,0
SBSV,21,21,terca,3,57,70.18,16.95,40
SBJV,13,13,terca,3,33,90.91,-1.15,14
SBPL,15,15,terca,3,4,100.00,-10.75,-1
SBDB,19,18,quarta,4,8,100.00,-5.38,8
KMIA,17,,domingo,1,5,25.00,309.0,899
SBBR,22,22,sabado,7,133,90.84,-0.76,15
SBMO,22,22,terca,3,7,85.71,21.57,200
SBCG,22,21,segunda,2,12,91.67,5.33,-4
SUMU,15,,quinta,5,17,93.75,3.31,9
SBPS,4,4,segunda,2,9,100.00,-4.63,4
SACO,4,,sexta,6,3,66.67,14.0,59
SGAS,16,,sexta,6,8,,,
SBMK,17,17,sexta,6,24,83.33,-1.04,30
SBJP,5,5,quarta,4,19,100.00,-5.89,1
KMIA,17,,quarta,4,5,33.33,92.67,198
ZBAA,3,,quarta,4,5,25.00,19.75,41
SBBV,1,0,segunda,2,14,85.71,2.0,17
SAEZ,20,,sabado,7,27,66.67,21.52,61
KMIA,16,,segunda,2,9,33.33,98.33,624
SBBR,3,3,domingo,1,7,71.43,2.14,23
SBMO,15,15,quarta,4,16,62.50,21.75,103
LPPT,16,,domingo,1,1,0.00,112.0,112
EDDF,5,,quarta,4,6,0.00,135.17,330
SWKO,9,8,domingo,1,5,60.00,8.6,33
MDSD,17,,sabado,7,7,,,
SWLB,11,10,segunda,2,3,50.00,5.0,16
SBPL,9,9,quinta,5,5,80.00,-0.4,20
SWPI,22,21,terca,3,1,100.00,-18.0,-18
KMIA,16,,sabado,7,3,66.67,35.67,142
SBMG,17,17,domingo,1,4,100.00,-0.25,14
SNCL,11,,terca,3,1,0.00,76.0,76
OOMS,6,,sexta,6,1,0.00,149.0,149
SWPI,5,4,segunda,2,1,100.00,-6.0,-6
SBCG,2,1,domingo,1,1,100.00,-13.0,-13
SBGL,19,19,segunda,2,329,77.95,10.75,44
SGAS,12,,quinta,5,49,73.47,6.27,32
SBCH,20,20,quinta,5,52,86.00,1.06,18
SABE,16,,terca,3,35,74.29,12.63,53
SBGL,19,19,sabado,7,269,78.95,6.67,30
SBFZ,3,3,segunda,2,181,92.22,-0.34,10
SBGR,12,12,segunda,2,1011,73.15,12.44,35
SBGR,21,21,domingo,1,1100,73.95,10.18,36
SBSP,17,17,domingo,1,808,74.19,10.27,32
SBGL,10,10,domingo,1,392,86.95,3.34,21
SBFZ,4,4,terca,3,226,95.09,-2.77,4
SBFZ,4,4,domingo,1,210,97.13,-5.09,2
SBCF,18,18,quinta,5,432,76.26,11.34,41
SBKP,9,9,terca,3,499,88.68,4.13,21
SBJP,18,18,quarta,4,120,82.35,1.49,24
SBCF,14,14,sabado,7,278,83.39,6.08,32
SBMK,9,9,domingo,1,52,86.54,0.58,22
SBFZ,3,3,quinta,5,178,89.83,-0.74,16
SBCT,5,5,domingo,1,194,96.89,-3.18,2
SBPA,14,14,quinta,5,302,84.62,4.15,28
SKBO,12,,quarta,4,48,88.37,-70.49,19
SBRJ,18,18,domingo,1,193,85.79,4.52,19
SBCY,11,10,sabado,7,182,88.40,2.67,18
OTHH,10,,sexta,6,3,,,
SBFI,9,9,sexta,6,40,89.74,4.82,19
SABE,3,,sexta,6,103,95.15,-4.52,3
SUMU,11,,sexta,6,88,88.64,-1.59,16
SBCG,8,7,segunda,2,14,92.86,8.57,9
HAAB,3,,terca,3,51,20.69,30.28,57
SBCH,17,17,domingo,1,87,89.54,-1.05,18
SBFL,20,20,quarta,4,156,84.77,4.39,25
MDPC,21,,domingo,1,96,25.00,43.03,105
SABE,0,,domingo,1,97,67.71,25.33,80
SUMU,16,,quarta,4,46,88.89,-7.67,16
SBJV,19,19,sabado,7,51,66.67,17.06,63
SCEL,15,,quinta,5,44,86.36,-2.07,22
SBPJ,23,23,domingo,1,40,89.47,1.24,46
LIRF,16,,sexta,6,17,35.29,38.18,88
SBTT,18,16,terca,3,12,90.00,-3.1,10
SNHS,11,11,sabado,7,30,86.36,8.59,90
SBMO,14,14,sabado,7,10,90.00,7.2,9
EGLL,18,,terca,3,51,82.35,7.22,25
SBGO,15,15,terca,3,106,80.00,5.44,27
SBCX,12,12,sabado,7,52,97.92,-6.23,5
SBVT,1,1,quinta,5,7,71.43,21.71,200
KMIA,13,,domingo,1,64,70.00,161.47,257
SBRF,7,7,quarta,4,37,97.14,-4.11,0
SBCT,0,0,sexta,6,2,100.00,-4.5,3
SBLO,11,11,segunda,2,24,86.96,-0.91,27
SBEG,10,9,sexta,6,15,60.00,-12.0,61
KMEM,5,,quinta,5,34,82.35,10.76,28
MMUN,22,,domingo,1,9,100.00,-9.25,-4
KMCO,19,,quarta,4,18,88.89,2.61,25
GVAC,15,,quarta,4,9,50.00,102.75,387
SBCX,16,16,quinta,5,17,87.50,-2.5,38
DNMM,7,,segunda,2,2,100.00,-6.0,-6
SKBO,22,,domingo,1,5,,,
SBRP,11,11,terca,3,7,100.00,-5.86,9
SBCN,16,16,sexta,6,18,94.44,-7.44,14
KBOS,11,,domingo,1,8,62.50,14.88,79
SBGO,3,3,quarta,4,8,100.00,-5.75,0
MMMX,22,,segunda,2,4,100.00,-10.0,-4
SPZO,18,,segunda,2,2,,,
SBPS,5,5,segunda,2,5,60.00,79.8,369
SBJE,14,14,domingo,1,1,100.00,-10.0,-10
SWLB,10,9,sabado,7,5,66.67,8.0,35
SBCA,9,9,quinta,5,13,76.92,8.38,45
KATL,22,,terca,3,5,100.00,0.6,10
SABE,2,,sexta,6,2,100.00,-7.0,-3
SBSI,10,9,terca,3,13,100.00,2.38,10
FACT,10,,segunda,2,4,100.00,-11.5,-9
SBTE,14,14,domingo,1,5,80.00,1.0,21
SBSL,19,19,quarta,4,9,88.89,16.22,219
SSUV,15,15,domingo,1,1,100.00,-22.0,-22
SBZM,10,10,quinta,5,3,100.00,5.33,13
SNCL,14,,terca,3,1,100.00,-3.0,-3
KMIA,14,,terca,3,1,100.00,-13.0,-13
SBUR,9,9,sabado,7,1,100.00,3.0,3
SWPI,22,21,quinta,5,1,100.00,-16.0,-16
SBKP,12,12,quarta,4,412,80.98,9.07,27
SBSV,17,17,domingo,1,182,90.61,-0.83,13
SBGR,10,10,domingo,1,479,82.60,5.66,23
SBVT,21,21,segunda,2,85,88.10,-1.52,30
SBGL,6,6,sabado,7,454,93.02,0.8,11
KATL,20,,quarta,4,47,71.74,15.5,50
SBBR,5,5,sexta,6,220,94.88,-3.15,2
SBSV,11,11,terca,3,359,88.70,1.39,19
SBSP,20,20,domingo,1,753,81.42,5.8,31
SBGO,13,13,segunda,2,40,90.00,-1.63,12
SABE,15,,segunda,2,81,82.72,33.69,89
SBPV,18,17,domingo,1,36,82.86,2.89,22
SBIP,12,12,quarta,4,51,90.20,-1.59,15
SBCF,13,13,quinta,5,307,86.87,6.87,21
SBMO,21,21,domingo,1,18,94.44,-5.06,9
SBBR,5,5,terca,3,203,94.00,-2.17,1
SBJU,6,6,sabado,7,1,100.00,-3.0,-3
SBPA,12,12,terca,3,157,88.31,0.22,18
SNDV,20,20,segunda,2,15,90.91,-1.64,0
SBFI,13,13,quarta,4,74,89.04,8.15,17
SBJE,12,12,terca,3,33,84.85,8.67,30
SBBR,23,23,domingo,1,198,89.90,0.78,16
SBSR,6,6,quinta,5,14,100.00,-7.64,-5
SBRP,15,15,terca,3,30,93.33,-2.3,-2
SAEZ,22,,quarta,4,53,70.97,14.74,51
SBBV,16,15,quarta,4,12,91.67,4.17,12
SCEL,0,,quarta,4,19,88.24,3.29,36
SBAR,2,2,quinta,5,97,82.47,1.7,25
SBCY,14,13,quarta,4,33,81.82,2.97,27
LPPT,10,,terca,3,66,51.52,24.88,74
SBSN,16,16,segunda,2,51,90.00,2.36,5
SBBE,3,3,domingo,1,88,94.25,-2.93,7
SBIL,10,10,sabado,7,57,84.21,6.79,32
SBFL,10,10,sexta,6,282,83.90,6.15,24
SBCH,12,12,quinta,5,5,60.00,31.2,120
SSKW,16,15,domingo,1,31,70.97,26.19,36
SUMU,17,,quarta,4,1,100.00,-12.0,-12
SBDB,16,15,sabado,7,5,80.00,10.0,62
SBSR,16,16,quinta,5,13,91.67,1.67,15
SABE,4,,segunda,2,82,93.90,5.1,4
SBIZ,2,2,domingo,1,43,88.37,-5.19,21
SBMO,7,7,sexta,6,13,100.00,-11.69,-2
SBPS,21,21,sexta,6,3,33.33,24.67,62
SBRF,15,15,terca,3,119,82.20,5.73,22
SBSR,16,16,sabado,7,12,83.33,2.0,23
SWTP,13,12,terca,3,4,100.00,-9.67,0
SBSN,2,2,quarta,4,10,100.00,-8.5,-6
SBMK,9,9,sexta,6,53,77.36,6.19,32
SBNF,6,6,quinta,5,69,95.52,-0.39,-2
SBPK,15,15,sabado,7,26,100.00,-10.6,-6
SBDB,10,9,domingo,1,48,97.92,-7.81,6
EDDM,8,,quarta,4,21,80.95,8.95,48
LIRF,6,,terca,3,12,83.33,7.92,39
SBJV,13,13,quinta,5,21,85.71,3.71,30
SJZA,12,12,quarta,4,32,76.67,12.6,65
KORD,20,,quinta,5,21,52.38,45.19,81
MPTO,16,,sexta,6,17,100.00,-1.65,5
SBLO,7,7,quinta,5,18,94.12,-3.24,14
SBJU,19,19,quinta,5,22,100.00,-9.91,-8
SBMO,8,8,sexta,6,3,66.67,49.33,162
SBMO,19,19,quinta,5,37,91.18,-2.15,10
KJFK,19,,sexta,6,9,100.00,-5.22,0
FAOR,9,,domingo,1,18,94.44,-0.83,15
SBSL,1,1,terca,3,52,90.39,0.6,15
SBSJ,19,19,domingo,1,18,100.00,-6.17,-1
KORD,10,,quinta,5,1,,,
SBEG,11,10,sabado,7,10,88.89,8.44,89
SBCF,3,3,sexta,6,31,100.00,-8.55,-3
SBBV,14,13,quinta,5,5,60.00,45.2,197
SAEZ,7,,terca,3,28,100.00,-7.0,-1
SBPS,7,7,sexta,6,5,100.00,-7.5,6
SBPL,9,9,domingo,1,5,100.00,-4.2,-2
SBCY,14,13,sabado,7,15,86.67,4.4,19
SBMO,22,22,segunda,2,7,71.43,62.71,314
LTFM,14,,domingo,1,6,83.33,10.83,39
SBPL,19,19,segunda,2,9,100.00,-7.11,1
GVAC,11,,segunda,2,2,0.00,21.0,24
SBGO,3,3,domingo,1,5,100.00,-9.4,-5
SBFZ,8,8,sabado,7,2,100.00,-2.5,3
DNMM,1,,terca,3,3,33.33,129.0,343
SBAQ,17,17,quarta,4,4,100.00,-12.67,-10
SBBW,18,17,terca,3,2,100.00,-12.5,-10
EHAM,15,,quarta,4,1,,,
GVAC,3,,quinta,5,1,0.00,138.0,138
DNMM,7,,sexta,6,1,100.00,-20.0,-20
LEMD,8,,sabado,7,78,71.05,16.34,79
SBCF,17,17,terca,3,526,84.33,5.71,30
SBGO,6,6,domingo,1,138,96.38,-5.83,-1
SBJA,19,19,sexta,6,29,96.55,-3.52,12
SBGR,17,17,segunda,2,1530,67.27,16.17,45
EGLL,18,,segunda,2,64,75.81,10.34,42
SCEL,5,,quarta,4,165,85.16,7.34,40
SBCA,11,11,segunda,2,85,83.13,5.29,33
SBSV,9,9,terca,3,205,89.06,3.68,17
SBGR,12,12,terca,3,967,74.48,10.76,29
SCEL,5,,domingo,1,186,84.44,12.93,44
SBCF,22,22,domingo,1,469,88.91,2.48,18
KMIA,13,,sexta,6,14,100.00,-8.1,-3
SBSG,17,17,terca,3,143,79.43,7.66,31
SBGO,8,8,sabado,7,82,91.36,-0.81,7
SBPA,21,21,sexta,6,198,84.77,5.14,22
SBCY,18,17,sabado,7,150,93.96,-1.45,7
SBPJ,5,5,sexta,6,1,100.00,-7.0,-7
SBPA,10,10,quinta,5,383,84.51,5.95,25
SBCY,14,13,quinta,5,17,88.24,2.47,18
SBBE,0,0,sexta,6,80,93.67,-1.84,11
SBSV,3,3,sexta,6,111,93.58,-4.33,7
SBIZ,15,15,sexta,6,14,100.00,-9.07,-4
SMJP,15,,sabado,7,35,80.00,5.4,33
SBRF,10,10,sabado,7,143,88.73,1.48,19
SBCJ,13,13,segunda,2,50,83.67,1.22,38
SBMO,13,13,sabado,7,56,83.93,7.41,31
SBSV,5,5,sexta,6,329,99.06,-6.17,0
SBCG,15,14,quarta,4,48,76.60,2.89,36
SBMK,15,15,segunda,2,21,80.95,23.24,81
SUMU,15,,sexta,6,27,96.30,-6.37,7
SBCT,14,14,quarta,4,145,83.33,12.31,30
SBSV,4,4,terca,3,125,95.16,3.91,3
SBCT,8,8,terca,3,124,94.78,-2.03,7
SBVC,19,19,segunda,2,35,88.57,1.49,33
SBJR,12,12,sabado,7,1,100.00,5.0,5
SBSV,12,12,sabado,7,126,79.37,12.7,29
SBUR,16,16,segunda,2,8,71.43,12.57,114
SBFZ,16,16,domingo,1,59,67.24,11.62,39
LFPG,5,,quarta,4,56,46.43,27.02,61
SAEZ,20,,terca,3,19,64.29,164.64,1089
SBMO,9,9,sabado,7,36,93.94,-2.18,10
KDFW,23,,quinta,5,12,83.33,34.67,164
SBGO,9,9,sabado,7,190,84.95,4.1,19
SBIL,17,17,sabado,7,53,82.69,3.96,26
SBFL,4,4,terca,3,31,87.10,16.26,131
KJFK,21,,segunda,2,56,81.82,13.6,50
SBJU,12,12,quinta,5,55,72.73,8.16,36
SBLO,17,17,quinta,5,5,80.00,-0.8,28
SBJP,16,16,sexta,6,30,83.33,9.2,16
SBFI,8,8,terca,3,4,75.00,22.25,118
EHAM,8,,segunda,2,60,79.66,-18.22,31
SBFN,12,13,segunda,2,52,84.31,10.12,25
SBJP,15,15,sabado,7,22,90.91,1.0,9
SBVC,17,17,domingo,1,9,87.50,-0.88,17
SBMK,10,10,terca,3,15,92.86,-0.07,13
SYCJ,21,,terca,3,1,100.00,-95.0,-95
SBFZ,8,8,terca,3,8,100.00,-5.25,-1
SBEG,10,9,quarta,4,10,66.67,19.33,114
SBFI,15,15,segunda,2,50,82.00,9.14,34
SNZR,15,15,quinta,5,31,81.48,8.07,43
SBRP,12,12,domingo,1,55,92.73,-6.56,4
SBBV,15,14,quarta,4,51,84.31,1.25,22
EHAM,6,,sexta,6,22,40.91,22.05,57
LTFM,2,,segunda,2,12,16.67,87.17,326
MPTO,1,,domingo,1,5,100.00,-9.8,-6
SBPS,1,1,quinta,5,5,60.00,9.8,21
SBBE,4,4,segunda,2,41,92.50,-5.88,4
KMIA,18,,quinta,5,2,0.00,105.5,155
SBSI,13,12,sabado,7,13,100.00,-9.08,-5
SWPI,23,22,segunda,2,1,100.00,-14.0,-14
SBTE,1,1,quinta,5,15,93.33,-2.0,10
SBEG,20,19,domingo,1,13,92.31,-2.46,-1
SACO,9,,sexta,6,9,77.78,30.78,266
SWPI,23,22,sexta,6,1,100.00,-22.0,-22
SBVC,0,0,sexta,6,10,90.00,2.4,1
SBCJ,14,14,domingo,1,1,100.00,-8.0,-8
GVAC,15,,sabado,7,9,12.50,111.38,190
SDLO,10,,segunda,2,3,100.00,-9.5,-5
SGES,20,,domingo,1,1,100.00,1.0,1
FNLU,7,,quarta,4,2,100.00,-54.5,-49
SAME,0,,terca,3,3,,,
SPJC,0,,domingo,1,1,100.00,-1.0,-1
SBAX,16,16,sabado,7,3,50.00,39.0,88
GVAC,23,,domingo,1,1,0.00,57.0,57
SWKO,15,14,segunda,2,1,100.00,-11.0,-11
SWPI,5,4,sexta,6,1,0.00,95.0,95
GOBD,13,,segunda,2,1,100.00,-3.0,-3
SBLO,4,4,sabado,7,1,100.00,-7.0,-7
OMDW,21,,quinta,5,1,,,
SBPV,10,9,sabado,7,1,100.00,-14.0,-14
EBLG,5,,quarta,4,1,,,
SBGR,12,12,sabado,7,1001,75.37,11.74,33
SAEZ,16,,terca,3,22,75.00,3.5,20
SBSV,10,10,segunda,2,196,91.33,0.76,13
SBGR,3,3,sabado,7,174,74.23,17.72,84
SBVT,11,11,domingo,1,179,84.66,3.85,22
SBFZ,10,10,segunda,2,111,91.89,-0.34,11
SBCJ,13,13,quarta,4,51,91.84,-5.59,3
SBGL,22,22,segunda,2,699,83.33,10.79,26
SBSP,16,16,quarta,4,753,76.12,9.84,31
SBSL,18,18,terca,3,85,81.93,3.84,23
SBSP,19,19,sexta,6,839,63.12,15.66,46
SBCA,19,19,sexta,6,117,77.27,9.84,44
SCEL,6,,quarta,4,170,85.54,6.69,24
SBBE,13,13,quinta,5,244,95.90,-0.69,5
SBRJ,9,9,domingo,1,222,98.17,-6.33,-1
SBPA,9,9,sexta,6,276,85.15,3.17,25
SBCF,15,15,sabado,7,174,84.97,5.79,27
SUMU,19,,quinta,5,29,96.55,-6.17,0
SBRJ,16,16,sexta,6,124,81.15,3.97,22
SBRB,3,1,quarta,4,41,100.00,-5.8,1
KIAD,23,,quarta,4,25,56.00,57.08,141
SAEZ,19,,segunda,2,58,82.35,4.24,26
SBFZ,9,9,terca,3,63,96.83,-6.67,-2
SBPA,17,17,sexta,6,383,76.25,8.67,33
SBGL,14,14,quinta,5,406,86.50,4.68,21
SBJU,2,2,domingo,1,52,90.20,-0.67,15
SBVT,6,6,quinta,5,169,96.45,-3.92,0
SBMQ,3,3,sabado,7,108,90.57,-0.15,15
SBUR,11,11,sexta,6,43,82.93,12.9,34
SBGL,5,5,quarta,4,215,95.76,-3.19,2
SNCL,12,,segunda,2,14,100.00,-13.36,-9
SUMU,13,,quinta,5,69,88.41,0.87,17
SBUL,10,10,quinta,5,102,75.00,9.17,30
SBIL,14,14,sabado,7,59,91.38,-3.41,10
SBTE,12,12,segunda,2,90,89.89,-0.7,16
OMDB,1,,terca,3,40,65.00,22.45,33
SBPS,23,23,domingo,1,18,94.44,-2.0,15
SBIP,20,20,domingo,1,9,100.00,-9.78,-1
MPTO,23,,sabado,7,102,91.18,-1.39,13
MPTO,18,,terca,3,51,95.83,1.35,10
SBBE,12,12,sabado,7,151,82.31,6.36,26
SBCY,9,8,sexta,6,50,89.58,0.77,16
SBGR,4,4,terca,3,241,78.24,10.46,38
LPPT,14,,sabado,7,64,34.38,29.41,64
SBMQ,13,13,domingo,1,21,95.00,-1.85,7
LEMD,8,,terca,3,74,59.38,28.78,95
SABE,8,,segunda,2,32,53.13,36.56,118
SSUV,15,15,quinta,5,49,90.91,-2.97,12
SBPS,18,18,quinta,5,86,73.26,12.31,53
SNLN,15,15,segunda,2,33,64.52,18.68,80
SBJA,17,17,sexta,6,4,75.00,1.5,16
GOBD,11,,quinta,5,27,48.15,78.15,230
CYUL,22,,domingo,1,22,40.91,43.14,96
KMIA,19,,domingo,1,28,78.57,7.18,38
SBCG,15,14,quinta,5,45,72.73,16.86,61
SBGO,17,17,domingo,1,57,82.46,5.95,36
EBLG,15,,domingo,1,1,,,
SNBR,16,16,domingo,1,9,100.00,-16.44,-1
SACO,2,,quarta,4,33,93.94,-1.82,13
SBTT,13,11,domingo,1,7,83.33,-1.0,54
SBPS,7,7,quarta,4,13,92.31,-2.46,10
LIRF,16,,domingo,1,18,41.18,-14.29,69
SBNF,12,12,quarta,4,48,97.83,-5.35,6
SBEG,22,21,domingo,1,53,75.00,19.54,52
SBTE,10,10,domingo,1,9,100.00,-10.33,-3
DNMM,12,,quarta,4,9,44.44,100.89,471
SBUR,18,18,sabado,7,5,100.00,-6.6,9
SBPJ,2,2,domingo,1,16,100.00,-5.25,7
EHAM,5,,quarta,4,36,,,
EGLL,14,,terca,3,1,0.00,21.0,21
SBSL,20,20,sabado,7,20,83.33,2.5,17
KLAX,18,,sexta,6,13,84.62,5.62,26
SBFI,15,15,domingo,1,40,90.00,13.43,9
OTHH,7,,quinta,5,3,,,
SGAS,19,,sabado,7,6,50.00,41.67,140
MMMX,22,,domingo,1,5,80.00,-1.6,56
OTHH,3,,terca,3,8,25.00,53.88,205
MMUN,23,,terca,3,6,100.00,-8.17,-3
SEQM,19,,domingo,1,1,,,
SBAX,10,10,terca,3,3,100.00,-0.67,3
SBCH,11,11,quarta,4,13,61.54,15.54,36
SBFI,23,23,quinta,5,4,75.00,36.5,152
SAEZ,1,,quinta,5,9,0.00,276.5,572
OMDW,20,,sabado,7,4,100.00,-202.25,-155
SNCL,14,,segunda,2,3,66.67,29.0,89
SBJP,0,0,terca,3,1,100.00,-8.0,-8
SBLO,7,7,domingo,1,2,100.00,-12.5,-11
SBAE,18,18,domingo,1,1,100.00,-24.0,-24
MDPC,11,,sexta,6,6,,,
SVMI,22,,quinta,5,1,0.00,117.0,117
EBBR,13,,quarta,4,1,0.00,42.0,42
SBJE,15,15,sexta,6,1,100.00,-13.0,-13
SBSL,22,22,quarta,4,1,100.00,-12.0,-12
SBJE,13,13,terca,3,1,100.00,13.0,13
SBNF,4,4,terca,3,1,100.00,1.0,1
SBZM,11,11,domingo,1,34,97.06,-6.59,3
SBGL,10,10,sabado,7,369,83.29,6.53,30
SBGR,9,9,quarta,4,1591,73.02,11.81,31
SCEL,0,,quinta,5,17,82.35,7.06,33
SBGL,23,23,quinta,5,374,85.33,10.44,28
SBFZ,14,14,terca,3,595,88.89,1.36,18
SBKP,13,13,quinta,5,867,80.07,10.19,32
SBPA,21,21,quinta,5,214,78.51,7.79,35
SBKP,18,18,domingo,1,409,77.92,16.5,40
SBKP,3,3,domingo,1,27,66.67,12.52,49
SBCA,11,11,quinta,5,83,81.93,12.01,50
SBFI,12,12,quinta,5,40,87.50,1.05,17
SKBO,14,,sabado,7,55,90.74,6.65,12
SBRJ,10,10,sabado,7,249,90.32,0.56,14
SBDN,5,5,segunda,2,42,95.12,-4.73,-2
SBFI,5,5,sexta,6,157,94.12,-1.5,7
SBEG,16,15,sexta,6,128,83.20,4.02,33
SABE,18,,segunda,2,105,87.62,3.96,19
SBCY,9,8,domingo,1,33,100.00,-12.85,-6
SBFL,9,9,sabado,7,144,85.40,10.92,20
SBGO,14,14,terca,3,74,79.17,9.21,22
SBCT,16,16,domingo,1,117,77.88,33.08,69
SBGO,15,15,quarta,4,112,76.36,11.58,29
KMIA,23,,quinta,5,103,71.57,0.4,52
SUMU,18,,domingo,1,50,83.33,0.71,27
SBCT,22,22,sexta,6,112,88.18,1.54,19
SBEG,18,17,segunda,2,34,79.17,123.17,59
SBUL,15,15,sexta,6,111,70.00,16.11,46
SGAS,12,,segunda,2,53,79.25,12.66,47
SBFZ,5,5,terca,3,57,92.98,-1.14,2
SBTE,2,2,sabado,7,68,86.36,0.58,18
SBPS,16,16,domingo,1,120,89.92,0.01,16
SBMQ,14,14,domingo,1,48,93.62,1.77,7
SBIP,6,6,segunda,2,31,93.10,-4.66,6
SBMO,10,10,sabado,7,77,89.61,0.51,17
SAEZ,2,,domingo,1,125,74.23,10.38,37
SBJI,14,13,sexta,6,15,60.00,12.73,30
SBTE,1,1,terca,3,18,83.33,0.22,55
SBFZ,0,0,domingo,1,6,83.33,14.33,86
SBEG,5,4,segunda,2,60,90.74,14.43,15
SBCH,16,16,segunda,2,9,77.78,4.0,53
SBMQ,14,14,sabado,7,45,88.89,7.6,20
SBFL,18,18,domingo,1,120,84.62,3.76,20
SCEL,16,,sabado,7,99,85.57,4.81,25
SBVC,4,4,terca,3,14,100.00,-8.14,-3
KMCO,22,,terca,3,24,91.67,-2.25,14
KATL,23,,quarta,4,16,75.00,6.25,56
SBCH,5,5,quinta,5,11,100.00,-8.91,-5
EDDF,6,,sexta,6,6,33.33,97.67,217
SBBW,17,16,segunda,2,51,90.70,5.95,12
SAEZ,3,,domingo,1,47,89.36,39.19,16
SBMO,16,16,quinta,5,50,88.00,7.48,22
KMCO,19,,quinta,5,18,94.44,-0.44,13
SBMO,13,13,segunda,2,24,79.17,2.17,19
SBPL,6,6,terca,3,8,100.00,-5.63,13
SBRF,1,1,quarta,4,15,100.00,-2.93,3
SBML,19,19,quarta,4,25,75.00,8.38,44
SBTT,19,17,terca,3,30,79.31,7.1,35
KMIA,15,,quarta,4,2,0.00,208.0,349
TNCC,10,,quinta,5,7,100.00,-4.86,5
SWPI,15,14,sabado,7,2,100.00,-2.0,0
SNEB,11,11,terca,3,32,90.32,-6.9,0
SPJC,10,,domingo,1,7,85.71,-4.71,25
SBAE,14,14,sabado,7,8,85.71,-2.86,42
SBJU,17,17,terca,3,9,66.67,6.11,43
SBFZ,13,13,terca,3,9,88.89,-1.56,21
SBSI,12,11,segunda,2,8,75.00,5.5,73
SAZS,18,,sabado,7,6,83.33,7.17,22
SAZS,19,,quinta,5,5,100.00,-4.2,12
LTFM,8,,quarta,4,1,100.00,-20.0,-20
SBAR,20,20,sabado,7,6,66.67,12.33,71
SBGO,7,7,quarta,4,8,100.00,-7.5,3
KMIA,3,,terca,3,4,33.33,22.33,68
SWPI,7,6,segunda,2,1,100.00,-5.0,-5
SUMU,10,,terca,3,1,100.00,8.0,8
SKBO,6,,quinta,5,1,100.00,-110.0,-110
KIAH,14,,quinta,5,1,0.00,1022.0,1022
ELLX,17,,segunda,2,1,,,
SWPI,17,16,domingo,1,1,100.00,-9.0,-9
SBGR,17,17,quinta,5,1558,70.72,14.96,43
SBKP,17,17,sexta,6,742,70.41,12.26,42
SBAR,12,12,quinta,5,108,78.70,7.51,35
SBPS,9,9,sexta,6,85,92.77,0.72,14
SKBO,18,,sabado,7,64,85.71,8.11,23
SBCF,22,22,sexta,6,454,78.44,7.94,34
SBVC,16,16,sexta,6,41,85.37,5.24,38
SBGO,22,22,domingo,1,28,92.86,-3.68,9
SBVT,21,21,terca,3,63,91.80,-3.1,11
SBGR,6,6,sabado,7,500,84.57,2.17,23
SCEL,21,,sexta,6,68,69.12,11.5,44
SBVT,12,12,domingo,1,63,93.65,-3.3,9
SBFZ,9,9,sexta,6,66,95.46,-3.7,5
SBSV,18,18,segunda,2,239,83.40,7.25,33
SBPA,13,13,domingo,1,149,95.30,-3.83,1
SBGR,16,16,sexta,6,980,74.28,12.09,35
SBEG,17,16,sexta,6,153,72.30,10.77,42
SCEL,14,,domingo,1,186,84.48,3.02,22
LTFM,4,,sexta,6,42,88.10,13.55,16
SCEL,18,,quinta,5,91,82.76,7.55,28
SBMO,1,1,domingo,1,42,85.71,-1.83,16
SBCT,8,8,segunda,2,99,89.90,2.94,17
SBSL,2,2,segunda,2,89,95.40,-5.92,4
SBCG,14,13,sexta,6,67,83.58,5.97,23
SBSG,11,11,segunda,2,86,85.88,4.71,19
SBCY,3,2,quarta,4,200,89.34,-0.16,17
SAEZ,23,,segunda,2,75,90.28,5.5,15
SBPS,16,16,quinta,5,114,86.61,7.0,26
SBBV,4,3,sexta,6,17,93.75,-4.5,4
SBNF,20,20,terca,3,78,77.92,4.71,36
SBSL,3,3,sabado,7,88,83.72,2.59,24
KJFK,20,,segunda,2,26,85.71,43.95,36
SBGO,22,22,quarta,4,28,75.00,4.46,42
SBSV,7,7,quinta,5,47,97.83,-6.07,-2
SBGO,19,19,quarta,4,191,78.31,4.59,34
SBPS,14,14,sabado,7,129,85.04,4.52,19
LEMD,3,,sexta,6,18,,,
SBCY,10,9,quarta,4,84,89.29,0.82,24
SBCY,5,4,quarta,4,41,97.56,-6.88,-1
MMMX,21,,segunda,2,48,89.58,0.92,19
SLVR,11,,sexta,6,4,25.00,103.0,200
SBBE,15,15,segunda,2,68,85.08,3.63,37
SBMA,15,15,quinta,5,5,80.00,1.8,54
SBSI,16,15,segunda,2,40,84.62,1.79,27
SBMK,17,17,segunda,2,23,91.30,2.35,6
SBCH,19,19,quinta,5,26,73.08,7.27,34
SBSG,18,18,quarta,4,51,80.39,4.57,25
SBEG,18,17,domingo,1,9,75.00,-4.13,24
SBVC,9,9,sabado,7,17,94.12,-0.47,14
SBPL,18,18,quarta,4,2,100.00,-8.0,-8
SEQM,21,,domingo,1,1,0.00,315.0,315
SBJP,19,19,domingo,1,4,100.00,-9.0,-8
MPTO,1,,terca,3,4,100.00,-6.25,-4
SBGL,0,0,sexta,6,13,84.62,0.08,29
SBRP,17,17,quinta,5,3,66.67,9.67,39
SBTE,17,17,quarta,4,2,100.00,7.0,11
EBLG,10,,sexta,6,1,,,
SBTE,13,13,quarta,4,1,0.00,28.0,28
SBPS,23,23,quarta,4,1,0.00,18.0,18
EBBR,3,,domingo,1,1,0.00,28.0,28
SBSP,17,17,sabado,7,603,87.10,2.78,21
SBCF,21,21,quarta,4,362,78.53,7.54,27
SBMO,5,5,segunda,2,106,98.08,-5.99,0
SBRJ,13,13,sexta,6,349,85.25,5.29,21
SBRF,17,17,quinta,5,419,80.82,7.47,31
SBUL,5,5,quinta,5,136,95.49,-1.67,2
SBML,19,19,segunda,2,25,91.67,-1.42,13
SBBE,20,20,segunda,2,64,76.19,2.3,28
SBCJ,17,17,sexta,6,52,80.39,7.84,33
SBRJ,12,12,sabado,7,172,95.12,-2.87,6
GVAC,3,,terca,3,1,,,
SBVT,19,19,sexta,6,171,62.50,15.35,42
SBGR,2,2,quinta,5,116,60.36,40.39,94
SABE,18,,quinta,5,153,78.81,15.71,45
SBKP,16,16,segunda,2,171,84.02,3.96,26
SAEZ,0,,terca,3,15,86.67,12.0,16
SBPF,9,9,terca,3,11,36.36,48.64,137
SBBE,15,15,quinta,5,98,90.53,1.13,15
SBDB,13,12,terca,3,33,93.94,-2.88,9
SCEL,7,,sexta,6,122,91.60,5.52,12
SBMG,5,5,sexta,6,89,100.00,-7.76,-2
LIRF,17,,terca,3,74,67.21,16.3,39
MDSD,19,,segunda,2,19,,,
SCEL,7,,sabado,7,59,91.38,5.52,14
SBAU,15,15,quinta,5,20,90.00,-0.3,14
SABE,20,,quinta,5,56,77.36,17.06,58
SBGO,19,19,sexta,6,190,79.37,8.07,33
SBPJ,19,19,segunda,2,4,75.00,9.0,73
SBVC,20,20,quinta,5,19,83.33,-2.44,29
LFPG,18,,segunda,2,30,83.33,64.23,22
KATL,0,,domingo,1,22,59.09,27.95,70
SBCA,20,20,quinta,5,9,100.00,-11.0,1
SBSG,21,21,sabado,7,30,100.00,-7.23,1
SBEG,18,17,quarta,4,31,77.78,53.78,135
SBUL,15,15,terca,3,95,84.04,8.29,33
SBCF,5,5,quarta,4,81,95.00,-1.84,2
SBEG,21,20,quinta,5,43,79.17,-7.92,56
SLVR,13,,sexta,6,53,79.25,4.79,27
SAEZ,5,,quinta,5,76,84.72,7.31,30
KEWR,23,,quarta,4,21,80.95,18.48,26
SBFZ,9,9,quinta,5,61,100.00,-5.74,2
SBMG,20,20,domingo,1,19,84.21,3.89,27
SSUM,15,15,sexta,6,18,80.00,10.0,22
SBPO,14,14,sabado,7,29,92.86,-8.68,-5
SBCF,1,1,domingo,1,36,83.33,1.14,26
SBZM,13,13,sexta,6,13,100.00,-4.85,1
CYUL,23,,domingo,1,30,93.10,25.21,13
SBLO,15,15,sexta,6,14,85.71,6.21,33
SBUR,17,17,quarta,4,15,86.67,3.93,23
SBDN,7,7,sabado,7,12,100.00,-7.36,-1
SBFN,12,13,domingo,1,52,92.00,5.12,10
SBDN,15,15,quarta,4,51,74.51,18.63,39
SBEG,18,17,quinta,5,9,100.00,-11.63,0
SBMG,5,5,sabado,7,112,96.26,-1.82,6
SBGO,22,22,sexta,6,27,80.77,8.65,38
KATL,20,,segunda,2,48,81.25,7.56,31
SBCX,16,16,sabado,7,16,80.00,3.67,29
SBMG,12,12,sexta,6,13,92.31,-4.15,4
SBEG,18,17,sexta,6,14,71.43,6.36,30
LEMD,3,,quarta,4,18,,,
SBEG,23,22,quarta,4,12,54.55,34.82,92
SBSR,0,0,segunda,2,1,100.00,-6.0,-6
SPJC,21,,segunda,2,10,100.00,-3.1,12
KDFW,23,,segunda,2,12,54.55,148.27,207
EBBR,11,,domingo,1,1,100.00,-3.0,-3
SBMA,14,14,quarta,4,5,100.00,-10.4,-7
SBSO,15,14,segunda,2,13,100.00,-20.85,-14
SBCG,4,3,sexta,6,5,100.00,-11.6,-7
SNPD,15,15,sexta,6,9,88.89,0.0,17
SBJU,10,10,sexta,6,4,75.00,2.5,27
SKBO,3,,segunda,2,1,100.00,0.0,0
SKRG,15,,sexta,6,1,,,
SBPS,6,6,terca,3,2,100.00,-13.0,-13
SBSP,21,21,quarta,4,704,77.55,6.56,32
SBRF,22,22,segunda,2,448,82.25,8.83,30
SBCF,19,19,quinta,5,233,78.86,8.16,30
SBCH,18,18,quarta,4,13,92.31,-5.85,-1
SBRJ,19,19,terca,3,328,87.34,0.9,21
SBJU,12,12,segunda,2,26,84.62,3.23,25
SBPA,17,17,domingo,1,401,84.04,6.41,23
SBFZ,10,10,terca,3,120,88.24,2.08,24
SBKP,6,6,terca,3,490,90.52,3.86,13
SBGL,23,23,sexta,6,488,83.40,4.73,25
SBSP,14,14,quinta,5,803,72.92,13.11,33
SBSP,13,13,sabado,7,625,88.51,1.73,17
SBBE,18,18,segunda,2,63,84.13,4.21,20
SBZM,13,13,segunda,2,12,91.67,20.42,8
SBFI,20,20,quarta,4,74,82.43,4.76,28
SBSG,12,12,quinta,5,209,80.77,6.38,25
SBRJ,17,17,domingo,1,270,90.26,1.0,15
SAEZ,16,,domingo,1,44,68.00,32.12,83
SBCG,11,10,domingo,1,128,79.69,7.84,37
SBKP,21,21,quinta,5,232,83.04,5.69,28
EHAM,6,,terca,3,22,50.00,26.91,62
SBBE,18,18,sabado,7,81,83.95,13.48,22
LEBL,8,,terca,3,39,79.49,13.23,51
SBSV,5,5,domingo,1,281,98.21,-6.41,0
SAEZ,5,,sexta,6,85,91.43,-1.09,13
SBCF,0,0,quarta,4,18,83.33,-0.11,19
SBCY,8,7,quinta,5,39,88.24,0.03,20
LIRF,16,,sabado,7,17,43.75,31.94,63
SBPS,12,12,terca,3,100,89.90,0.16,16
SAZS,18,,quarta,4,11,72.73,11.18,27
SBSI,10,9,segunda,2,13,100.00,-2.85,8
SABE,17,,quarta,4,60,75.00,10.63,35
SBMG,12,12,terca,3,5,100.00,-9.4,-8
SBPK,19,19,quinta,5,21,100.00,-4.76,6
SBFZ,7,7,domingo,1,11,100.00,-8.1,-5
SBAR,12,12,quarta,4,106,89.52,2.53,17
SBSG,4,4,domingo,1,88,97.67,-6.13,-1
SBNF,6,6,quarta,4,66,95.31,5.23,-2
SWGN,2,2,sabado,7,40,97.37,-5.29,-3
KLAX,19,,sexta,6,51,68.63,25.18,33
SBGO,13,13,sexta,6,33,84.38,1.59,21
SPJC,11,,sabado,7,91,86.81,1.81,20
SAZS,18,,sexta,6,7,71.43,13.14,55
KIAH,22,,domingo,1,23,78.26,-15.48,48
SUMU,12,,sabado,7,33,87.88,0.0,22
SBTE,12,12,domingo,1,93,87.10,0.96,24
MPTO,13,,quinta,5,18,66.67,9.17,24
SBSG,14,14,sexta,6,22,85.71,-2.24,16
SNCP,16,16,segunda,2,18,88.24,-4.47,23
LEMD,4,,quarta,4,38,35.29,49.71,160
SGAS,2,,sexta,6,24,87.50,34.75,28
SBFI,8,8,segunda,2,8,87.50,6.25,55
EBBR,14,,segunda,2,22,0.00,178.38,253
SBUL,14,14,domingo,1,6,100.00,-5.2,7
SBGL,2,2,sabado,7,26,73.08,9.85,50
SKBO,20,,segunda,2,12,66.67,10.08,37
LTFM,3,,terca,3,11,90.91,5.09,14
SBGO,13,13,sabado,7,17,70.59,24.76,154
GOBD,12,,terca,3,1,0.00,329.0,329
SEQM,7,,sabado,7,1,0.00,237.0,237
SBSJ,6,6,segunda,2,11,100.00,-6.73,-3
SBMA,15,15,terca,3,4,75.00,0.5,35
MPTO,13,,terca,3,17,82.35,6.18,39
SBJI,15,14,sabado,7,5,80.00,43.8,220
GOBD,13,,sabado,7,4,100.00,-19.0,14
SBRP,20,20,sabado,7,1,0.00,20.0,20
SUMU,12,,quinta,5,16,87.50,3.63,20
SBGO,3,3,quinta,5,12,72.73,1.0,20
SKBO,12,,sabado,7,14,90.00,-166.0,-4
SWPI,14,13,quinta,5,1,0.00,48.0,48
SBJE,2,2,sexta,6,7,100.00,1.0,11
SBFZ,8,8,quinta,5,15,93.33,-0.93,15
SGES,2,,domingo,1,2,0.00,115.0,115
SBTE,22,22,sexta,6,3,100.00,-9.0,-5
SBPJ,23,23,sabado,7,3,100.00,-1.33,9
SBRP,13,13,terca,3,4,100.00,-8.75,-4
SBUL,0,0,segunda,2,3,66.67,12.67,22
SBVC,7,7,domingo,1,4,100.00,-8.0,-4
EDDF,7,,quinta,5,3,0.00,169.33,319
OMDW,18,,sabado,7,1,0.00,96.0,96
SBCH,13,13,sabado,7,3,66.67,9.67,37
SBPV,11,10,segunda,2,1,100.00,1.0,1
SBTE,17,17,segunda,2,1,0.00,74.0,74
SBPA,17,17,terca,3,365,85.12,4.67,23
SBRJ,10,10,terca,3,269,85.99,3.57,22
SBFL,5,5,terca,3,249,89.92,5.68,18
SBGL,19,19,terca,3,265,83.27,0.68,27
SBRJ,6,6,quarta,4,458,97.55,-4.1,0
SBSG,7,7,sabado,7,28,100.00,-12.89,-5
SBSV,12,12,domingo,1,207,82.00,4.11,27
SBKP,13,13,domingo,1,773,87.93,5.78,20
SBGR,1,1,domingo,1,348,84.37,9.92,30
SBRF,10,10,domingo,1,231,92.38,0.07,10
SBSR,7,7,terca,3,22,95.46,-7.5,-4
SBGL,17,17,sexta,6,437,76.62,10.82,34
SBGR,0,0,quinta,5,330,58.44,23.03,38
GVAC,21,,domingo,1,22,,,
SBGL,12,12,quarta,4,338,88.72,4.12,18
SBVT,11,11,sabado,7,199,84.77,3.01,24
SBJP,4,4,quarta,4,129,94.57,-3.94,2
SBBR,12,12,sexta,6,338,83.88,3.9,26
SBKP,18,18,terca,3,383,75.39,19.13,36
SBTE,16,16,segunda,2,60,86.44,-0.92,21
MDPC,12,,segunda,2,35,42.86,80.86,168
SBVH,16,15,sexta,6,31,54.84,17.65,50
SAEZ,4,,sexta,6,76,25.00,102.5,202
SBBE,7,7,sabado,7,61,89.83,7.95,18
SBFZ,23,23,terca,3,33,66.67,17.76,49
SBAR,12,12,sexta,6,107,82.24,4.37,20
SBUL,10,10,quarta,4,101,79.80,7.51,39
SBPA,14,14,terca,3,316,85.76,3.67,23
SBMG,15,15,terca,3,113,86.61,5.79,26
SPJC,2,,sexta,6,94,88.17,2.1,16
SBFZ,11,11,sexta,6,163,75.31,10.44,31
SBCF,3,3,segunda,2,115,97.37,-3.78,0
SBTF,11,10,segunda,2,9,66.67,24.56,203
SBSV,4,4,quinta,5,119,97.48,-5.45,-2
SNTS,15,15,terca,3,17,94.12,2.18,0
LPPT,20,,sexta,6,44,62.50,22.3,51
SBPS,13,13,quinta,5,42,87.50,6.78,16
SBNF,7,7,terca,3,22,86.36,6.68,22
SAEZ,18,,terca,3,78,72.55,49.61,106
SBSL,14,14,terca,3,44,71.43,9.29,23
SBBR,16,16,domingo,1,129,84.50,5.69,22
SBMG,6,6,segunda,2,95,96.84,-7.22,-1
SBCY,19,18,sexta,6,73,74.29,6.46,24
SBPL,19,19,terca,3,12,91.67,-4.0,9
SBBV,16,15,segunda,2,12,91.67,-0.92,13
LEMD,9,,sexta,6,19,52.63,23.0,57
SBPJ,5,5,terca,3,4,100.00,-4.25,6
SBDN,7,7,segunda,2,13,100.00,-5.38,0
SBAE,10,10,terca,3,49,79.59,10.24,71
SBFZ,18,18,sabado,7,95,89.36,-0.27,18
SBAR,20,20,segunda,2,5,80.00,7.2,28
SBRF,0,0,terca,3,23,92.31,-4.69,7
SABE,11,,sexta,6,52,71.15,16.94,70
MDSD,20,,sexta,6,16,,,
SBMG,12,12,quarta,4,15,80.00,91.8,67
SBSR,7,7,sexta,6,21,95.00,-0.9,-3
SBMK,12,12,sexta,6,14,100.00,-8.14,-4
SBGO,1,1,terca,3,17,94.12,-8.29,1
SBML,11,11,sexta,6,1,100.00,-10.0,-10
SBPF,11,11,domingo,1,5,100.00,-15.0,-14
SAEZ,9,,sexta,6,12,50.00,22.67,50
SBSV,22,22,segunda,2,46,95.65,-5.57,10
SBPS,19,19,quarta,4,15,73.33,2.73,23
SNCL,12,,sabado,7,19,89.47,-7.32,19
SBJV,15,15,sexta,6,23,78.26,5.96,36
SBSR,11,11,sexta,6,2,100.00,-3.0,9
LFPO,8,,quarta,4,10,90.00,22.2,15
SBSL,7,7,terca,3,1,100.00,-6.0,-6
MMSM,18,,domingo,1,3,,,
SBCG,4,3,quinta,5,2,100.00,-7.0,-5
SBPL,6,6,segunda,2,8,100.00,-5.13,8
SBAR,23,23,quinta,5,1,100.00,0.0,0
SBPS,5,5,sabado,7,5,100.00,-5.6,1
SEQM,17,,sexta,6,3,,,
GVAC,0,,segunda,2,1,0.00,55.0,55
SBMO,23,23,sexta,6,3,100.00,-11.67,-2
SWPI,13,12,sexta,6,1,100.00,5.0,5
LPPT,4,,domingo,1,1,0.00,20.0,20
MMSM,18,,quinta,5,1,0.00,58.0,58
SBLO,16,16,segunda,2,1,100.00,-9.0,-9
SBSR,5,5,segunda,2,71,97.14,-2.43,-2
SBSL,12,12,sexta,6,26,92.00,5.0,15
SABE,3,,quarta,4,99,90.91,-3.06,11
SBKP,12,12,domingo,1,399,87.17,6.75,21
SBSV,13,13,domingo,1,189,89.89,3.89,17
SBBR,6,6,sexta,6,348,97.08,-3.73,0
SBFI,10,10,sabado,7,172,80.12,7.4,26
SBJP,10,10,sabado,7,22,90.48,4.86,15
SBMO,11,11,sabado,7,252,85.20,4.45,28
SBSV,5,5,segunda,2,296,96.25,-3.44,1
SBKP,8,8,segunda,2,1112,89.42,4.62,16
SBGL,3,3,segunda,2,91,85.71,7.67,32
SBSP,19,19,sabado,7,439,93.61,-2.61,9
KMIA,11,,quinta,5,132,64.62,210.69,701
SBMA,5,5,segunda,2,44,100.00,-4.57,0
SBIL,15,15,terca,3,52,90.39,-3.35,12
SBCF,17,17,domingo,1,619,80.52,7.56,32
SBRJ,11,11,segunda,2,309,88.96,2.63,20
SBCF,6,6,domingo,1,384,92.67,-0.37,9
SBVT,12,12,segunda,2,97,83.87,45.03,43
SBIZ,11,11,sabado,7,13,92.31,2.92,5
SBCG,11,10,sabado,7,115,86.09,4.67,22
SBBV,15,14,sexta,6,53,84.91,0.09,17
SBJP,10,10,sexta,6,27,92.59,15.19,14
LEMD,18,,segunda,2,164,57.06,11.9,37
SBCT,13,13,segunda,2,169,87.50,1.3,20
SBRJ,9,9,terca,3,300,92.71,1.77,11
SBFZ,18,18,quinta,5,183,74.18,10.75,34
SBAR,19,19,sexta,6,92,82.22,6.57,32
SBRP,6,6,sexta,6,36,94.12,-9.74,-1
SBBE,17,17,sabado,7,244,82.23,6.21,29
SBPS,17,17,sexta,6,100,76.60,6.95,33
SBMO,20,20,segunda,2,49,73.47,10.22,33
MPTO,23,,quinta,5,96,86.46,-0.78,16
SBFL,16,16,domingo,1,102,81.82,18.31,61
SBBV,3,2,terca,3,51,98.04,-2.9,-2
SBMO,11,11,quinta,5,153,84.31,4.06,24
KATL,23,,sabado,7,28,74.07,43.78,68
SBPS,5,5,terca,3,14,100.00,-11.71,-1
SBFN,13,14,sabado,7,13,69.23,16.15,43
SBUL,13,13,quinta,5,15,93.33,11.2,11
SBSL,3,3,terca,3,84,92.68,9.35,14
SBFN,14,15,domingo,1,102,87.23,4.12,21
SBSV,11,11,domingo,1,321,92.38,-1.23,12
SKBO,16,,sexta,6,35,73.53,8.0,24
KLAX,17,,quarta,4,39,89.74,2.08,17
SBPS,11,11,sexta,6,88,79.76,4.71,26
SBPF,9,9,sexta,6,14,71.43,14.43,51
SBUL,10,10,sexta,6,104,83.17,7.46,34
SBJV,11,11,sexta,6,81,95.00,-5.8,3
SBPV,4,3,terca,3,51,76.47,14.63,24
SCEL,4,,quarta,4,65,92.19,16.36,12
SAEZ,1,,segunda,2,8,,,
SUMU,2,,quarta,4,70,94.20,7.36,5
SPJC,14,,sexta,6,18,100.00,-1.2,4
SPJC,3,,sexta,6,20,30.00,33.9,74
SBIL,12,12,terca,3,24,87.50,1.38,21
SBSG,18,18,segunda,2,55,87.27,1.93,16
KMIA,8,,quinta,5,35,25.71,753.86,2074
SBPV,4,3,segunda,2,53,80.77,19.48,26
SBCY,20,19,quinta,5,16,93.75,-4.88,8
SAME,14,,quinta,5,49,89.58,1.48,16
SNTS,15,15,sexta,6,18,94.12,20.71,6
SBMK,12,12,segunda,2,13,100.00,-6.38,1
SBTE,11,11,sexta,6,10,70.00,8.4,27
SAEZ,22,,sexta,6,74,75.00,19.03,44
LEMD,9,,quarta,4,25,60.00,51.24,159
SAEZ,11,,sexta,6,39,88.00,4.56,18
SNTO,14,14,sexta,6,11,44.44,32.78,138
SNCL,10,,quinta,5,4,100.00,-10.0,-10
SUMU,16,,sabado,7,30,83.33,6.57,18
SBCH,5,5,quarta,4,3,66.67,109.0,347
EHAM,9,,sexta,6,18,88.89,-24.67,19
SBJP,16,16,sabado,7,34,76.47,8.97,44
SAWH,15,,quarta,4,5,40.00,23.2,43
SBSL,19,19,sabado,7,5,100.00,-4.4,15
SBCN,16,16,terca,3,4,100.00,-8.75,-2
MDPC,21,,sabado,7,4,0.00,58.67,96
SBDN,16,16,sexta,6,16,93.75,-4.44,0
SPJC,21,,domingo,1,9,100.00,-7.33,11
MMSM,17,,quinta,5,1,100.00,-2.0,-2
SEQM,0,,sexta,6,1,0.00,91.0,91
OMDW,22,,terca,3,2,0.00,45.0,54
SBFL,7,7,sexta,6,3,100.00,-20.0,-6
LFPG,9,,domingo,1,4,50.00,21.5,40
DNMM,21,,quinta,5,10,77.78,3.22,104
SBCY,23,22,sabado,7,4,100.00,-8.5,-5
SBRP,4,4,terca,3,9,88.89,-1.33,29
SBJE,2,2,segunda,2,8,87.50,0.25,49
SBJU,6,6,sexta,6,1,100.00,-10.0,-10
SBLO,20,20,terca,3,4,75.00,67.5,273
SBKP,0,0,sexta,6,4,0.00,225.0,464
DNMM,8,,quinta,5,1,0.00,47.0,47
SBVT,2,2,quarta,4,2,100.00,4.5,11
SBCJ,15,15,segunda,2,3,0.00,30.5,36
SWPI,6,5,sexta,6,1,100.00,-13.0,-13
MMSM,7,,sabado,7,1,100.00,-5.0,-5
SBUL,19,19,terca,3,113,82.88,5.38,22
SBCF,8,8,terca,3,970,91.72,2.53,13
SBSP,18,18,sexta,6,968,61.75,15.53,46
SBGL,13,13,quarta,4,343,89.44,2.95,17
SBSP,17,17,quarta,4,920,75.73,8.92,31
SBBR,15,15,sabado,7,302,88.67,5.2,17
SBSP,15,15,sabado,7,498,87.48,2.97,19
SBPA,9,9,terca,3,303,87.67,3.06,22
SBCH,9,9,quarta,4,44,81.40,7.6,38
SBFL,10,10,domingo,1,204,84.24,3.42,22
SBFL,17,17,sabado,7,136,85.19,5.65,26
SBMA,4,4,quarta,4,70,91.18,4.51,12
SPJC,22,,terca,3,29,63.64,5.73,26
SBPA,10,10,domingo,1,371,88.58,3.27,18
SBNF,17,17,quarta,4,80,87.34,2.48,20
SBSG,15,15,sabado,7,108,90.29,-1.94,14
LPPR,8,,quinta,5,30,20.00,25.2,37
KLAX,17,,sexta,6,40,90.00,-0.08,12
SBCF,1,1,quarta,4,33,96.97,-2.18,8
SBRP,19,19,quarta,4,99,75.53,14.04,70
MPTO,9,,sabado,7,9,,,
SBAU,10,10,quinta,5,26,83.33,16.13,69
SBMO,21,21,quinta,5,11,90.00,-5.0,-4
SBLO,8,8,quinta,5,12,81.82,0.27,17
SBJP,3,3,domingo,1,95,90.53,0.15,11
SBCH,17,17,sexta,6,74,71.43,18.69,46
SBSN,4,4,terca,3,37,94.60,-3.3,14
LEMD,11,,quarta,4,12,0.00,68.17,106
MROC,23,,quinta,5,9,100.00,-0.44,7
SBZM,15,15,quinta,5,30,90.00,1.47,13
SBCY,15,14,sabado,7,8,100.00,-13.25,-2
SBRP,11,11,sabado,7,68,91.18,-2.29,15
SCEL,16,,segunda,2,96,79.78,13.0,32
SBGO,11,11,domingo,1,122,88.43,-0.48,18
SBSR,13,13,segunda,2,71,84.06,4.83,41
EHAM,7,,quinta,5,21,47.62,15.52,24
SEQM,19,,segunda,2,22,100.00,-483.67,-300
SBMG,12,12,quinta,5,5,80.00,-0.8,16
SBRB,13,11,segunda,2,39,94.74,-1.16,8
SBCH,5,5,domingo,1,9,88.89,-6.11,18
ELLX,8,,segunda,2,46,11.63,180.91,480
SACO,10,,sabado,7,12,25.00,177.17,509
SBCT,23,23,sabado,7,59,81.36,24.08,49
SBRD,15,14,sexta,6,47,76.09,10.0,37
SBCF,1,1,sexta,6,36,94.44,-1.86,7
SBKG,13,13,sexta,6,52,89.58,-0.56,23
SBMO,16,16,quarta,4,43,90.70,6.09,15
SBSR,13,13,sabado,7,21,90.48,-0.62,6
SBPV,13,12,sabado,7,29,96.43,-6.5,0
SAZS,18,,segunda,2,11,72.73,9.0,32
SCEL,20,,terca,3,35,65.71,8.94,31
EDDF,12,,domingo,1,4,25.00,56.75,102
SBSJ,19,19,sexta,6,23,95.65,-6.35,-1
LTFM,13,,sabado,7,18,94.44,6.17,10
SBCH,19,19,segunda,2,26,58.33,20.29,77
SBUR,10,10,sexta,6,12,100.00,-4.82,11
SBGL,2,2,terca,3,23,82.61,3.61,21
SBJI,16,15,sabado,7,31,83.87,4.35,32
SVMI,2,,sexta,6,3,50.00,3.0,16
SBGV,10,10,quinta,5,5,100.00,-8.8,-3
SBMG,9,9,sexta,6,5,80.00,10.8,53
SAZS,17,,segunda,2,4,100.00,-0.5,2
SACO,3,,segunda,2,7,85.71,-2.71,32
SUMU,3,,quinta,5,3,66.67,77.33,269
SBSN,0,0,sabado,7,5,100.00,-12.5,-5
SVMI,6,,segunda,2,1,0.00,344.0,344
SBMG,17,17,segunda,2,3,66.67,8.67,18
EBBR,5,,terca,3,1,0.00,101.0,101
SBVT,2,2,sexta,6,1,100.00,6.0,6
SEQM,5,,quarta,4,1,0.00,63.0,63
EBBR,2,,segunda,2,1,0.00,19.0,19
SEQM,11,,segunda,2,1,0.00,32.0,32
SBVC,23,23,domingo,1,1,100.00,-10.0,-10
SBJU,15,15,sabado,7,1,100.00,-4.0,-4
OTHH,9,,terca,3,1,,,
SBSP,15,15,segunda,2,926,68.48,13.57,40
SCEL,5,,sexta,6,176,85.26,5.29,59
SBSL,15,15,terca,3,96,89.58,-0.69,18
SBPA,14,14,sabado,7,173,91.57,-1.52,12
SBSP,16,16,quinta,5,769,66.76,14.86,40
SBSL,4,4,terca,3,87,90.70,-3.17,9
SBGL,15,15,quarta,4,413,88.05,3.72,17
SBGL,19,19,domingo,1,427,70.88,36.15,90
SBMO,17,17,domingo,1,179,86.52,4.25,23
SBCY,12,11,sabado,7,187,89.13,5.71,17
SBKP,9,9,segunda,2,536,89.54,13.25,17
SBCF,11,11,sexta,6,399,83.80,4.26,23
SAEZ,2,,quarta,4,40,72.50,12.83,48
SBGO,5,5,sexta,6,190,94.18,-1.42,2
SCEL,8,,sexta,6,58,96.55,0.48,7
SBUL,5,5,sabado,7,142,94.25,-5.86,2
SBFZ,16,16,sexta,6,102,76.00,8.81,30
MPTO,18,,domingo,1,57,92.98,-1.12,10
SBKP,11,11,terca,3,326,85.03,6.33,26
SPJC,22,,domingo,1,31,76.92,0.08,27
SBCF,14,14,sexta,6,449,78.86,11.18,37
SBSV,13,13,sexta,6,161,92.47,1.25,10
SBCY,12,11,quarta,4,161,91.08,-1.53,13
SBVT,19,19,quarta,4,156,72.67,7.91,31
SBMK,6,6,segunda,2,52,98.04,-11.12,-6
SAEZ,13,,domingo,1,99,94.23,-1.0,6
SBCT,20,20,quarta,4,106,85.58,3.3,25
SBCA,18,18,domingo,1,11,90.91,-4.55,2
SBPA,6,6,sexta,6,197,96.88,-1.02,0
SBVC,10,10,segunda,2,87,87.36,-2.91,18
SBRP,18,18,terca,3,58,80.36,5.86,51
SBJV,13,13,segunda,2,22,90.91,-2.64,7
CYYZ,23,,quinta,5,30,56.67,24.17,53
KDFW,22,,domingo,1,42,56.10,31.46,83
SBGL,1,1,sexta,6,117,81.20,9.48,33
LPPT,9,,quarta,4,80,50.65,30.36,65
SCEL,18,,quarta,4,108,77.23,10.36,41
SBVT,17,17,quarta,4,83,85.37,5.05,26
SBBE,2,2,terca,3,200,93.97,-2.42,12
SBCF,10,10,sabado,7,166,81.37,4.68,29
SBGR,3,3,domingo,1,123,90.16,0.29,13
SBTT,17,15,sabado,7,20,89.47,-1.74,16
SBMG,8,8,terca,3,9,88.89,-6.22,16
SLVR,14,,domingo,1,56,50.00,26.27,85
SBVT,8,8,sabado,7,132,92.06,-1.89,4
SKBO,3,,sexta,6,3,,,
SCEL,9,,sabado,7,23,86.96,4.83,19
SBCY,11,10,sexta,6,116,81.03,6.57,23
SBEG,1,0,segunda,2,9,88.89,-2.78,17
SBIL,19,19,quinta,5,5,60.00,5.0,33
SBMK,19,19,terca,3,26,88.00,14.24,35
SBBR,2,2,domingo,1,31,93.55,3.39,5
SBFL,4,4,domingo,1,24,68.18,41.0,218
SBSV,3,3,quinta,5,53,94.34,-0.28,8
SBSL,1,1,segunda,2,50,86.00,0.5,18
SBMK,17,17,terca,3,17,93.75,-0.94,6
SBMQ,17,17,sexta,6,18,61.11,16.5,71
KIAH,20,,domingo,1,18,76.47,9.06,28
SBLO,11,11,sexta,6,20,80.00,17.3,110
SBRP,10,10,sexta,6,51,100.00,-7.65,-2
SBPJ,4,4,sexta,6,44,97.62,-8.0,-3
SBPL,11,11,sexta,6,17,82.35,-2.82,62
SBIP,17,17,quarta,4,38,81.08,5.54,69
SBSR,12,12,quarta,4,28,92.59,-3.3,11
SBSR,16,16,quarta,4,21,80.95,7.76,37
SNCL,16,,segunda,2,2,100.00,-3.5,2
SBKP,5,5,sexta,6,31,96.77,2.77,0
DNMM,4,,quarta,4,21,,,
SBJP,19,19,quinta,5,13,100.00,-7.62,2
MPTO,16,,quarta,4,19,83.33,23.83,31
SBRP,5,5,terca,3,51,98.00,-10.18,-4
KMIA,10,,quarta,4,16,80.00,16.8,140
SBDN,14,14,quarta,4,33,90.91,0.52,3
LIRF,18,,quinta,5,46,70.83,38.04,37
SBMK,15,15,sabado,7,21,71.43,6.0,29
SBJU,16,16,quinta,5,50,92.00,0.84,14
SBMQ,13,13,quinta,5,18,77.78,16.89,54
SPJC,13,,quarta,4,18,,,
SBIZ,15,15,sabado,7,13,100.00,-10.0,-6
GOBD,5,,terca,3,2,0.00,775.0,1360
SSOU,16,,quinta,5,15,100.00,-1.62,2
SPJC,14,,terca,3,15,100.00,-2.85,4
SBPA,23,23,quarta,4,17,81.25,6.38,27
SBFI,21,21,quarta,4,5,100.00,-5.4,12
SKRG,4,,segunda,2,1,0.00,119.0,119
SNGI,12,12,terca,3,9,100.00,-3.67,5
SAAR,14,,domingo,1,8,37.50,60.0,164
GVPR,18,,quinta,5,13,,,
SWKO,12,11,sabado,7,5,50.00,29.5,60
MMSM,22,,quinta,5,1,0.00,194.0,194
SACO,14,,sabado,7,3,66.67,59.67,182
SUMU,4,,quarta,4,9,100.00,-16.11,-10
EHAM,10,,quarta,4,1,,,
SBJE,1,1,domingo,1,1,100.00,7.0,7
SBFL,3,3,sexta,6,2,50.00,64.0,135
SKBO,11,,segunda,2,1,0.00,160.0,160
SBMD,11,11,quinta,5,1,100.00,0.0,0
MPTO,3,,quarta,4,1,,,
SUMU,6,,segunda,2,1,100.00,-9.0,-9
SBGR,23,23,sexta,6,1685,57.98,17.26,42
SBPA,10,10,sabado,7,354,85.71,3.58,22
SBGR,18,18,terca,3,897,72.13,12.61,39
SPJC,1,,quinta,5,154,87.50,0.65,20
SBSL,18,18,sabado,7,85,84.34,3.43,31
SBCF,23,23,terca,3,559,85.87,4.35,20
SBGO,19,19,segunda,2,206,78.92,8.13,33
SBFL,20,20,quinta,5,178,74.85,12.23,54
SBBR,21,21,terca,3,1121,88.20,3.39,18
SBGL,9,9,segunda,2,341,91.96,-0.81,11
SBCF,11,11,domingo,1,292,87.15,2.57,21
SBRJ,19,19,quinta,5,304,78.77,6.01,34
SBRJ,8,8,sabado,7,244,96.98,-5.52,0
SBCT,14,14,segunda,2,166,79.01,3.22,39
SBBR,15,15,sexta,6,356,79.55,7.3,30
SBCT,9,9,quinta,5,210,85.44,2.29,21
SBGO,6,6,quarta,4,149,97.32,-4.64,-1
SBKP,14,14,quarta,4,301,73.24,10.43,35
SBSV,8,8,segunda,2,70,85.71,5.9,35
SBCT,5,5,segunda,2,367,93.89,-1.56,4
SBCH,17,17,terca,3,86,88.24,0.75,20
SBMO,6,6,domingo,1,14,85.71,7.64,25
SBRJ,20,20,domingo,1,306,86.38,2.02,24
SBCF,6,6,quarta,4,485,94.38,-0.11,6
SBRJ,18,18,sexta,6,216,84.76,2.48,25
SBRJ,20,20,quarta,4,275,88.56,-0.33,19
SAEZ,22,,segunda,2,51,81.48,2.96,24
SBCT,9,9,terca,3,203,89.39,2.23,17
SKBO,23,,domingo,1,170,81.51,-9.47,31
SBCT,6,6,quarta,4,190,94.71,2.82,4
SBAR,19,19,domingo,1,93,90.22,2.7,15
SBCT,11,11,sexta,6,358,82.82,6.21,26
SBPJ,14,14,sabado,7,17,100.00,-4.59,7
KDFW,22,,sabado,7,36,54.55,140.15,788
SKBO,19,,quinta,5,38,60.53,17.32,36
SBSG,4,4,segunda,2,108,95.33,-3.57,9
SBVT,17,17,quinta,5,107,83.02,7.4,29
SBLO,18,18,segunda,2,33,90.91,2.15,13
LPPT,14,,terca,3,45,64.44,18.87,60
SBJV,11,11,sabado,7,86,91.77,-1.94,11
SLVR,11,,sabado,7,25,4.00,61.32,95
SBSL,18,18,quarta,4,76,85.33,3.12,26
SBSN,4,4,domingo,1,47,93.62,-2.13,12
SBJV,15,15,quinta,5,22,86.36,5.23,18
SBJP,3,3,terca,3,105,89.42,-1.26,20
SBRP,18,18,sexta,6,67,83.58,5.49,24
SBIP,17,17,segunda,2,37,85.71,3.46,19
SBPF,18,18,segunda,2,32,83.87,10.71,20
SBPA,8,8,quinta,5,133,86.92,12.21,19
SBSV,20,20,segunda,2,86,92.94,-0.42,12
SKBO,20,,terca,3,10,100.00,-3.7,-2
LEMD,11,,domingo,1,7,28.57,31.57,76
SBTE,5,5,domingo,1,32,100.00,-6.81,0
SBVC,0,0,sabado,7,7,100.00,-4.14,10
SBVC,19,19,quinta,5,18,94.44,-7.44,10
SBCG,22,21,domingo,1,7,85.71,7.14,94
MMMX,20,,segunda,2,52,92.31,4.88,15
SBSN,23,23,terca,3,19,83.33,8.5,51
SUMU,16,,quinta,5,30,93.33,-3.43,1
SBGV,15,15,domingo,1,51,95.92,-3.18,3
GVAC,8,,quarta,4,2,50.00,46.5,84
FACT,7,,terca,3,51,80.39,7.08,48
SBNF,20,20,sexta,6,78,77.78,5.69,35
OMDB,1,,segunda,2,52,80.44,8.04,26
SBNF,5,5,quinta,5,60,90.00,1.5,14
SNGN,16,16,sexta,6,31,90.91,-14.95,13
SNTS,17,17,segunda,2,18,83.33,22.33,163
KEWR,20,,domingo,1,5,80.00,7.8,45
LFPO,8,,terca,3,10,80.00,18.1,44
SBMQ,14,14,quarta,4,58,91.38,5.57,14
SBRP,11,11,sexta,6,1,100.00,9.0,9
LPPR,3,,domingo,1,17,87.50,7.81,30
SKBO,17,,quarta,4,6,83.33,11.0,75
LEMD,13,,segunda,2,1,,,
SAEZ,10,,sexta,6,1,0.00,357.0,357
SCEL,3,,terca,3,5,40.00,19.2,41
SBVC,9,9,segunda,2,12,91.67,3.83,7
FAOR,5,,quinta,5,9,33.33,43.89,95
KMCO,20,,segunda,2,3,100.00,-3.33,0
SBNF,4,4,quarta,4,4,100.00,-2.75,0
SBSG,9,9,quinta,5,22,95.46,2.55,2
MPTO,9,,quinta,5,8,,,
GOBD,7,,sabado,7,2,100.00,-8.0,9
SBMG,7,7,quinta,5,4,100.00,-9.75,-9
SBMO,1,1,quarta,4,9,100.00,-5.63,4
SBNF,22,22,domingo,1,2,100.00,-8.5,-7
SBPL,0,0,segunda,2,5,100.00,-9.8,0
SBAR,4,4,terca,3,3,100.00,-8.67,-4
SBJI,18,17,terca,3,4,75.00,2.0,19
SBAT,18,17,terca,3,1,100.00,0.0,0
SBCH,5,5,segunda,2,2,100.00,-6.5,-1
SBPJ,16,16,sexta,6,1,100.00,6.0,6
SBSN,2,2,sexta,6,1,0.00,62.0,62
SBBE,17,17,domingo,1,307,80.26,8.21,37
SBKP,13,13,quarta,4,894,83.13,7.89,28
SBSP,8,8,sabado,7,928,90.07,2.16,15
SBPA,21,21,domingo,1,171,84.80,4.65,26
SBRF,9,9,sabado,7,289,88.97,6.51,18
SBRJ,14,14,sexta,6,221,84.36,4.8,23
SABE,7,,segunda,2,28,71.43,8.39,25
SBRB,13,11,domingo,1,18,83.33,3.67,32
SBBR,14,14,quarta,4,451,83.96,3.95,23
LPPT,6,,sexta,6,113,42.48,32.72,49
SBNF,19,19,quarta,4,163,84.47,3.4,39
GOBD,20,,terca,3,4,0.00,322.0,757
SBSV,10,10,sexta,6,223,92.31,4.45,12
SBFZ,11,11,domingo,1,70,73.91,11.51,47
SBCF,5,5,sexta,6,81,100.00,-3.83,0
SBCG,16,15,quarta,4,16,75.00,6.38,39
SNTS,17,17,quinta,5,17,94.12,0.94,7
SBPS,19,19,domingo,1,79,80.26,3.39,37
SABE,13,,domingo,1,119,52.14,28.36,75
SBFN,13,14,quarta,4,51,86.28,-0.57,19
SBMG,17,17,sexta,6,4,75.00,7.25,27
SBVC,11,11,sabado,7,3,100.00,-2.67,0
GVAC,14,,quarta,4,8,25.00,156.75,490
SBGL,18,18,sexta,6,448,76.85,10.24,37
SBMQ,15,15,sexta,6,58,84.48,-0.31,32
SBFZ,20,20,quarta,4,99,77.90,3.62,28
SBPJ,6,6,terca,3,33,96.88,-2.03,-2
SBCY,5,4,quinta,5,44,100.00,-9.18,-3
SBCY,13,12,sabado,7,48,81.25,0.96,40
SUMU,8,,quinta,5,37,100.00,-30.62,-8
EDDF,16,,domingo,1,70,92.00,1.78,12
SBFL,13,13,quarta,4,83,87.95,1.63,21
SBLO,19,19,domingo,1,131,88.19,1.59,19
SAZS,15,,segunda,2,8,75.00,24.38,136
SBCA,10,10,sexta,6,53,79.59,15.24,49
SBIP,12,12,segunda,2,51,80.00,10.4,36
SCEL,10,,sabado,7,41,97.50,2.83,5
SBHT,15,15,domingo,1,52,92.16,2.22,12
SBCY,10,9,quinta,5,86,84.52,3.73,30
SNGI,11,11,sexta,6,26,88.46,4.38,17
SBJU,1,1,segunda,2,6,66.67,1.67,22
LFPG,18,,terca,3,29,75.86,11.24,30
SBGL,2,2,segunda,2,22,72.73,11.14,31
SBSV,1,1,sexta,6,19,89.47,-3.16,18
SABE,7,,sexta,6,35,82.86,11.8,20
SBBR,0,0,quarta,4,9,55.56,9.22,65
SNCL,15,,segunda,2,27,95.46,-7.23,10
SBSR,11,11,segunda,2,1,100.00,12.0,12
SGAS,13,,quarta,4,39,74.36,12.41,41
SBBV,15,14,sabado,7,52,90.39,0.17,9
SABE,21,,sabado,7,32,100.00,-8.13,-2
SBPL,12,12,sabado,7,35,91.43,-0.37,14
SGAS,5,,quinta,5,7,71.43,11.57,60
SBIL,11,11,terca,3,5,80.00,1.8,23
KMIA,16,,terca,3,19,72.22,17.83,88
SYCJ,14,,terca,3,1,0.00,93.0,93
SBSG,21,21,segunda,2,11,90.91,-6.36,-4
SBPS,4,4,sexta,6,6,100.00,-1.5,6
SWLB,12,11,sexta,6,3,100.00,-0.67,5
SUMU,9,,segunda,2,1,0.00,502.0,502
LEBL,18,,segunda,2,10,90.00,4.3,14
SBSR,17,17,quinta,5,1,100.00,2.0,2
SBMG,12,12,segunda,2,16,87.50,4.38,57
SBCH,13,13,sexta,6,4,75.00,18.75,97
SBMQ,2,2,terca,3,3,100.00,0.0,4
EBBR,16,,sabado,7,1,,,
LFPO,9,,quarta,4,1,100.00,7.0,7
SGAS,7,,quarta,4,2,0.00,66.0,66
KMCO,1,,quinta,5,1,0.00,23.0,23
SBCG,4,3,domingo,1,3,100.00,-6.33,-4
SBIL,11,11,segunda,2,1,100.00,-11.0,-11
VHHH,21,,quinta,5,1,0.00,144.0,144
SBSP,10,10,quinta,5,883,83.43,6.63,23
SBFZ,14,14,quinta,5,613,88.91,3.49,17
SBKP,21,21,domingo,1,275,79.63,12.07,29
SBSP,14,14,segunda,2,820,69.78,13.28,39
TNCA,0,,domingo,1,9,87.50,7.75,90
SBPA,5,5,quinta,5,425,94.03,-2.91,4
SBTE,12,12,quinta,5,82,82.93,4.48,25
SBSP,13,13,sexta,6,872,70.11,12.78,35
SBBR,14,14,domingo,1,394,89.57,0.66,16
SABE,6,,sabado,7,99,89.90,4.83,16
SPJC,15,,sexta,6,39,89.74,1.0,26
SBPF,17,17,quinta,5,4,75.00,-5.0,16
SABE,19,,quinta,5,97,47.31,40.12,103
SBGL,12,12,sexta,6,331,85.71,4.12,21
SBNF,20,20,domingo,1,74,85.14,-0.53,28
SUMU,14,,sexta,6,12,58.33,9.25,29
SBRJ,15,15,segunda,2,320,85.30,4.53,28
SBSG,15,15,quinta,5,69,82.61,3.09,32
SBPS,17,17,terca,3,111,76.15,10.87,37
SBSV,18,18,terca,3,227,72.44,8.28,39
SBUL,19,19,sexta,6,105,68.93,16.91,56
SBPA,18,18,sexta,6,212,81.46,6.52,30
SBFL,19,19,sexta,6,215,75.00,12.0,49
SBMA,2,2,quinta,5,37,94.44,-2.67,14
HAAB,3,,segunda,2,52,22.86,24.71,51
SBAR,13,13,quinta,5,18,94.44,-1.22,5
SBVC,5,5,quinta,5,13,100.00,-8.08,-6
SBAR,15,15,terca,3,18,83.33,6.11,40
SBFZ,17,17,quarta,4,141,80.71,8.52,29
DNMM,15,,sabado,7,14,100.00,-41.0,-41
SBCG,14,13,domingo,1,61,86.89,0.56,19
SBFZ,11,11,quarta,4,149,76.51,12.2,39
DNMM,11,,quinta,5,64,0.00,449.29,676
SACO,6,,segunda,2,35,,,
SABE,6,,quarta,4,99,85.86,4.56,20
KMIA,20,,quinta,5,31,58.07,14.65,32
SBPJ,3,3,sexta,6,112,95.46,-6.27,2
SBCG,17,16,sabado,7,23,91.30,6.65,13
KJFK,23,,domingo,1,19,63.16,-39.95,131
SBCH,9,9,segunda,2,44,92.50,4.25,7
SBSI,15,14,quinta,5,13,92.31,-8.46,2
KMIA,9,,quarta,4,38,57.69,181.23,1181
KJFK,22,,sexta,6,27,70.83,56.92,125
SBSG,5,5,segunda,2,73,98.57,-6.53,-2
KMCO,0,,sabado,7,32,75.00,45.38,62
SBMO,10,10,sexta,6,28,92.00,-1.04,8
MDPC,16,,segunda,2,40,,,
SBPL,1,1,quinta,5,3,100.00,-8.67,-6
SBPV,18,17,sabado,7,22,95.24,-2.86,9
SBCY,2,1,sabado,7,47,85.11,24.23,39
SBVH,17,16,sexta,6,19,63.16,9.89,37
SNPD,15,15,quarta,4,8,75.00,16.88,91
SBMO,0,0,sabado,7,1,100.00,-10.0,-10
SBLO,12,12,terca,3,38,92.11,-0.71,15
SEQM,15,,sexta,6,15,,,
LPPT,18,,segunda,2,5,60.00,10.8,25
SPJC,3,,sabado,7,17,31.25,21.0,40
SWMW,14,13,domingo,1,5,100.00,-2.2,5
SBCB,16,16,domingo,1,13,76.92,-0.46,39
SBAU,15,15,quarta,4,15,86.67,1.87,23
OTHH,3,,quinta,5,9,66.67,5.0,62
SGAS,6,,quinta,5,5,66.67,-135.67,122
SBSG,21,21,quarta,4,8,87.50,-1.25,22
SAAR,2,,terca,3,12,91.67,-4.0,10
SWTP,13,12,sabado,7,5,100.00,-8.0,0
SBCB,14,14,domingo,1,13,100.00,-15.0,-3
SKBO,5,,sexta,6,1,100.00,3.0,3
SBSN,5,5,segunda,2,1,100.00,-5.0,-5
SBIP,14,14,domingo,1,1,100.00,-12.0,-12
SAME,5,,sexta,6,1,,,
SBPS,22,22,terca,3,1,100.00,-8.0,-8
SBLO,9,9,domingo,1,1,0.00,319.0,319
SCEL,2,,terca,3,1,0.00,29.0,29
SKBO,1,,sexta,6,1,0.00,114.0,114
SBFZ,16,16,quinta,5,110,77.36,8.92,34
SBGR,1,1,terca,3,379,80.44,9.76,40
SBCF,8,8,segunda,2,963,92.03,3.64,13
SBCT,22,22,domingo,1,120,95.80,-3.55,7
SBGR,21,21,sexta,6,1159,73.73,13.25,41
SBGL,5,5,terca,3,234,97.64,-4.26,1
SBBR,6,6,sabado,7,233,95.20,-1.82,5
SBAT,14,13,quarta,4,18,88.89,0.17,19
SBJV,11,11,quarta,4,74,89.04,-2.97,16
SBFZ,5,5,domingo,1,70,91.30,9.3,10
SBFL,11,11,sabado,7,253,83.81,8.45,24
SBUL,15,15,sabado,7,118,83.76,4.09,23
SBKP,10,10,domingo,1,220,84.29,24.23,30
SBRJ,6,6,domingo,1,362,99.16,-5.67,-1
SBPA,9,9,quarta,4,290,88.85,4.83,20
SBGL,16,16,sabado,7,319,90.76,2.47,15
SPJC,11,,terca,3,90,94.38,-2.31,9
LPPT,5,,domingo,1,69,34.78,26.68,51
SBBE,14,14,segunda,2,75,75.68,6.57,25
SBTE,15,15,terca,3,38,92.11,-0.89,12
SBGO,20,20,quarta,4,112,83.33,0.18,24
SBFZ,7,7,quarta,4,12,100.00,-5.75,-3
SBTE,2,2,quarta,4,54,78.85,7.38,36
SBFL,4,4,sabado,7,35,75.00,40.5,205
SBKG,3,3,sabado,7,35,94.29,-6.31,-9
SBPO,15,15,quarta,4,17,92.31,-3.46,-5
SBFI,17,17,domingo,1,106,90.57,2.48,15
SABE,0,,terca,3,40,76.92,31.92,197
SBJR,17,17,sexta,6,19,85.71,0.29,16
SBVT,12,12,quinta,5,89,93.18,-2.09,12
SBPJ,10,10,quinta,5,45,86.67,0.64,17
SCEL,15,,domingo,1,83,79.27,5.22,34
SLVR,14,,quinta,5,25,55.56,33.11,151
SMJP,3,,quarta,4,37,89.19,2.78,17
SBSN,3,3,quarta,4,43,83.72,-1.79,16
SBGR,2,2,segunda,2,91,67.11,56.08,160
SULS,16,,domingo,1,61,90.16,2.74,10
SBCF,3,3,quarta,4,27,95.83,-6.38,-1
KMIA,1,,sexta,6,26,68.00,61.68,265
LPPT,19,,domingo,1,83,32.93,28.05,57
SBFZ,0,0,quarta,4,61,88.53,-0.67,21
SBCZ,14,12,segunda,2,51,88.24,2.45,17
SBJP,13,13,domingo,1,74,68.06,11.38,28
SBCJ,13,13,terca,3,51,95.92,-4.96,7
MMSM,21,,quinta,5,10,50.00,0.1,135
SBCR,11,10,quarta,4,26,88.46,1.62,21
SAZS,14,,terca,3,8,50.00,3.5,37
SBML,18,18,quarta,4,23,85.71,8.43,31
OMDW,22,,sexta,6,1,100.00,2.0,2
SBTU,13,13,terca,3,3,100.00,-7.5,0
SBJA,19,19,sabado,7,38,86.11,4.0,22
SBSI,10,9,quarta,4,15,86.67,2.33,17
SBJV,10,10,quarta,4,33,83.87,5.35,22
SBUL,12,12,quinta,5,50,84.00,-0.14,20
SBGO,3,3,sabado,7,12,90.91,-6.91,-3
SBCA,12,12,segunda,2,5,80.00,3.2,20
SBAR,9,9,quarta,4,8,100.00,-5.13,1
DNMM,16,,quarta,4,1,0.00,56.0,56
SBMO,14,14,quarta,4,11,90.91,4.64,9
SBCB,17,17,domingo,1,1,100.00,-14.0,-14
SBJE,13,13,domingo,1,13,100.00,-7.55,-3
MMMX,22,,quinta,5,4,100.00,-3.5,7
SBCY,21,20,terca,3,1,100.00,-8.0,-8
SBPV,22,21,quarta,4,1,100.00,-7.0,-7
SBSP,16,16,terca,3,749,70.33,12.17,38
SBGR,9,9,segunda,2,1601,80.68,10.05,25
SBCF,23,23,segunda,2,545,91.30,0.21,13
SBSV,23,23,domingo,1,249,92.18,-4.02,14
SACO,4,,quinta,5,38,89.19,-0.35,17
SBBR,22,22,terca,3,155,83.44,3.21,24
SBSG,22,22,terca,3,50,84.00,-3.96,21
MPTO,14,,sabado,7,37,88.57,-2.8,16
KORD,20,,sabado,7,21,38.10,44.81,99
SBSP,10,10,sexta,6,930,80.15,7.9,26
SBMY,11,10,terca,3,50,77.27,12.75,54
SBGL,15,15,sexta,6,396,83.33,7.82,26
SCEL,16,,quinta,5,86,81.93,5.58,26
SBGO,4,4,domingo,1,42,100.00,-5.14,0
SBRF,9,9,quinta,5,287,86.97,6.06,19
SBBR,18,18,quinta,5,248,80.65,7.36,31
SBFL,6,6,segunda,2,168,95.76,7.81,6
SBCT,12,12,quarta,4,152,86.49,8.36,39
SBRP,9,9,domingo,1,43,92.86,-3.07,13
SBEG,8,7,sabado,7,34,93.75,-1.88,6
SBLO,5,5,quarta,4,63,96.72,1.26,-2
SABE,16,,domingo,1,91,58.89,29.78,75
SBFZ,20,20,domingo,1,85,71.43,8.87,55
SBPF,10,10,sabado,7,51,94.12,-2.35,14
KFLL,9,,terca,3,28,78.57,10.57,34
SBCG,18,17,terca,3,35,54.29,24.2,46
SBTE,5,5,sabado,7,35,100.00,-7.49,-1
SBNF,11,11,sexta,6,151,94.67,-4.32,5
OTHH,9,,segunda,2,49,100.00,-6.67,-2
SBVH,14,13,quinta,5,18,83.33,14.83,46
KMIA,12,,quarta,4,33,50.00,60.64,145
SBFI,18,18,sexta,6,13,84.62,-2.0,24
SCEL,6,,segunda,2,91,84.27,17.53,28
SBUL,16,16,domingo,1,23,82.61,7.17,54
SAEZ,18,,sexta,6,82,67.24,1.41,70
SBAR,10,10,sexta,6,76,94.67,-3.71,12
LFPG,8,,quarta,4,82,60.98,17.98,42
SBCZ,14,12,sexta,6,52,90.39,-1.37,13
SBEG,3,2,segunda,2,155,86.76,12.88,20
SPJC,22,,sexta,6,29,75.00,6.33,31
KMIA,10,,sabado,7,16,81.25,108.38,307
SBAR,13,13,sabado,7,18,66.67,14.67,46
SBMO,1,1,segunda,2,5,100.00,-6.4,2
SEQM,11,,terca,3,2,50.00,185.5,358
SBSG,14,14,segunda,2,22,90.91,-7.0,-3
LTFM,4,,quarta,4,40,79.49,7.28,20
KIAD,0,,quinta,5,21,61.91,52.76,81
KJFK,23,,sexta,6,20,78.95,73.68,53
SBLE,11,11,quinta,5,9,77.78,9.0,53
SAEZ,15,,sexta,6,15,26.67,86.07,173
MPTO,21,,sexta,6,51,96.00,-0.06,6
SBPF,18,18,quarta,4,36,77.14,5.57,31
SBFL,3,3,segunda,2,2,100.00,-8.0,-3
SBNF,3,3,sexta,6,1,100.00,-10.0,-10
FACT,10,,sabado,7,4,75.00,21.25,86
KSEA,10,,domingo,1,22,0.00,382.79,539
SBPS,4,4,quarta,4,9,100.00,-5.11,2
SBRP,16,16,sabado,7,19,84.21,1.42,44
SBJI,16,15,terca,3,29,75.86,13.14,42
SBJU,3,3,sabado,7,17,70.59,10.88,36
SBPL,9,9,segunda,2,5,100.00,-3.0,3
SKBO,17,,sexta,6,4,100.00,-4.25,-2
SBPK,11,11,sexta,6,1,100.00,-8.0,-8
SBSL,21,21,domingo,1,5,80.00,-3.0,31
SBCT,1,1,domingo,1,2,0.00,136.0,192
SUMU,10,,quarta,4,1,100.00,-20.0,-20
MDPC,16,,sexta,6,3,,,
EHAM,11,,sabado,7,3,,,
MMSM,2,,sexta,6,1,100.00,-5.0,-5
SBGO,15,15,segunda,2,116,72.17,8.28,38
SBRJ,18,18,quarta,4,213,88.00,1.04,17
SBSP,19,19,segunda,2,829,72.28,10.6,38
SBSV,11,11,sabado,7,353,89.02,1.8,17
SBUL,18,18,sabado,7,39,79.49,3.79,22
SBBE,18,18,quinta,5,73,90.91,1.05,14
SBFZ,8,8,domingo,1,79,100.00,-5.78,0
SBGR,7,7,sexta,6,1585,78.57,9.15,27
SAME,11,,domingo,1,5,80.00,1.6,29
SBCF,21,21,sexta,6,397,77.52,8.24,33
SBBR,9,9,sabado,7,1126,93.18,1.71,10
SULS,16,,quinta,5,58,87.72,4.72,50
SBSP,17,17,terca,3,927,73.41,9.86,39
SBKP,11,11,segunda,2,267,85.12,6.19,21
SBEG,9,8,segunda,2,172,91.46,5.73,10
SBPS,16,16,terca,3,145,86.81,1.22,21
SBPS,10,10,sexta,6,45,82.22,10.31,25
SBPS,17,17,segunda,2,97,87.37,2.35,19
SBSR,6,6,segunda,2,27,100.00,-8.48,-4
SBEG,3,2,terca,3,147,85.71,5.03,20
SBBE,3,3,terca,3,110,85.98,0.96,21
SBMO,13,13,domingo,1,25,80.00,6.04,36
SAEZ,17,,sabado,7,16,70.00,4.8,19
SBSG,13,13,terca,3,30,80.00,9.67,22
SBCT,5,5,quinta,5,317,95.53,-0.38,2
SBRF,23,23,segunda,2,66,77.27,1.52,31
SBBR,11,11,quinta,5,263,90.39,1.91,15
SBVT,22,22,quarta,4,23,85.71,2.29,22
SBGV,9,9,sexta,6,46,88.64,-0.32,18
SBPS,18,18,sabado,7,94,84.04,4.36,25
SBFN,10,11,domingo,1,52,84.62,6.29,33
SBMK,14,14,quinta,5,35,82.86,11.49,26
SBSR,15,15,sexta,6,59,85.97,7.54,37
MPTO,14,,quinta,5,33,90.91,-7.97,13
DNMM,15,,sexta,6,14,0.00,51.0,51
KMCO,0,,sexta,6,31,80.65,-0.84,25
SBVH,16,15,segunda,2,29,60.71,13.79,37
SUMU,15,,quarta,4,63,90.16,1.08,14
SBFI,12,12,sabado,7,57,76.79,14.39,50
SBPA,12,12,sabado,7,128,89.06,0.73,18
SBFL,8,8,quinta,5,142,91.37,7.71,13
SBCY,12,11,quinta,5,160,85.54,4.23,22
SBMG,11,11,domingo,1,32,96.88,-4.75,7
SAEZ,14,,quinta,5,45,78.26,7.17,23
DNMM,12,,sabado,7,13,100.00,-581.0,-581
TJBQ,7,,segunda,2,15,64.29,140.79,207
LPPT,10,,sabado,7,57,62.50,13.25,35
SBCX,11,11,sexta,6,22,95.00,-6.75,-1
SBSR,7,7,quarta,4,22,100.00,-10.14,-4
EHAM,8,,sabado,7,62,78.33,-16.58,32
SBNF,17,17,domingo,1,56,85.46,1.42,27
LPPT,11,,terca,3,10,50.00,19.6,43
MDPC,0,,domingo,1,41,87.18,9.26,33
SBMA,5,5,quinta,5,31,100.00,-6.68,-1
SBIL,15,15,sexta,6,54,96.30,-7.09,0
SBRF,0,0,quarta,4,7,100.00,0.71,10
ELLX,17,,terca,3,51,52.00,38.9,85
LEMD,3,,domingo,1,18,,,
KORD,20,,segunda,2,22,40.91,52.36,102
KIAD,23,,quinta,5,26,65.39,73.54,102
SBCJ,14,14,quinta,5,51,84.31,3.55,30
SBMK,19,19,sexta,6,24,75.00,13.83,40
SBBE,8,8,quarta,4,11,100.00,-7.82,-4
SBFI,12,12,quarta,4,40,80.00,4.48,16
SBIZ,11,11,sexta,6,13,76.92,8.54,21
KBOS,10,,sabado,7,15,66.67,10.47,49
SBUR,17,17,terca,3,9,100.00,-3.33,11
SBMO,6,6,sexta,6,18,100.00,-6.72,0
SBFN,12,13,quarta,4,51,78.43,10.18,43
LTFM,4,,segunda,2,41,78.05,14.12,33
SAAR,2,,quarta,4,30,93.33,1.93,14
SBCG,13,12,quarta,4,12,83.33,8.5,64
GVAC,7,,quarta,4,9,33.33,96.33,266
SEQM,20,,segunda,2,1,0.00,185.0,185
SAME,17,,segunda,2,4,100.00,-2.75,7
SNCL,10,,segunda,2,11,100.00,-12.38,0
SBJE,1,1,sabado,7,5,80.00,0.8,50
SKBO,15,,segunda,2,9,88.89,22.33,222
SBPA,3,3,quarta,4,2,50.00,4.0,21
EDDF,15,,quinta,5,1,0.00,26.0,26
SBRP,14,14,quinta,5,1,100.00,0.0,0
EBBR,10,,segunda,2,2,0.00,129.0,197
EBLG,13,,quarta,4,1,0.00,287.0,287
SBGL,8,8,segunda,2,427,95.27,3.52,9
SABE,15,,sexta,6,75,73.33,35.33,97
SBGL,16,16,terca,3,386,84.74,5.17,25
SBSV,6,6,sabado,7,155,97.40,-6.03,-1
SBCT,10,10,quinta,5,219,85.71,7.84,23
SBZM,14,14,terca,3,44,93.18,-5.05,1
SBBR,12,12,segunda,2,333,89.30,2.03,16
SBFZ,17,17,sexta,6,155,75.66,8.24,29
SBSP,11,11,segunda,2,886,79.13,7.57,24
SUMU,15,,terca,3,19,89.47,-4.37,18
LFPG,19,,segunda,2,22,77.27,7.91,19
SBVT,18,18,quarta,4,117,85.47,1.21,19
MPTO,14,,segunda,2,35,80.00,5.91,31
SBGO,8,8,quinta,5,98,90.63,5.24,12
SBPS,18,18,terca,3,81,80.00,5.78,24
SBJP,2,2,quarta,4,116,84.35,7.31,23
SBFL,9,9,quarta,4,86,85.19,3.41,23
SBJV,18,18,segunda,2,14,92.86,-1.07,6
SCEL,16,,terca,3,89,88.51,5.55,17
SBSV,6,6,terca,3,156,96.80,-3.78,3
SBSL,3,3,sexta,6,113,89.19,0.49,16
SBLE,16,16,domingo,1,42,76.92,6.54,47
SBVT,14,14,terca,3,74,79.45,11.29,31
SBCY,13,12,quinta,5,65,95.31,-6.17,7
SBCN,12,12,domingo,1,6,66.67,6.83,28
SUMU,18,,quinta,5,51,84.31,5.35,27
SBIZ,2,2,segunda,2,42,97.56,-12.02,-3
SBCT,8,8,sabado,7,127,82.61,18.23,48
SBFZ,22,22,terca,3,52,73.08,13.27,43
SBJE,16,16,sabado,7,52,86.54,2.88,30
SBGO,9,9,quarta,4,98,82.65,4.45,26
SBPA,19,19,segunda,2,277,86.03,3.88,24
KORD,23,,quarta,4,30,48.28,60.69,176
SMJP,18,,quarta,4,33,21.88,152.41,380
SBGO,8,8,terca,3,97,90.43,-1.63,15
SBMK,6,6,domingo,1,53,96.23,-8.6,-3
SAME,14,,domingo,1,51,72.00,9.46,34
SBML,18,18,domingo,1,23,81.82,9.41,32
SPJC,8,,segunda,2,21,71.43,22.48,69
SCEL,12,,sexta,6,93,76.34,9.39,29
SBPO,14,14,quarta,4,32,87.50,-4.44,16
MMMX,20,,sexta,6,52,92.31,1.77,11
EGLL,18,,quinta,5,51,90.20,4.47,15
SAEZ,17,,terca,3,18,45.46,-106.73,63
SCEL,15,,segunda,2,56,76.36,28.78,48
SBPJ,11,11,segunda,2,60,90.00,-0.72,11
SBFI,11,11,terca,3,109,77.06,8.05,26
SBRP,12,12,quarta,4,60,85.00,3.27,21
SBIZ,4,4,terca,3,30,90.00,0.6,15
SBMO,7,7,quarta,4,8,71.43,15.0,153
SAEZ,9,,domingo,1,12,91.67,2.17,11
SBVT,11,11,sexta,6,166,87.81,2.12,17
SBJP,5,5,sabado,7,25,100.00,-7.24,-1
SBFI,12,12,segunda,2,42,78.05,9.78,54
LPPT,12,,segunda,2,30,46.67,34.03,59
MPTO,21,,sabado,7,43,97.67,-2.42,9
SBSR,11,11,quarta,4,5,100.00,0.0,6
SBSN,16,16,sabado,7,1,0.00,16.0,16
SBPS,8,8,sexta,6,58,85.71,6.32,30
SBIP,15,15,sabado,7,1,100.00,-8.0,-8
SBCA,18,18,sexta,6,11,90.91,-4.45,-2
SBBV,1,0,quinta,5,6,33.33,36.67,71
SBCN,12,12,quinta,5,7,100.00,-3.57,5
SBEG,6,5,sabado,7,23,66.67,-0.27,304
SBMO,16,16,segunda,2,46,73.91,9.0,27
SEQM,4,,sexta,6,1,0.00,118.0,118
SBCH,11,11,quinta,5,13,76.92,7.08,31
FAOR,6,,segunda,2,14,71.43,-5.29,38
EHAM,5,,quinta,5,4,,,
SBMQ,4,4,domingo,1,5,100.00,-2.2,5
SBSN,2,2,segunda,2,1,100.00,-9.0,-9
KMIA,12,,domingo,1,17,0.00,441.4,1034
SBLO,11,11,domingo,1,9,87.50,-5.13,56
SBKG,16,16,terca,3,5,100.00,-5.8,5
SBUR,14,14,sabado,7,3,66.67,22.33,66
SBTE,14,14,sabado,7,5,80.00,-1.4,25
SMJP,4,,quinta,5,4,100.00,-109.5,6
SBNM,15,15,sabado,7,1,100.00,-10.0,-10
SBJP,20,20,domingo,1,1,100.00,-2.0,-2
SBSL,22,22,sexta,6,2,100.00,-15.5,-10
EBLG,14,,quarta,4,2,,,
SEQM,20,,quarta,4,1,,,
GOBD,22,,quarta,4,1,0.00,44.0,44
SBSR,16,16,sexta,6,30,83.33,3.4,18
SBVT,15,15,sexta,6,125,73.60,13.53,39
SBGR,9,9,terca,3,1598,77.55,10.83,28
SBRJ,21,21,sabado,7,39,100.00,-8.15,2
SBGL,18,18,segunda,2,456,80.54,8.8,33
SBRB,2,0,quinta,5,81,82.72,5.27,24
SBRJ,13,13,quarta,4,335,88.16,0.63,18
SBSV,15,15,domingo,1,428,89.07,2.88,16
SBCF,10,10,terca,3,238,79.66,5.67,29
SBPL,2,2,quarta,4,73,97.26,-4.97,5
SBSG,17,17,quarta,4,137,88.15,3.47,18
SCEL,3,,sexta,6,34,70.59,30.12,70
MPTO,17,,sabado,7,249,89.16,4.43,19
SBGL,23,23,quarta,4,379,92.04,-1.25,12
SBPA,5,5,segunda,2,461,95.78,-1.6,4
SBBR,15,15,segunda,2,362,83.43,5.36,25
OTHH,18,,terca,3,33,26.09,28.74,50
SBTE,4,4,segunda,2,90,93.18,-5.01,4
SBEG,17,16,sabado,7,187,77.22,9.98,35
EBLG,6,,terca,3,29,,,
SBVC,19,19,terca,3,36,85.71,-0.37,26
MPTO,0,,quarta,4,66,94.74,-3.96,5
SBLO,12,12,domingo,1,52,88.46,1.37,17
SBRP,9,9,quinta,5,79,87.18,1.83,17
SCEL,14,,sabado,7,132,84.43,3.44,24
SBSV,6,6,segunda,2,182,96.13,-1.44,0
MPTO,17,,quinta,5,283,89.05,2.75,16
EGLL,17,,quinta,5,81,80.00,8.53,30
LPPT,4,,quarta,4,5,40.00,37.8,134
SKBO,1,,segunda,2,47,100.00,-10.62,1
SBAR,19,19,quarta,4,75,76.71,7.16,34
SBEG,8,7,domingo,1,33,93.33,-4.23,0
SBMK,10,10,domingo,1,18,94.44,-6.11,7
SBSV,15,15,sabado,7,464,87.91,4.42,17
LPPR,7,,domingo,1,22,86.36,4.68,25
SAEZ,9,,terca,3,20,33.33,23.33,55
SSOU,11,,quarta,4,51,78.26,13.78,30
SBMA,2,2,sexta,6,49,93.88,-4.22,9
SBCG,13,12,sexta,6,15,93.33,-3.53,10
SBCN,12,12,sabado,7,10,100.00,-7.4,-4
SGAS,22,,domingo,1,9,28.57,340.71,1344
SBEG,14,13,quarta,4,47,82.22,1.58,27
SGES,8,,domingo,1,19,35.29,189.53,639
SBSG,16,16,sexta,6,52,70.00,13.58,38
SAEZ,8,,quarta,4,42,76.19,10.55,36
SUMU,2,,sabado,7,39,89.47,2.32,21
KEWR,21,,segunda,2,25,60.00,73.72,283
SBUL,11,11,segunda,2,50,78.00,9.7,55
SBCA,15,15,domingo,1,4,100.00,-7.25,-1
SBFN,14,15,segunda,2,52,90.39,3.48,14
SBMG,11,11,sexta,6,20,90.00,-1.6,8
SBTE,10,10,segunda,2,12,91.67,-2.08,1
SCEL,12,,domingo,1,96,75.53,6.91,36
SBEG,11,10,quinta,5,19,78.95,34.63,233
SBEG,1,0,terca,3,26,68.00,369.92,1447
LIRF,8,,quinta,5,47,69.57,13.63,46
KMIA,6,,sexta,6,36,25.00,272.31,725
EBBR,8,,domingo,1,8,50.00,17.88,52
SBDO,9,8,quinta,5,17,70.59,26.0,135
SABE,12,,domingo,1,84,61.45,19.66,84
SBCG,19,18,domingo,1,33,60.61,16.36,54
SBMA,5,5,domingo,1,45,100.00,-5.61,-1
SACO,17,,sabado,7,39,97.44,-8.51,5
SBVT,16,16,quinta,5,72,80.56,11.79,38
SBFI,1,1,segunda,2,10,100.00,-17.3,-12
GOBD,9,,segunda,2,2,0.00,784.0,1339
TNCC,22,,quarta,4,1,100.00,1.0,1
SUMU,4,,quinta,5,11,100.00,-18.64,-12
SKBO,1,,domingo,1,1,0.00,47.0,47
SVMI,22,,sexta,6,1,,,
SVMI,2,,segunda,2,3,100.00,-8.0,-8
OMDW,15,,terca,3,1,0.00,18.0,18
SBCH,11,11,segunda,2,13,58.33,9.67,40
CYYZ,0,,terca,3,5,40.00,31.2,86
SBBV,17,16,terca,3,1,100.00,-8.0,-8
DNMM,19,,terca,3,1,100.00,-1458.0,-1458
SWMW,14,13,quarta,4,1,100.00,-6.0,-6
SBTE,22,22,domingo,1,3,100.00,-5.33,6
SKBO,22,,quarta,4,1,0.00,133.0,133
SBSJ,16,16,sexta,6,1,,,
DNMM,2,,sexta,6,1,100.00,-219.0,-219
CYYZ,23,,segunda,2,58,59.65,-321.54,51
SBCA,11,11,quarta,4,80,73.75,11.1,42
SBFZ,11,11,quinta,5,171,74.12,12.22,34
SBPA,17,17,sabado,7,341,85.25,3.01,22
SBKP,17,17,quinta,5,725,70.69,13.65,39
SBRF,10,10,segunda,2,193,87.37,4.63,16
SBFZ,14,14,domingo,1,621,92.08,0.75,11
SBVT,6,6,segunda,2,176,98.84,-1.61,-1
LEBL,21,,quarta,4,12,,,
SBCT,9,9,quarta,4,292,77.54,16.92,42
SBSL,11,11,sabado,7,146,82.19,3.85,25
SBRJ,20,20,sabado,7,175,92.00,-3.58,3
SBCT,17,17,quarta,4,230,80.26,6.97,27
SBAR,17,17,quarta,4,56,81.48,8.46,23
SBCY,17,16,quinta,5,131,77.86,9.27,32
SBFL,18,18,sabado,7,111,91.74,3.71,14
LFPG,5,,domingo,1,31,51.61,19.61,28
SBCT,13,13,quarta,4,168,88.89,4.8,30
SBPF,10,10,quarta,4,52,92.31,-4.83,13
SBPS,8,8,segunda,2,56,92.86,-4.09,12
SBVT,9,9,quinta,5,145,90.07,2.27,14
SBTU,14,14,sabado,7,30,90.91,-8.27,5
SBPJ,17,17,quarta,4,40,55.00,14.25,36
SBSI,14,13,segunda,2,28,92.86,-7.18,4
SBPS,13,13,segunda,2,59,83.05,12.64,37
SBCG,13,12,domingo,1,30,89.66,3.45,43
SBAU,10,10,domingo,1,27,84.00,7.8,25
SBNM,12,12,sexta,6,49,95.65,-7.02,0
KMIA,11,,quarta,4,98,85.11,14.02,36
SBSV,8,8,quarta,4,65,85.94,6.86,27
EDDM,7,,quarta,4,13,53.85,12.62,32
SBJR,11,11,quinta,5,42,70.59,16.71,46
KMIA,1,,terca,3,23,100.00,-9.73,11
KMIA,23,,sabado,7,147,69.72,69.81,249
KMIA,13,,quinta,5,45,88.37,6.86,28
SBSG,10,10,terca,3,39,81.58,10.74,36
SBMK,14,14,segunda,2,35,80.00,10.6,37
SBPJ,2,2,sabado,7,17,100.00,-6.63,3
EGLL,18,,sabado,7,52,82.69,4.44,24
FAOR,4,,quinta,5,28,85.71,9.29,19
SBKG,21,21,sexta,6,45,86.05,1.12,32
SBKP,1,1,sabado,7,1,0.00,23.0,23
MPTO,1,,sexta,6,5,100.00,-9.2,-5
SBSL,20,20,quinta,5,18,88.89,4.61,43
SBEG,20,19,sabado,7,63,85.48,13.0,50
SBCG,15,14,terca,3,37,91.89,3.41,14
SBPV,17,16,sabado,7,13,84.62,3.31,21
SBZM,14,14,sabado,7,6,66.67,16.17,76
SBSI,15,14,terca,3,12,91.67,-6.67,3
SBBE,18,18,terca,3,46,95.56,2.76,12
KMIA,13,,sabado,7,23,40.00,165.0,408
SNDV,20,20,sexta,6,16,100.00,-7.79,5
SBMO,14,14,sexta,6,12,75.00,2.75,26
SBCG,9,8,segunda,2,10,100.00,-9.5,4
SBSG,6,6,sexta,6,18,100.00,-11.0,-7
SKBO,20,,domingo,1,15,92.31,2.92,10
SAAR,13,,domingo,1,4,75.00,15.75,70
SUMU,14,,quinta,5,15,86.67,6.87,44
SBRB,15,13,quinta,5,1,100.00,-16.0,-16
SBAE,7,7,sabado,7,4,50.00,36.75,84
SBIL,14,14,quinta,5,18,94.44,-4.11,-4
SBJP,6,6,sabado,7,4,100.00,-9.5,-9
SPZO,18,,terca,3,2,,,
SBRP,20,20,quarta,4,2,100.00,7.0,7
SGES,6,,domingo,1,2,100.00,-11.0,-11
LPPT,18,,quinta,5,1,100.00,11.0,11
SBFI,5,5,segunda,2,145,95.07,-2.65,5
SBGO,19,19,sabado,7,104,85.58,2.85,32
SBBR,14,14,sabado,7,449,90.36,0.78,15
SBGO,11,11,sabado,7,114,92.11,-3.26,11
SBFZ,12,12,sabado,7,197,82.23,6.68,23
SBGR,22,22,terca,3,1589,59.15,21.56,53
SBMO,18,18,terca,3,190,83.87,4.91,24
SBCF,12,12,quinta,5,548,84.87,5.61,23
SBGR,12,12,quarta,4,964,70.93,14.58,38
SNLN,15,15,sexta,6,31,62.07,18.28,59
SBBE,7,7,quinta,5,74,90.00,-4.34,13
SBPA,11,11,quinta,5,196,81.77,9.8,24
SBBE,15,15,terca,3,117,88.89,-6.03,18
SBSP,13,13,domingo,1,852,84.99,5.19,22
SBGR,3,3,sexta,6,198,76.34,16.18,69
SBTF,14,13,terca,3,8,87.50,-2.13,22
LPPT,4,,sexta,6,16,62.50,19.19,60
SBGL,14,14,domingo,1,353,93.18,3.15,11
SAEZ,13,,quinta,5,144,65.26,33.03,104
SBFL,15,15,quarta,4,186,81.97,5.07,28
SBFI,15,15,quarta,4,49,74.47,5.49,25
FAOR,10,,domingo,1,34,91.18,2.91,12
SBLO,10,10,terca,3,64,87.30,2.4,20
KMCO,21,,quinta,5,54,90.74,-0.52,13
SBRF,23,23,sabado,7,65,80.00,3.78,40
LEBL,8,,quinta,5,30,73.33,13.07,41
MPTO,0,,segunda,2,66,94.74,21.54,0
SBPV,0,23,terca,3,44,84.09,9.68,20
CYUL,20,,quinta,5,17,70.59,3.18,48
SBCF,5,5,quinta,5,89,97.75,-2.49,1
SBSR,7,7,sabado,7,32,90.00,-0.03,-4
SBPS,23,23,sabado,7,12,91.67,-5.83,2
SBMG,19,19,quarta,4,84,79.01,8.88,47
SBPV,3,2,quarta,4,62,83.61,2.31,18
SBNF,9,9,sabado,7,70,89.71,-1.28,16
SBSL,17,17,quarta,4,81,80.00,5.11,30
LPPT,20,,segunda,2,46,75.56,12.27,28
SBSG,18,18,sexta,6,60,71.19,6.64,30
SBPL,10,10,sexta,6,70,91.30,-1.43,13
LTFM,6,,quarta,4,8,37.50,35.13,87
SBSL,15,15,sexta,6,99,91.84,3.88,15
SKBO,10,,domingo,1,22,60.00,13.2,33
SBDN,5,5,quarta,4,43,93.02,-1.88,1
SBTE,3,3,quarta,4,71,91.55,-2.7,10
SBIZ,17,17,sexta,6,32,67.74,7.87,26
SBNF,16,16,sabado,7,36,94.44,-4.75,15
SBCG,20,19,quinta,5,102,80.39,4.03,26
SBMK,17,17,quarta,4,17,81.25,14.19,103
LIMC,8,,domingo,1,52,70.59,16.8,52
LPPT,14,,sexta,6,85,16.47,37.49,61
SBCG,18,17,segunda,2,37,59.46,16.68,43
SBCY,0,23,sabado,7,25,87.50,-4.58,16
KFLL,22,,quarta,4,43,92.68,-4.93,4
SAAR,9,,terca,3,13,92.31,-3.62,7
SBCH,15,15,quarta,4,38,89.47,4.16,28
OTHH,1,,terca,3,24,70.59,29.65,32
SBMO,6,6,quinta,5,29,92.86,-3.43,6
SBSL,15,15,segunda,2,97,90.72,-1.74,14
SCEL,4,,quinta,5,46,86.36,7.84,52
SCEL,0,,terca,3,19,89.47,-55.16,18
SBPJ,6,6,domingo,1,22,100.00,-7.05,-1
SAEZ,15,,segunda,2,37,70.27,21.27,36
LEMD,12,,domingo,1,18,77.78,7.78,36
SBFI,18,18,quarta,4,12,100.00,-3.25,13
SBSV,7,7,sexta,6,57,98.21,-5.27,0
SBSR,14,14,quinta,5,8,62.50,6.0,27
SBVC,0,0,quarta,4,7,100.00,-8.86,-6
SACO,11,,sexta,6,22,100.00,-9.18,-1
SBKP,5,5,domingo,1,38,91.89,-0.41,13
SBPV,1,0,sabado,7,28,100.00,-2.32,9
SBCY,23,22,terca,3,4,100.00,-0.25,2
SNGI,12,12,segunda,2,9,100.00,-3.56,0
SBJI,18,17,quinta,5,5,80.00,-6.6,16
KMCO,20,,sexta,6,18,52.94,21.18,59
KFLL,21,,quarta,4,2,100.00,-1.0,4
SBCA,20,20,sabado,7,1,100.00,-15.0,-15
SEQM,6,,sexta,6,1,,,
KDFW,8,,terca,3,1,0.00,2374.0,2374
SUMU,10,,sexta,6,1,0.00,200.0,200
MMSM,10,,segunda,2,1,0.00,24.0,24
SBTE,13,13,segunda,2,1,100.00,-4.0,-4
SBCT,21,21,segunda,2,64,82.54,2.73,36
SBGL,20,20,terca,3,306,76.32,19.3,52
SBFL,18,18,segunda,2,127,82.54,5.13,40
SBUR,15,15,domingo,1,10,100.00,-9.1,-4
SBKP,17,17,sabado,7,474,75.91,36.64,56
SBSN,2,2,sabado,7,17,100.00,-7.65,-1
SBKP,17,17,quarta,4,726,74.26,11.95,41
SBCF,16,16,domingo,1,204,88.18,1.27,19
SBGR,18,18,quinta,5,827,72.22,12.83,37
LFPG,8,,segunda,2,84,55.42,18.45,41
SBRJ,12,12,domingo,1,220,97.22,-3.86,1
SBGR,11,11,quarta,4,377,85.29,5.99,22
SBEG,4,3,segunda,2,199,90.67,0.6,15
SBRF,13,13,sexta,6,312,79.87,10.5,29
SBFI,14,14,segunda,2,142,78.57,7.44,28
SBGR,6,6,quarta,4,550,79.58,23.64,38
SBCG,15,14,sexta,6,43,78.57,9.33,28
SBSV,18,18,quinta,5,232,77.29,6.08,33
SBRF,8,8,sabado,7,457,88.82,5.63,19
SBFZ,22,22,quarta,4,56,78.18,9.8,24
SBCF,1,1,quinta,5,32,96.88,-2.28,12
SBRJ,18,18,terca,3,211,87.19,2.59,24
KFLL,22,,sabado,7,40,87.18,-4.77,16
LPPT,5,,segunda,2,52,60.78,20.41,40
SNPD,15,15,segunda,2,9,87.50,-3.38,24
SBRJ,15,15,quinta,5,292,85.16,5.12,22
SBSR,19,19,terca,3,105,76.70,8.05,40
SBRJ,19,19,sexta,6,337,77.50,6.27,37
OTHH,18,,domingo,1,31,41.67,16.83,32
SBJP,18,18,quinta,5,116,85.09,4.05,19
SBSV,23,23,segunda,2,197,81.73,5.62,31
SBPJ,17,17,terca,3,47,76.60,8.4,30
SBBE,11,11,quinta,5,95,83.16,7.45,21
EGLL,18,,quarta,4,51,72.55,35.12,49
SBPV,1,0,sexta,6,29,96.30,1.63,11
SBAR,17,17,sabado,7,73,87.67,0.82,16
SBFN,15,16,sabado,7,52,86.00,0.38,19
SBTT,19,17,sexta,6,40,84.62,1.77,41
MMSM,21,,sabado,7,1,100.00,-285.0,-285
SBEG,15,14,terca,3,47,77.78,143.31,284
SCEL,1,,quarta,4,43,83.72,6.05,20
SBPV,23,22,sabado,7,34,78.79,13.42,50
SNBR,11,11,terca,3,47,93.48,-3.67,10
SBIP,18,18,terca,3,7,100.00,-4.71,12
SBPJ,17,17,sabado,7,52,88.46,2.44,20
SBMK,6,6,sexta,6,53,92.00,-2.28,0
SBNF,16,16,terca,3,40,89.74,-2.62,21
LTFM,13,,quarta,4,20,95.00,8.1,12
SAAR,3,,sexta,6,25,86.96,3.74,21
SBCX,13,13,quarta,4,33,90.63,6.34,9
SBVT,13,13,sexta,6,22,68.18,19.18,48
LEMD,21,,terca,3,38,59.46,11.76,28
SABE,4,,sexta,6,80,93.75,1.5,7
KFLL,10,,quarta,4,12,75.00,5.83,27
KIAH,20,,sabado,7,17,58.82,17.12,49
SBMK,14,14,sabado,7,31,77.42,15.35,37
DNMM,12,,domingo,1,12,,,
SBLO,7,7,segunda,2,15,100.00,-4.8,1
OTHH,18,,sexta,6,17,81.82,6.64,16
SBBW,17,16,quinta,5,1,100.00,-21.0,-21
SBJU,13,13,sabado,7,4,50.00,29.0,85
SBKP,2,2,sabado,7,14,57.14,42.79,101
SKBO,10,,segunda,2,23,78.26,10.0,21
SBCH,12,12,segunda,2,5,100.00,-7.2,7
OTHH,18,,segunda,2,16,77.78,3.89,21
SBUL,16,16,quinta,5,2,100.00,-101.0,-15
MPTO,2,,quinta,5,6,50.00,126.25,317
LEMD,20,,quinta,5,5,,,
SBSL,23,23,terca,3,5,80.00,8.0,70
EDDF,13,,quinta,5,8,42.86,84.57,201
SAEZ,10,,domingo,1,2,100.00,-11.0,-10
GVAC,23,,segunda,2,1,0.00,42.0,42
SKBO,6,,sabado,7,1,,,
SNDV,18,18,quarta,4,3,33.33,43.33,63
SGAS,7,,segunda,2,1,0.00,289.0,289
MMSM,8,,sexta,6,1,,,
SBPS,23,23,segunda,2,1,100.00,-4.0,-4
SBMK,15,15,terca,3,21,95.24,-4.1,9
EHAM,7,,sexta,6,22,40.91,33.41,64
MDPC,12,,sexta,6,55,50.00,60.38,174
SBMY,15,14,quarta,4,20,95.00,-1.7,7
SBSP,11,11,domingo,1,865,89.88,3.4,16
SBPA,19,19,sexta,6,275,76.47,7.18,31
SBKP,8,8,terca,3,1022,89.09,4.25,17
SBGL,8,8,terca,3,463,93.07,4.21,11
SBRF,20,20,quinta,5,152,81.88,6.65,33
MDPC,16,,quarta,4,42,,,
SBLO,15,15,terca,3,43,76.74,-0.95,24
SBBE,5,5,segunda,2,128,96.06,-4.91,0
SBRF,3,3,terca,3,358,92.92,0.31,11
SBBV,3,2,domingo,1,52,94.23,-3.46,9
SBDN,14,14,sabado,7,41,82.93,8.51,49
SBMO,12,12,quinta,5,133,78.03,6.8,27
SCEL,20,,segunda,2,33,65.63,21.22,59
SBCF,6,6,terca,3,470,93.55,-0.42,7
SACO,14,,domingo,1,31,80.65,-0.68,28
SBCT,19,19,terca,3,329,75.62,9.9,48
SBSI,11,10,quinta,5,39,94.87,-4.38,6
SBCH,20,20,sabado,7,22,90.91,-0.41,11
SBSR,14,14,domingo,1,50,76.00,15.8,32
OMDB,1,,quinta,5,39,57.14,18.19,40
SBVT,12,12,quarta,4,89,88.76,1.11,18
KIAD,0,,terca,3,22,66.67,27.24,45
SBRB,13,11,sexta,6,50,61.22,15.43,41
SBUL,11,11,domingo,1,53,86.79,1.17,33
SABE,7,,quarta,4,38,86.84,11.11,18
SAEZ,6,,quarta,4,64,92.06,5.83,14
SCEL,18,,sexta,6,94,80.00,8.73,20
SBNM,20,20,quarta,4,10,100.00,-9.4,-3
SLVR,13,,segunda,2,51,88.24,-1.37,16
EDDF,6,,quinta,5,4,25.00,83.0,167
SBJA,9,9,terca,3,21,90.00,-2.2,0
SBSV,2,2,quarta,4,113,91.96,-4.31,11
SBSV,17,17,quinta,5,238,86.81,2.37,20
SBDN,5,5,terca,3,42,97.50,-6.93,-4
SBTU,9,9,quinta,5,31,80.77,8.23,70
LPPT,14,,quarta,4,81,39.51,32.1,75
SBCJ,13,13,domingo,1,45,95.56,1.69,6
SBPJ,18,18,sabado,7,35,97.14,-7.06,6
KIAD,0,,domingo,1,22,59.09,116.5,94
SBMA,14,14,sabado,7,10,77.78,6.11,80
SBUL,20,20,sabado,7,13,92.31,-1.54,9
SBTF,14,13,sexta,6,34,85.29,15.68,33
SBSG,18,18,terca,3,85,80.95,2.64,33
SBJR,17,17,domingo,1,19,85.71,2.14,20
LTFM,4,,quinta,5,40,87.50,13.78,23
SCEL,3,,segunda,2,34,67.65,29.62,53
SBKG,16,16,quinta,5,6,100.00,-4.0,7
DNMM,17,,quarta,4,19,30.77,91.46,257
SBKG,1,1,terca,3,16,100.00,-6.5,2
SNSS,16,16,sexta,6,18,75.00,8.06,33
SBMK,10,10,sexta,6,19,94.74,-2.68,4
SBKP,0,0,segunda,2,14,22.22,244.78,1097
SBFZ,15,15,segunda,2,27,92.59,10.11,13
SBMQ,12,12,segunda,2,1,100.00,14.0,14
SBPF,18,18,domingo,1,37,75.68,8.3,43
MDSD,20,,segunda,2,16,,,
SBMK,12,12,quarta,4,12,100.00,-7.45,-4
LPPT,12,,quarta,4,12,25.00,25.08,60
LFPG,9,,sexta,6,5,60.00,13.0,49
SCEL,0,,domingo,1,17,88.24,1.88,17
SBIL,16,16,terca,3,15,86.67,-1.6,33
SEQM,21,,segunda,2,1,,,
MMMX,22,,terca,3,4,75.00,-3.5,23
SBSR,23,23,terca,3,5,100.00,-11.0,-2
SBMQ,13,13,sabado,7,6,66.67,12.5,35
SBCH,18,18,quinta,5,5,60.00,18.0,61
SBPP,11,10,sexta,6,6,50.00,30.25,67
SBJE,17,17,sexta,6,2,100.00,-9.5,-9
SBSG,1,1,quarta,4,9,100.00,-7.89,-2
SWPI,4,3,segunda,2,1,100.00,-3.0,-3
SACO,4,,quarta,4,2,100.00,-9.5,-9
SBMG,13,13,sexta,6,1,0.00,36.0,36
KATL,19,,sexta,6,5,80.00,11.6,54
SBBV,0,23,terca,3,1,100.00,7.0,7
SKBO,3,,sabado,7,1,,,
SWPI,14,13,sabado,7,1,100.00,-3.0,-3
KMIA,18,,sexta,6,17,66.67,-12.5,60
SBSP,13,13,terca,3,848,79.57,7.02,27
SBRF,17,17,segunda,2,434,85.35,6.43,28
SBSR,8,8,quinta,5,70,94.12,-1.56,8
SBEG,3,2,sexta,6,208,84.93,4.64,25
SBSP,10,10,quarta,4,881,87.66,4.65,18
SBFI,11,11,quarta,4,106,74.53,16.98,46
SBCF,17,17,segunda,2,608,83.62,6.48,24
SBBR,19,19,segunda,2,223,84.75,5.62,26
SBCF,8,8,domingo,1,935,91.05,2.7,14
SBGO,18,18,sexta,6,89,66.29,13.35,54
SBGO,18,18,segunda,2,84,73.49,18.06,51
MMMX,21,,quinta,5,47,91.30,7.87,15
SBMO,16,16,sabado,7,80,86.25,3.56,24
SUMU,9,,quinta,5,25,75.00,3.33,53
SBSV,10,10,quarta,4,182,89.01,0.99,18
SBRP,10,10,quinta,5,53,90.57,-3.36,7
SBGO,11,11,quinta,5,154,90.07,0.28,15
SBGL,18,18,quinta,5,419,75.12,74.22,55
SBBR,6,6,quinta,5,329,96.93,-2.99,1
SBFZ,13,13,domingo,1,29,82.76,2.86,43
SBCF,7,7,quarta,4,360,88.02,2.98,23
SCEL,8,,domingo,1,58,93.10,1.9,15
SBCH,17,17,quarta,4,77,86.84,2.47,20
SABE,12,,terca,3,58,74.14,10.6,30
SBJU,2,2,sexta,6,50,90.00,-0.66,15
SBJP,2,2,terca,3,104,82.18,4.89,32
SBGL,3,3,quarta,4,76,76.92,8.71,52
SBBE,1,1,sabado,7,69,91.18,-0.99,15
KMCO,22,,sexta,6,37,81.08,2.27,36
SBTE,19,19,terca,3,9,77.78,-0.22,26
SBFI,7,7,quinta,5,3,100.00,-12.67,-10
SBUR,11,11,segunda,2,43,76.74,8.4,41
SBRF,23,23,quinta,5,64,76.56,10.25,46
SBPA,4,4,segunda,2,71,98.57,-6.26,-2
MMUN,22,,terca,3,23,95.65,-8.09,-4
SCEL,8,,quinta,5,51,90.20,2.69,15
SAEZ,12,,domingo,1,76,86.11,12.19,23
SCEL,10,,terca,3,31,83.87,6.84,24
SBCA,12,12,sabado,7,4,100.00,1.25,12
SBFZ,19,19,sexta,6,127,77.87,13.67,31
SBPF,16,16,sabado,7,26,88.46,-6.12,21
SBCY,16,15,quarta,4,65,98.46,-7.51,0
SBMQ,13,13,terca,3,35,74.29,4.91,27
SBJV,8,8,segunda,2,32,93.75,-2.78,2
LPPT,9,,terca,3,99,37.90,32.26,70
SBAU,14,14,domingo,1,22,90.91,-4.0,14
SBAU,10,10,sexta,6,24,91.67,1.29,4
SBMG,10,10,segunda,2,26,80.00,7.72,31
SBPV,18,17,segunda,2,36,86.11,13.47,43
SBSG,10,10,segunda,2,46,77.78,6.38,36
SBMG,14,14,segunda,2,36,100.00,-6.03,2
FAOR,9,,segunda,2,7,85.71,2.43,46
SKBO,21,,quinta,5,13,0.00,106.0,177
SBSG,6,6,segunda,2,18,88.89,17.5,64
SKBO,20,,sexta,6,14,92.31,3.46,15
LIRF,8,,sabado,7,51,82.35,10.2,22
SCEL,9,,domingo,1,27,96.30,2.67,11
TJBQ,3,,domingo,1,13,100.00,-22.62,-12
SAEZ,12,,sexta,6,57,96.49,-3.51,7
SKBO,20,,quarta,4,13,76.92,56.77,357
SAEZ,15,,terca,3,10,90.00,18.6,9
SWPI,17,16,segunda,2,1,100.00,-8.0,-8
DNMM,19,,domingo,1,17,100.00,-796.5,-469
OTHH,10,,segunda,2,14,,,
KFLL,11,,quarta,4,8,100.00,-9.88,1
SBNF,3,3,terca,3,3,100.00,-9.67,-8
SBAQ,17,17,sexta,6,4,75.00,-5.75,32
SBJU,3,3,quinta,5,11,81.82,-1.18,17
LIRF,6,,sabado,7,11,81.82,13.36,29
SBPL,6,6,sabado,7,6,100.00,-9.0,-7
SBMO,8,8,quarta,4,3,100.00,-14.67,-11
SBJP,20,20,sexta,6,1,100.00,-4.0,-4
SWLB,10,9,segunda,2,5,100.00,-2.0,14
SBML,11,11,domingo,1,1,100.00,-16.0,-16
OTHH,5,,domingo,1,2,100.00,-97.5,-9
SBSG,8,8,sabado,7,2,100.00,-13.0,-9
SWPI,22,21,segunda,2,1,100.00,-6.0,-6
SBCF,4,4,sexta,6,1,100.00,4.0,4
SBPV,16,15,quarta,4,1,100.00,-11.0,-11
SBSL,13,13,domingo,1,2,50.00,13.5,30
SBJU,6,6,quarta,4,1,100.00,-12.0,-12
SBKP,1,1,sexta,6,1,100.00,-170.0,-170
GVAC,14,,terca,3,1,100.00,-3.0,-3
SBZM,14,14,quinta,5,44,90.70,-0.35,15
KMIA,22,,sabado,7,30,12.00,348.48,909
SBRF,12,12,sabado,7,530,85.33,5.38,25
SKBO,23,,sabado,7,146,75.86,1.39,33
LFPG,5,,segunda,2,67,39.39,51.42,54
SBKP,8,8,sexta,6,1092,89.71,4.35,16
SABE,17,,sexta,6,63,56.45,24.52,48
SCEL,13,,sabado,7,130,84.25,11.09,38
SBGR,17,17,sabado,7,1450,68.18,15.86,46
SBCG,14,13,quinta,5,63,83.87,5.71,25
SBGO,9,9,segunda,2,97,85.57,6.65,19
SBSI,10,9,domingo,1,7,85.71,1.71,22
SBSV,14,14,quinta,5,638,87.16,3.32,21
SBSP,8,8,segunda,2,983,90.97,2.07,14
SBSR,5,5,quinta,5,71,98.55,-8.42,-3
SBGL,6,6,segunda,2,506,94.00,-0.09,9
SBPA,15,15,quarta,4,217,86.11,2.67,25
SGAS,8,,segunda,2,22,72.73,15.64,41
SBEG,17,16,terca,3,153,75.66,9.57,37
SBSP,18,18,domingo,1,826,81.33,8.33,32
SBCF,19,19,domingo,1,285,82.44,4.09,28
SBSV,21,21,segunda,2,89,76.14,21.3,33
SBCF,10,10,segunda,2,249,84.27,4.55,26
SBCY,10,9,terca,3,82,87.50,3.13,19
SBPJ,17,17,sexta,6,41,78.05,4.88,27
SBNF,15,15,terca,3,65,83.08,1.82,31
LEMD,18,,domingo,1,163,57.06,11.95,42
SBGO,11,11,sexta,6,149,82.55,5.36,29
SBJE,16,16,terca,3,51,90.20,-1.8,12
SBPA,18,18,segunda,2,194,79.57,7.26,31
SKBO,1,,quinta,5,89,88.76,-2.67,18
SBVT,18,18,domingo,1,129,81.25,5.76,27
SBGL,3,3,quinta,5,78,90.28,0.4,12
SBFL,23,23,sabado,7,43,93.02,-4.51,7
SBBE,14,14,terca,3,55,70.91,10.67,39
SBMQ,3,3,domingo,1,94,90.43,3.79,15
SBRF,14,14,sexta,6,36,61.77,51.56,175
SKBO,14,,segunda,2,52,90.00,3.88,15
SBFI,13,13,domingo,1,74,91.78,-0.11,13
SBSV,2,2,terca,3,103,90.10,3.21,13
SABE,19,,sexta,6,57,33.33,45.91,110
SBBV,3,2,quarta,4,51,98.04,-4.98,-1
SAEZ,21,,sexta,6,143,45.83,39.35,109
KORD,23,,domingo,1,30,63.33,40.7,78
SPJC,2,,quarta,4,88,92.05,0.53,12
SBRF,7,7,domingo,1,58,94.74,-3.49,3
SBRP,10,10,quarta,4,48,95.83,-3.46,-2
OTHH,12,,segunda,2,1,,,
SBJA,18,18,sexta,6,12,100.00,-5.0,-2
SBPS,8,8,domingo,1,102,84.31,8.25,29
SBBV,3,2,sabado,7,52,100.00,-4.9,2
KMIA,13,,terca,3,45,72.73,14.2,56
SBRB,1,23,terca,3,11,100.00,-2.64,8
SBUL,14,14,sexta,6,62,74.58,14.61,56
LEMD,7,,sabado,7,55,42.86,25.77,59
SKBO,10,,terca,3,22,85.71,8.38,22
SWLB,12,11,segunda,2,12,87.50,-1.38,20
SBPS,13,13,domingo,1,35,91.43,-1.43,11
SAEZ,17,,quinta,5,14,40.00,-92.8,136
SCEL,15,,sexta,6,43,80.95,9.26,39
SBMG,10,10,domingo,1,21,80.95,14.0,35
SBSI,15,14,segunda,2,13,92.31,0.31,-3
SBRF,14,14,quarta,4,33,68.75,43.31,179
EBLG,13,,sabado,7,1,100.00,-1420.0,-1420
SBFI,12,12,terca,3,52,82.69,8.58,35
SBCY,0,23,terca,3,24,91.67,-6.96,11
SKBO,0,,terca,3,40,72.50,3.43,29
SBPV,2,1,terca,3,47,87.50,20.15,22
KMIA,1,,sabado,7,21,61.91,162.05,750
SAEZ,19,,sexta,6,71,76.47,-18.88,29
SBIL,12,12,sexta,6,26,88.46,9.23,20
SBMG,17,17,quinta,5,5,60.00,13.0,39
SBCG,3,2,sabado,7,5,100.00,-9.4,-1
SBAQ,17,17,domingo,1,3,100.00,-13.67,-7
SBIL,9,9,domingo,1,5,60.00,13.2,45
SBJU,17,17,quinta,5,8,87.50,-0.25,19
PANC,1,,quinta,5,18,83.33,26.33,141
SBCG,17,16,quinta,5,14,92.86,-0.43,14
SBKG,15,15,domingo,1,24,86.36,-7.09,16
SBMQ,4,4,terca,3,4,100.00,-5.5,-1
SACO,0,,quinta,5,15,,,
SBPL,15,15,segunda,2,4,100.00,-8.5,-2
SBGO,21,21,domingo,1,1,,,
SBIL,11,11,quinta,5,6,100.00,-6.17,-1
SBGO,21,21,sabado,7,5,100.00,-7.6,-3
SBNF,4,4,sexta,6,5,100.00,-2.25,1
SNBR,17,17,terca,3,5,80.00,-3.0,17
TNCA,23,,segunda,2,2,50.00,9.0,26
SBPF,17,17,sabado,7,3,100.00,-15.5,-15
SBVT,0,0,segunda,2,4,75.00,5.25,28
MDPC,10,,sabado,7,1,,,
SBCG,22,21,quarta,4,12,91.67,0.17,3
SBSG,1,1,sexta,6,10,100.00,-4.67,0
LFPO,18,,sabado,7,1,100.00,-10.0,-10
KATL,22,,quarta,4,3,33.33,11.67,18
EBLG,22,,quarta,4,1,100.00,-6.0,-6
SKBO,8,,domingo,1,1,100.00,-2.0,-2
SBMQ,4,4,quarta,4,2,100.00,-6.5,-4
KMIA,8,,sabado,7,2,0.00,293.0,469
FACT,10,,quinta,5,5,80.00,3.4,47
SLCB,10,,quarta,4,1,0.00,22.0,22
OMDW,16,,segunda,2,1,,,
SBIZ,2,2,quarta,4,33,93.55,-6.71,8
SBKP,12,12,sabado,7,402,82.65,8.49,29
SBRF,15,15,segunda,2,175,85.14,8.0,26
SGAS,18,,quarta,4,51,72.55,11.98,39
SBRJ,7,7,quinta,5,291,94.04,-2.43,6
SBIZ,3,3,quarta,4,77,92.11,-3.53,9
SBMK,20,20,sexta,6,17,100.00,-10.12,7
SBZM,11,11,terca,3,18,100.00,-3.72,8
SNCL,16,,sabado,7,1,100.00,-18.0,-18
SBRF,7,7,quinta,5,45,86.36,-0.7,16
SBJV,15,15,quarta,4,23,69.57,11.39,74
SBCF,7,7,sexta,6,346,92.92,2.53,11
SBGO,11,11,segunda,2,149,86.58,5.69,27
SBEG,12,11,terca,3,254,75.60,36.0,39
SBCT,16,16,sabado,7,72,93.06,-2.1,9
SBJU,16,16,terca,3,45,80.00,6.62,35
SBFZ,8,8,segunda,2,32,100.00,-4.09,0
MDPC,19,,sabado,7,83,19.36,69.55,107
SBPA,12,12,quinta,5,162,84.91,6.13,24
SBCT,20,20,quinta,5,128,80.65,4.44,25
SBSG,5,5,sexta,6,76,90.79,1.28,12
SCEL,5,,sabado,7,194,86.10,5.97,33
SBPF,10,10,sexta,6,52,90.39,-4.69,14
SAEZ,7,,quarta,4,62,77.78,36.67,42
SBMK,6,6,sabado,7,52,98.04,-5.0,-5
SGAS,11,,terca,3,32,81.25,2.03,18
SBJP,10,10,quarta,4,17,100.00,-1.76,6
SBSL,2,2,sabado,7,92,84.44,8.98,25
SBRP,13,13,domingo,1,22,90.91,-1.09,12
SBRF,6,6,sexta,6,40,95.00,3.8,4
SBFI,5,5,quinta,5,131,96.03,-2.25,3
SCEL,1,,segunda,2,53,79.25,14.4,38
SGAS,5,,sabado,7,13,92.31,-1.46,3
SBCX,16,16,sexta,6,16,87.50,-1.19,32
SABE,21,,sexta,6,26,95.24,-0.43,8
SBVT,19,19,domingo,1,129,80.95,4.82,23
SBSG,23,23,sexta,6,23,34.78,22.13,56
SBRF,19,19,quarta,4,58,86.21,2.31,39
EDDF,16,,quinta,5,75,84.21,4.23,18
SBSR,12,12,sabado,7,57,84.21,5.39,35
SBNM,20,20,segunda,2,11,100.00,-7.09,-1
SAME,17,,domingo,1,9,66.67,4.78,21
LPPT,5,,sexta,6,96,43.16,19.95,38
SBVT,8,8,terca,3,94,92.55,-0.34,12
SAEZ,15,,quinta,5,7,57.14,65.86,371
SBCY,20,19,quarta,4,21,65.00,7.85,28
LFPO,8,,domingo,1,12,75.00,19.08,44
EGLL,19,,quarta,4,21,80.95,7.19,29
SBSL,19,19,segunda,2,8,100.00,-2.43,9
SBJA,17,17,quarta,4,5,40.00,32.4,87
OTHH,2,,terca,3,15,71.43,40.43,179
SBJU,18,18,terca,3,18,94.44,-2.22,12
SBCX,10,10,sabado,7,9,100.00,-10.75,0
SEQM,20,,terca,3,1,,,
SBZM,15,15,domingo,1,15,93.33,-2.93,5
SBCG,5,4,quinta,5,15,100.00,-9.07,-5
SBPJ,6,6,segunda,2,12,100.00,-6.5,-3
SBSN,2,2,terca,3,16,100.00,-6.38,1
SWKO,13,12,terca,3,7,100.00,-6.25,0
SAZS,14,,domingo,1,8,71.43,26.29,142
SOCA,17,,sabado,7,3,100.00,-4.0,13
SBDN,17,17,sabado,7,1,100.00,2.0,2
SBVG,14,14,sabado,7,5,75.00,20.25,60
LFPG,9,,quinta,5,3,0.00,67.33,87
KMIA,15,,segunda,2,3,50.00,89.5,195
SBCH,13,13,terca,3,5,80.00,2.0,17
SLLP,4,,terca,3,4,,,
SAEZ,0,,quarta,4,1,,,
SBAE,6,6,sabado,7,1,100.00,-11.0,-11
SWLB,11,10,sabado,7,2,100.00,1.5,10
SNCL,16,,terca,3,1,100.00,-7.0,-7
SBBR,11,11,segunda,2,239,86.38,6.55,23
SBGR,23,23,sabado,7,1485,65.78,16.09,40
SBGR,21,21,sabado,7,901,72.65,12.47,41
SBCY,13,12,sexta,6,50,86.00,0.66,17
SBGL,11,11,quinta,5,455,82.88,7.39,24
SBRJ,11,11,quinta,5,299,88.10,2.14,17
SBBE,15,15,sabado,7,47,82.76,2.93,75
SBSL,20,20,sexta,6,37,64.71,15.06,74
SBSL,11,11,segunda,2,149,83.22,7.89,26
SBPL,1,1,terca,3,17,94.12,-5.82,5
SBPS,3,3,sabado,7,76,98.63,-6.71,-2
SBJV,6,6,sexta,6,23,100.00,-8.27,-5
SBPA,7,7,domingo,1,147,89.66,-0.12,16
SBAR,6,6,quarta,4,17,100.00,-12.0,-7
MMMX,20,,terca,3,50,92.00,-1.36,7
SBSG,3,3,segunda,2,102,96.04,3.35,3
SBSI,18,17,sabado,7,62,80.65,10.94,61
SBFZ,18,18,segunda,2,176,78.61,8.55,34
SBAR,18,18,terca,3,28,71.43,26.86,137
SBRF,9,9,terca,3,305,90.00,6.25,15
SBRJ,7,7,sexta,6,315,95.78,-2.77,3
SBCY,4,3,terca,3,25,88.00,4.52,23
SBGL,17,17,terca,3,461,77.73,12.23,37
SBGL,1,1,terca,3,134,71.43,17.97,55
SBFL,15,15,sabado,7,205,81.28,10.17,29
SBVT,7,7,sexta,6,63,95.08,-3.2,2
SBSV,1,1,quinta,5,41,73.17,6.88,32
SBRF,7,7,sexta,6,41,90.00,-1.0,7
DNMM,15,,quinta,5,51,,,
SBVT,16,16,domingo,1,115,88.70,2.21,16
SBBR,11,11,quarta,4,237,87.88,2.08,18
SBPA,16,16,sabado,7,173,89.54,1.9,17
LEBL,8,,sexta,6,33,87.88,10.67,18
SGAS,4,,sexta,6,12,100.00,-2.25,2
SBCY,19,18,domingo,1,110,86.11,3.27,30
SBRP,14,14,sabado,7,3,100.00,-3.0,3
SBMO,19,19,domingo,1,38,86.84,5.11,28
SBPS,20,20,quarta,4,125,88.98,9.32,20
SBCY,11,10,domingo,1,65,87.69,-0.65,18
SAZS,19,,segunda,2,9,88.89,0.67,32
SBGO,3,3,terca,3,15,80.00,19.8,124
SKBO,16,,domingo,1,35,84.85,8.42,31
MPTO,14,,domingo,1,35,82.86,13.34,26
OTHH,18,,quinta,5,27,17.65,24.82,42
SBMQ,17,17,terca,3,22,86.36,2.55,25
SABE,8,,sexta,6,39,61.54,25.59,70
MMMX,21,,sabado,7,47,78.72,17.66,39
SBCH,14,14,quinta,5,31,83.33,2.97,22
SBSI,18,17,sexta,6,62,85.48,5.45,26
SCEL,20,,sabado,7,36,80.00,10.2,38
SBSG,16,16,quarta,4,49,69.39,10.67,50
SAEZ,4,,segunda,2,43,,,
SBFL,0,0,quarta,4,27,96.15,-4.08,1
SAZS,14,,quarta,4,9,55.56,25.22,66
SUMU,16,,sexta,6,34,88.24,13.26,30
SSUV,15,15,sabado,7,26,100.00,-14.5,-2
SBCY,9,8,segunda,2,80,89.33,1.4,16
SBSV,22,22,quarta,4,24,91.67,0.75,12
SBMQ,17,17,segunda,2,18,88.89,-2.67,38
SAZS,15,,sexta,6,9,100.00,-4.11,13
SBVC,20,20,sexta,6,12,66.67,32.25,37
SBVC,7,7,quinta,5,5,75.00,38.25,181
SBFZ,1,1,segunda,2,25,100.00,-5.44,3
KIAH,20,,sexta,6,18,77.78,28.83,89
SAZS,15,,terca,3,8,62.50,4.5,31
SMJP,22,,sabado,7,17,88.24,43.24,47
SBMO,7,7,terca,3,3,100.00,-6.67,12
SBFI,7,7,sabado,7,4,100.00,-4.5,11
SBKG,15,15,segunda,2,4,100.00,-9.5,-1
SKBO,7,,sabado,7,1,,,
SBPO,15,15,domingo,1,1,100.00,-19.0,-19
SBBE,8,8,segunda,2,4,100.00,-3.0,1
SBPS,6,6,segunda,2,1,100.00,-15.0,-15
SBCT,4,4,sexta,6,4,100.00,-3.0,-1
SKBO,21,,segunda,2,1,,,
SBAE,12,12,sexta,6,1,100.00,-1.0,-1
SBSL,22,22,terca,3,1,100.00,-9.0,-9
KMIA,3,,sabado,7,1,100.00,2.0,2
SGAS,9,,terca,3,1,,,
EBBR,5,,sabado,7,1,0.00,173.0,173
SBBR,8,8,sexta,6,1387,88.74,5.64,17
SBSP,10,10,segunda,2,913,84.50,5.46,23
SBKP,16,16,terca,3,234,81.82,3.31,35
SBCF,20,20,quarta,4,266,75.39,10.25,40
SBGR,19,19,sexta,6,443,70.74,12.94,38
SBPA,6,6,terca,3,265,92.75,-0.53,2
SBBR,23,23,quarta,4,163,85.80,2.74,24
SBKP,19,19,sexta,6,202,75.39,13.56,41
SBCT,16,16,sexta,6,103,76.47,9.52,44
SBSL,5,5,segunda,2,52,94.12,-4.02,12
SPJC,11,,segunda,2,70,88.41,2.88,29
SBVT,12,12,sexta,6,93,84.95,5.83,24
SBCG,20,19,sabado,7,76,84.21,4.03,32
SBMO,18,18,quinta,5,176,86.21,3.84,20
SBSR,9,9,quarta,4,43,95.12,-7.27,6
SBMO,14,14,segunda,2,13,100.00,-6.69,8
SBCF,20,20,domingo,1,246,82.72,5.11,28
SBAR,2,2,sexta,6,95,82.61,2.16,22
SBFL,13,13,domingo,1,150,91.22,31.88,14
SBBR,5,5,quarta,4,227,95.05,-2.0,0
SBMG,19,19,sexta,6,88,72.41,10.51,51
SBSG,4,4,quarta,4,64,96.83,-2.6,8
SCEL,13,,sexta,6,54,75.93,13.04,42
SBPS,11,11,quinta,5,87,82.56,10.67,25
SBGO,6,6,segunda,2,154,96.75,-4.84,-1
SBJR,11,11,sexta,6,43,78.38,11.41,25
GOBD,16,,segunda,2,4,50.00,45.75,140
SBSV,13,13,sabado,7,171,93.49,-5.21,7
LEMD,9,,sabado,7,62,70.49,16.26,59
LIRF,4,,sabado,7,30,71.43,10.32,35
SBSV,3,3,quarta,4,71,88.57,0.24,16
GVAC,7,,domingo,1,44,31.58,54.74,209
SBPS,16,16,segunda,2,110,88.07,1.84,17
SEQM,14,,terca,3,46,0.00,157.0,286
LFPG,9,,segunda,2,5,60.00,42.4,172
SBKG,13,13,quarta,4,51,90.20,1.31,8
KIAH,21,,domingo,1,19,78.95,12.37,49
SBMO,23,23,domingo,1,9,77.78,0.0,43
SCEL,1,,domingo,1,51,78.43,7.24,26
SPJC,13,,sabado,7,16,,,
SBMG,19,19,sabado,7,50,84.00,2.08,39
SBPJ,6,6,sexta,6,35,100.00,-5.69,2
EBLG,16,,quinta,5,14,61.54,4.92,51
SBKP,3,3,sabado,7,86,84.88,4.2,25
SBSL,16,16,quinta,5,34,94.12,-3.47,3
OTHH,19,,terca,3,43,68.57,9.17,34
SBMA,4,4,quinta,5,80,97.44,-8.38,-2
SBJV,17,17,sabado,7,13,100.00,-6.08,7
SABE,19,,quarta,4,43,60.47,22.84,64
LEMD,10,,quinta,5,6,75.00,15.5,58
KMCO,19,,sexta,6,20,75.00,13.6,76
SBEG,23,22,sexta,6,12,90.91,4.09,14
SBMK,10,10,segunda,2,17,94.12,-7.12,8
SAEZ,8,,segunda,2,19,100.00,-0.82,12
KDFW,23,,sabado,7,12,81.82,10.18,45
SPJC,13,,domingo,1,18,,,
SNGI,11,11,domingo,1,18,100.00,-7.89,10
SBZM,9,9,domingo,1,13,53.85,16.77,40
SBMK,10,10,quinta,5,19,100.00,-8.74,0
SCEL,19,,quinta,5,16,75.00,3.63,21
DNMM,13,,quinta,5,1,100.00,-23.0,-23
SBJE,1,1,terca,3,4,50.00,16.75,58
SBDN,10,10,quarta,4,6,66.67,45.5,173
SGES,16,,domingo,1,1,0.00,155.0,155
OTHH,16,,quarta,4,1,,,
SUMU,3,,sexta,6,3,100.00,-7.0,-7
LPPR,11,,quarta,4,1,100.00,14.0,14
GVAC,8,,segunda,2,1,0.00,30.0,30
SBEG,8,7,terca,3,2,100.00,-8.0,-4
SBVC,3,3,domingo,1,2,100.00,-2.0,2
SBSP,10,10,domingo,1,782,94.88,-1.19,9
SBSP,14,14,sabado,7,712,80.85,6.81,27
SBKP,20,20,quarta,4,123,70.49,20.77,62
SBKP,9,9,quinta,5,531,86.44,5.83,20
EHAM,8,,domingo,1,77,73.68,28.12,77
SNAB,12,12,quinta,5,31,86.21,13.41,134
SBBE,12,12,domingo,1,98,86.60,1.9,17
SBCF,7,7,quinta,5,342,90.62,0.98,14
SBSV,3,3,terca,3,73,82.86,0.04,21
SBSL,17,17,sabado,7,65,87.69,7.62,19
SBSR,15,15,domingo,1,68,83.33,8.03,49
SBJP,2,2,segunda,2,128,91.27,0.24,14
DNMM,16,,sexta,6,31,0.00,432.0,432
SSGY,11,11,terca,3,50,82.93,3.0,25
SBSM,15,15,sabado,7,38,100.00,-13.66,-4
SBJU,5,5,terca,3,83,95.06,-3.67,3
SBBR,10,10,quarta,4,281,89.32,4.78,19
SBCF,11,11,segunda,2,405,84.21,5.19,25
SBMG,5,5,segunda,2,100,94.90,-4.95,4
SBRP,22,22,sabado,7,11,100.00,-10.4,-2
SBRJ,7,7,segunda,2,312,95.74,-1.18,6
SBCA,11,11,sabado,7,73,83.33,6.03,32
SBUL,19,19,sabado,7,93,90.22,4.26,15
LIRF,18,,terca,3,44,86.36,30.91,19
SUMU,19,,sabado,7,30,96.67,-5.53,7
SCEL,22,,quarta,4,17,66.67,13.89,50
SBSV,0,0,sabado,7,105,70.19,7.3,44
LPPT,8,,terca,3,54,50.00,23.37,59
SBSV,21,21,quarta,4,75,76.00,4.48,27
KMIA,9,,segunda,2,11,66.67,322.0,1763
SBFL,5,5,quarta,4,242,91.10,-0.45,14
SJZA,20,20,sexta,6,18,100.00,-14.62,0
SBDB,10,9,quinta,5,50,94.00,-7.38,4
SBVC,20,20,quarta,4,21,95.00,-5.15,1
SCEL,20,,sexta,6,70,65.71,14.94,40
SBCX,14,14,domingo,1,12,100.00,-9.17,-7
SAEZ,22,,terca,3,61,33.33,-4.33,27
SBVC,4,4,quarta,4,11,100.00,-9.09,-1
SBVC,13,13,sexta,6,41,87.81,5.27,30
SBCY,4,3,sexta,6,34,100.00,-4.65,2
SBLO,14,14,segunda,2,34,88.24,-2.26,16
SBSL,2,2,domingo,1,54,81.48,2.15,22
SBEG,18,17,terca,3,3,66.67,17.0,84
SBMK,10,10,quarta,4,16,93.33,-3.6,3
EDDF,17,,domingo,1,82,60.98,28.71,29
SBUL,20,20,terca,3,73,81.69,4.18,28
SBFZ,21,21,sabado,7,39,84.21,10.63,78
SBSG,13,13,quarta,4,41,75.61,13.9,41
SBTE,11,11,segunda,2,12,75.00,6.83,26
SBFL,18,18,quarta,4,117,85.09,14.54,42
SSVL,10,10,segunda,2,50,78.95,11.79,80
KEWR,22,,terca,3,22,54.55,61.36,96
LIRF,6,,domingo,1,12,90.91,0.91,10
SBJA,19,19,quarta,4,29,96.55,-1.28,10
SBJP,5,5,domingo,1,37,100.00,-6.97,0
SABE,22,,domingo,1,53,80.77,4.52,32
SBIL,15,15,domingo,1,130,93.80,-2.4,8
OMDW,12,,quinta,5,1,0.00,25.0,25
SBKG,12,12,domingo,1,16,93.33,-2.0,2
SAWH,16,,sabado,7,3,100.00,-6.33,-2
CYYZ,19,,quarta,4,5,80.00,12.4,73
SBNF,7,7,quinta,5,21,71.43,54.81,163
SVMI,8,,segunda,2,2,0.00,179.0,179
OTHH,21,,segunda,2,6,66.67,8.0,30
SBSN,23,23,sabado,7,6,100.00,-16.17,-2
SWPI,6,5,quinta,5,1,100.00,-10.0,-10
SPJC,21,,quarta,4,9,100.00,-5.22,2
SBCT,4,4,sabado,7,2,100.00,-4.5,-3
SAME,12,,quinta,5,22,68.18,13.0,71
KBOS,11,,quinta,5,9,11.11,44.22,116
SBRB,15,13,quarta,4,1,100.00,-12.0,-12
SBSN,22,22,sabado,7,5,60.00,19.8,81
FNBJ,7,,segunda,2,2,100.00,-13.5,5
SNCL,8,,quarta,4,2,100.00,-12.5,-10
SBBE,10,10,terca,3,9,87.50,2.13,55
SBRP,4,4,sabado,7,10,100.00,-8.2,-5
SBBE,22,22,domingo,1,1,0.00,294.0,294
SBCG,2,1,sabado,7,1,100.00,-7.0,-7
MMSM,14,,segunda,2,1,,,
SBGO,20,20,terca,3,114,80.00,3.57,26
SBBE,2,2,quarta,4,192,86.24,0.73,21
SBRF,20,20,terca,3,151,76.39,8.45,36
SBMA,2,2,quarta,4,47,87.23,0.36,18
SBSP,11,11,quinta,5,864,78.85,10.98,31
SBGR,23,23,quinta,5,1609,50.41,23.89,54
SBCF,11,11,quinta,5,378,86.36,3.02,19
SBFL,14,14,terca,3,60,87.93,0.57,26
SBSP,15,15,sexta,6,933,58.12,17.16,41
SBVT,13,13,terca,3,26,88.46,12.35,17
SBGL,3,3,terca,3,84,91.78,1.73,11
SBMQ,3,3,sexta,6,100,91.00,-2.02,10
SBAR,13,13,sexta,6,15,93.33,-0.27,9
CYYZ,23,,quarta,4,60,63.33,-329.78,52
SBNF,20,20,quarta,4,75,73.24,6.14,33
SBNF,16,16,domingo,1,100,82.83,1.85,27
SBFL,8,8,sabado,7,106,93.20,13.81,6
SBAR,16,16,quinta,5,59,91.38,-2.9,15
SBRJ,8,8,quarta,4,333,95.72,-3.24,5
SAEZ,19,,terca,3,49,60.00,62.45,209
SBUL,10,10,segunda,2,101,79.21,11.34,31
SBGL,5,5,quinta,5,231,92.61,0.66,7
SBCH,9,9,sexta,6,47,88.10,-1.24,16
SBGO,0,0,sabado,7,32,75.00,15.28,48
SBTE,18,18,quinta,5,88,89.77,0.55,17
OMDB,2,,segunda,2,52,63.27,13.41,48
SBTC,14,14,domingo,1,47,89.13,-3.87,40
SBMO,3,3,sabado,7,147,95.21,-3.15,6
SBSR,14,14,quarta,4,12,83.33,5.42,24
SABE,17,,quinta,5,61,61.67,19.15,64
KMIA,0,,quarta,4,53,57.69,137.87,615
SBRB,3,1,domingo,1,47,95.75,-4.87,2
SBGV,9,9,terca,3,44,88.10,-2.12,20
SBMO,2,2,quinta,5,85,85.71,-0.7,23
SBCG,13,12,segunda,2,13,75.00,9.0,61
SBSV,23,23,quarta,4,121,88.24,3.21,19
SBCY,10,9,segunda,2,59,94.92,-3.71,7
SBCY,14,13,sexta,6,12,66.67,8.75,33
SKBO,19,,domingo,1,40,82.05,5.69,23
SBFZ,0,0,quinta,5,28,96.43,-5.75,7
SNEB,11,11,quinta,5,31,86.21,1.07,75
LEMD,11,,terca,3,12,41.67,18.17,50
SBTT,13,11,segunda,2,9,77.78,15.22,179
SBJV,6,6,sabado,7,22,90.48,0.81,-6
SBDN,6,6,domingo,1,12,100.00,-10.27,-7
SBVC,0,0,domingo,1,7,100.00,-8.29,3
SAME,8,,segunda,2,19,94.74,-4.05,-1
KMIA,18,,domingo,1,43,14.29,293.48,559
SBCY,6,5,segunda,2,60,100.00,-7.88,-2
SBMK,19,19,domingo,1,23,86.36,2.23,16
SBSN,23,23,domingo,1,19,83.33,-1.89,49
SBIL,16,16,domingo,1,23,82.61,9.87,28
LEMD,3,,quinta,5,18,,,
SBPF,17,17,quarta,4,4,100.00,-6.75,-6
SBMO,10,10,quarta,4,19,89.47,5.74,33
KLAX,18,,quarta,4,12,91.67,1.17,14
SBAR,18,18,sabado,7,24,79.17,4.25,26
LEBL,21,,segunda,2,15,,,
KMCO,0,,quarta,4,26,92.00,-5.72,14
SBLO,8,8,sexta,6,12,91.67,-5.75,1
SBJV,18,18,quinta,5,14,61.54,19.54,44
SBPS,7,7,domingo,1,18,94.44,-3.22,3
SBMA,3,3,sabado,7,27,96.30,20.48,0
SBSR,4,4,quarta,4,32,90.63,7.72,6
SBTE,1,1,quarta,4,15,93.33,-3.33,1
SBCH,11,11,sabado,7,13,58.33,14.92,34
SBSI,16,15,terca,3,40,76.92,7.23,37
SBKP,2,2,terca,3,6,16.67,141.67,225
SBCT,0,0,quinta,5,3,100.00,0.67,11
SBFI,3,3,quarta,4,1,100.00,7.0,7
SBPJ,18,18,segunda,2,3,100.00,-10.33,-5
SGES,11,,sabado,7,1,100.00,-1195.0,-1195
SBNF,21,21,domingo,1,2,100.00,-8.0,0
SBNF,22,22,sexta,6,2,50.00,8.0,26
SABE,2,,segunda,2,1,100.00,-2.0,-2
MDPC,13,,quarta,4,1,,,
SBCJ,16,16,sexta,6,3,100.00,-11.33,0
LIMC,18,,quarta,4,1,,,
OMDW,2,,quinta,5,1,100.00,1.0,1
SBGL,0,0,quinta,5,1,100.00,-8.0,-8
FBSK,8,,segunda,2,1,,,
SGAS,4,,domingo,1,1,100.00,7.0,7
SAZS,13,,quinta,5,1,0.00,55.0,55
GVAC,22,,segunda,2,1,100.00,9.0,9
SBFL,11,11,terca,3,186,83.06,8.58,23
SBSL,16,16,domingo,1,52,90.20,-2.45,12
SABE,18,,quarta,4,105,81.91,2.55,25
SBBE,13,13,sabado,7,181,90.61,3.28,13
EBBR,9,,domingo,1,8,12.50,74.0,156
SBFZ,17,17,sabado,7,248,85.37,2.1,19
SBGL,11,11,sexta,6,509,82.97,6.43,22
EGLL,18,,domingo,1,52,70.59,52.92,31
SBKP,6,6,domingo,1,321,90.97,1.46,13
SBKP,19,19,terca,3,212,69.57,101.93,104
SBSL,18,18,quinta,5,84,87.50,1.98,21
SBJV,19,19,sexta,6,71,72.06,6.68,32
SBSV,0,0,terca,3,88,80.95,1.96,20
SBSV,20,20,sabado,7,131,90.84,-3.04,13
SBNF,15,15,quinta,5,54,88.89,0.65,24
SBVT,5,5,quinta,5,155,98.07,-5.74,0
SBGO,5,5,sabado,7,224,94.60,1.04,4
SBFL,20,20,sexta,6,169,73.62,13.83,50
SBSR,15,15,sabado,7,142,77.70,11.57,48
SBCG,6,5,quinta,5,131,100.00,-7.15,-1
SBRJ,10,10,quinta,5,262,89.80,0.4,17
SBFN,15,16,quinta,5,53,92.16,-0.75,14
SBFI,15,15,quinta,5,65,85.94,1.7,18
SBAR,17,17,quinta,5,39,84.62,7.08,49
SCEL,22,,sexta,6,23,86.67,11.87,59
SBGR,4,4,quinta,5,258,80.17,9.54,39
SBNM,19,19,sabado,7,13,92.31,-9.31,-6
SBCT,23,23,terca,3,65,95.39,-5.2,7
SBFL,18,18,terca,3,110,84.40,13.8,46
SBMG,6,6,sexta,6,96,92.63,10.03,6
EDDF,17,,terca,3,80,67.95,21.73,28
SPJC,11,,quinta,5,90,92.22,0.13,11
SACO,3,,sabado,7,14,92.86,-5.43,6
SABE,16,,quinta,5,57,64.82,27.37,85
EGLL,19,,terca,3,22,86.36,2.36,18
SBFZ,0,0,terca,3,58,93.10,-4.03,11
EBBR,11,,segunda,2,18,69.23,-27.08,100
SBCG,16,15,quinta,5,19,89.47,6.89,29
SBAR,14,14,segunda,2,27,92.31,-1.12,4
SPJC,8,,sexta,6,22,40.91,39.55,55
LSZH,18,,sexta,6,22,80.95,11.14,20
SBVT,21,21,quinta,5,70,90.00,1.31,15
SBSV,1,1,segunda,2,52,78.85,2.58,22
OTHH,1,,segunda,2,23,78.95,25.74,151
LPPR,8,,segunda,2,63,53.97,25.38,42
KMIA,6,,sabado,7,15,0.00,751.8,1607
MMMX,21,,sexta,6,48,85.42,2.15,23
SBIZ,2,2,sabado,7,43,81.40,0.98,28
SBSL,19,19,quinta,5,5,80.00,1.0,20
SBSR,15,15,segunda,2,56,72.22,9.26,47
SAME,8,,domingo,1,52,84.31,-1.33,20
SBCY,15,14,domingo,1,20,95.00,-2.95,-1
SDLO,16,,segunda,2,30,95.83,-11.25,4
SBCJ,12,12,quarta,4,14,91.67,1.75,13
LEMD,10,,domingo,1,31,52.17,31.57,76
OTHH,1,,domingo,1,23,52.63,62.89,236
LEMD,8,,sexta,6,57,100.00,-67.71,-11
SBBE,22,22,sexta,6,22,75.00,6.95,20
SBAR,18,18,quarta,4,30,76.67,6.67,23
SWKO,14,13,sabado,7,9,100.00,-3.88,13
SBGO,0,0,terca,3,20,90.00,-6.15,-1
SBLO,15,15,quarta,4,12,91.67,12.08,15
SPJC,22,,quinta,5,28,66.67,7.83,29
SBSI,13,12,segunda,2,15,86.67,-2.33,20
SNGI,15,15,segunda,2,41,87.50,2.03,37
MPTO,16,,terca,3,18,82.35,6.88,42
SNGI,10,10,segunda,2,24,83.33,8.83,49
SNCL,10,,sexta,6,6,100.00,-11.8,9
SVMI,18,,quinta,5,2,0.00,100.5,179
SBZM,13,13,domingo,1,7,100.00,-7.29,-3
SBTB,16,16,quinta,5,1,,,
SBPF,11,11,sexta,6,5,80.00,0.6,36
SSBV,22,,sexta,6,2,,,
SBRP,17,17,terca,3,2,100.00,-16.0,-14
LFPO,7,,sexta,6,1,100.00,-13.0,-13
SBFI,3,3,sabado,7,1,100.00,-11.0,-11
SBTE,20,20,sexta,6,1,100.00,15.0,15
SACO,10,,terca,3,1,100.00,-15.0,-15
SBGL,23,23,sabado,7,302,91.22,4.97,13
SBRF,12,12,quarta,4,479,85.39,7.97,25
SBRP,17,17,sabado,7,18,81.25,6.31,86
SBEG,17,16,quinta,5,185,79.21,6.78,31
SBCT,11,11,quinta,5,346,86.14,3.49,21
SBNF,18,18,sexta,6,80,79.49,7.95,39
SBPA,18,18,quarta,4,213,84.69,4.51,27
SBRJ,17,17,terca,3,391,82.63,4.32,31
SSUV,15,15,terca,3,50,80.65,0.97,34
SBRF,2,2,domingo,1,175,91.33,4.14,14
SBGR,15,15,segunda,2,909,78.71,12.6,30
SBBR,21,21,segunda,2,1099,89.72,3.89,17
SBUG,16,16,domingo,1,50,91.11,2.67,12
SBKP,23,23,quinta,5,840,84.50,12.55,23
SBMO,20,20,sexta,6,97,90.63,-1.73,12
SBJU,5,5,quarta,4,85,95.29,-1.54,3
SBCY,9,8,sabado,7,20,75.00,14.35,23
SBJR,11,11,quarta,4,43,69.23,16.23,75
SBRF,3,3,segunda,2,364,94.77,-1.51,5
SBBR,6,6,segunda,2,344,95.02,-2.51,7
SBAU,11,11,sexta,6,25,92.00,-2.28,13
SBGL,18,18,terca,3,415,77.09,12.44,41
SBFL,19,19,quarta,4,190,78.31,12.12,49
KATL,20,,sexta,6,48,68.75,15.96,64
SBPV,10,9,sexta,6,7,100.00,-6.86,-4
SBFI,4,4,sabado,7,41,97.50,-2.55,1
SBLO,13,13,segunda,2,30,73.33,5.57,24
SBSI,17,16,quarta,4,40,82.50,5.23,28
SBKP,5,5,quarta,4,56,91.07,2.63,12
SBFI,11,11,sexta,6,114,80.53,7.42,26
DNMM,21,,terca,3,12,75.00,4.08,63
LPPT,9,,sabado,7,80,50.00,22.29,47
SBMO,11,11,sexta,6,156,80.77,7.84,26
SBPF,10,10,domingo,1,47,91.49,-2.6,6
SBSJ,18,18,domingo,1,12,83.33,11.0,57
SBPP,10,9,segunda,2,40,82.05,19.56,56
SBCT,4,4,segunda,2,1,100.00,-11.0,-11
SBIP,18,18,segunda,2,8,66.67,6.0,64
SBMG,19,19,terca,3,88,75.86,6.72,39
SNTO,15,15,sexta,6,38,85.29,3.97,20
SBJU,18,18,sexta,6,25,92.00,0.04,7
SCEL,9,,sexta,6,18,88.89,5.28,21
KJFK,0,,quinta,5,51,82.35,3.35,28
SBPA,0,0,sexta,6,24,91.30,7.3,15
SBPV,17,16,segunda,2,12,50.00,13.33,34
SBBE,19,19,domingo,1,13,84.62,2.46,21
CYYZ,0,,segunda,2,33,12.12,578.15,1378
SBFL,4,4,sexta,6,29,66.67,43.59,188
SBPL,15,15,quarta,4,5,100.00,-3.4,11
LTFM,3,,sabado,7,11,90.91,2.45,14
SBFL,7,7,quinta,5,6,100.00,-8.4,-1
SBRP,8,8,sabado,7,52,96.00,-5.42,0
SBPL,23,23,quinta,5,3,100.00,-9.5,-2
SBRF,14,14,terca,3,22,86.36,-2.68,16
SBCN,13,13,quinta,5,12,91.67,-6.58,-5
KORD,23,,quinta,5,30,40.00,43.5,83
SBJI,14,13,segunda,2,16,62.50,13.44,43
SULS,16,,quarta,4,1,100.00,-1.0,-1
SBTE,0,0,quarta,4,8,87.50,1.63,30
SBLO,9,9,quarta,4,11,90.91,-4.55,10
SBCN,12,12,terca,3,7,100.00,-4.43,10
SBSJ,5,5,sabado,7,6,100.00,-1.67,12
SLVR,9,,domingo,1,4,0.00,102.0,185
SBPS,2,2,sexta,6,6,66.67,30.0,140
SBJA,20,20,domingo,1,1,100.00,-12.0,-12
SBBV,2,1,domingo,1,9,100.00,-5.33,8
DNMM,6,,sexta,6,1,0.00,41.0,41
KJFK,11,,segunda,2,1,100.00,6.0,6
SBPJ,9,9,domingo,1,1,100.00,0.0,0
SUMU,21,,sabado,7,1,,,
SBCA,20,20,quarta,4,6,80.00,-0.6,25
SBPV,12,11,terca,3,1,100.00,3.0,3
SBGR,14,14,sexta,6,1111,75.59,11.46,33
LPPR,8,,sabado,7,30,20.00,34.3,58
SBGL,11,11,sabado,7,445,81.45,5.27,29
SBCF,14,14,segunda,2,444,84.17,6.32,26
SBCF,16,16,quinta,5,341,77.55,8.96,31
KJFK,21,,terca,3,56,80.36,44.61,63
SBCT,10,10,quarta,4,239,83.90,5.22,23
SBPS,12,12,segunda,2,106,89.52,-2.86,17
SBSG,12,12,terca,3,188,79.68,7.58,26
SBGR,15,15,sexta,6,951,73.21,16.62,36
SBRF,11,11,sabado,7,182,87.85,2.93,21
SBBE,17,17,sexta,6,355,79.89,8.96,37
SBGO,23,23,domingo,1,7,57.14,16.57,34
SBSV,2,2,sexta,6,120,91.60,-3.59,13
SBPA,19,19,terca,3,255,83.33,5.37,32
SAEZ,21,,segunda,2,118,59.16,31.77,116
SAEZ,23,,sabado,7,101,71.72,18.38,45
SBRP,9,9,sabado,7,45,90.91,4.86,8
SBJR,17,17,sabado,7,18,100.00,-4.77,7
SBPA,15,15,domingo,1,217,88.37,2.69,18
SBCY,18,17,terca,3,133,78.03,7.8,41
SBBR,7,7,segunda,2,226,96.40,-3.02,5
SAEZ,16,,segunda,2,69,79.17,9.83,55
SBML,19,19,quinta,5,27,66.67,18.07,75
SBSR,19,19,quinta,5,89,73.86,15.95,80
SGAS,12,,sexta,6,54,85.19,3.43,18
SNBR,11,11,domingo,1,41,95.00,-5.15,9
SBRF,4,4,quinta,5,48,97.92,-4.6,0
SBUL,19,19,quarta,4,106,77.14,10.35,35
SBBE,3,3,sexta,6,101,84.16,1.31,20
SABE,9,,domingo,1,65,95.39,0.66,12
SBSV,6,6,sexta,6,155,97.37,-5.47,-1
SBFL,1,1,sexta,6,75,89.04,5.37,16
SBPV,4,3,sexta,6,53,69.81,21.19,36
SBRB,15,13,domingo,1,2,50.00,23.0,52
SBNM,12,12,quarta,4,49,87.50,10.54,99
SBFZ,21,21,terca,3,41,87.81,-0.22,18
SACO,9,,domingo,1,27,88.89,14.96,41
SBIP,18,18,domingo,1,23,73.91,10.26,68
SBPJ,23,23,quinta,5,5,100.00,-1.8,13
KMCO,20,,sabado,7,8,75.00,9.38,25
EGLL,19,,domingo,1,22,77.27,8.59,48
SBSI,17,16,terca,3,40,82.50,4.93,26
SBSN,4,4,sexta,6,49,93.88,-0.65,11
SGAS,1,,segunda,2,3,66.67,1.67,20
SBMO,20,20,quarta,4,91,91.21,-3.63,12
SBAR,14,14,quinta,5,25,92.00,0.08,0
SBCG,18,17,quarta,4,37,67.57,13.68,60
KDFW,0,,sabado,7,8,50.00,24.38,78
SBPL,17,17,quarta,4,1,100.00,-8.0,-8
SBGV,9,9,domingo,1,41,87.50,-0.95,19
SCEL,19,,terca,3,15,100.00,1.89,9
CYUL,22,,terca,3,22,61.91,62.0,68
SBUL,13,13,quarta,4,15,92.86,-5.43,-1
OTHH,11,,quinta,5,5,,,
SBTE,11,11,terca,3,12,83.33,9.58,50
SBVT,1,1,terca,3,6,66.67,32.33,225
SBAQ,17,17,segunda,2,3,100.00,-7.5,-5
SBJU,1,1,sabado,7,6,83.33,0.83,20
EDDF,7,,sexta,6,3,66.67,135.0,416
SBTE,19,19,domingo,1,5,100.00,-9.6,-5
SBTF,11,10,terca,3,4,100.00,-5.67,0
SBLO,17,17,sexta,6,4,75.00,1.75,28
SBIZ,14,14,segunda,2,8,100.00,-7.38,-2
SBRB,14,12,sabado,7,6,50.00,22.83,66
SGAS,21,,segunda,2,1,0.00,326.0,326
SBCT,1,1,sabado,7,5,100.00,-13.6,-9
SWPI,4,3,sabado,7,1,,,
SBIL,13,13,sexta,6,2,100.00,-11.5,-10
SVMI,19,,quinta,5,1,0.00,67.0,67
SAEZ,1,,terca,3,1,,,
SBVC,3,3,quarta,4,1,100.00,-10.0,-10
OTHH,22,,terca,3,1,,,
SBBR,8,8,domingo,1,1428,91.77,3.37,13
SBGR,10,10,quarta,4,497,85.44,5.87,24
SBGL,20,20,quinta,5,312,74.76,17.73,50
SBMO,5,5,terca,3,115,97.39,-4.11,5
SBCF,22,22,quarta,4,381,76.86,10.68,39
SBFZ,13,13,sexta,6,27,92.31,4.35,14
SBBR,21,21,quinta,5,1171,88.18,4.31,18
SBKP,7,7,terca,3,200,88.44,3.32,17
SBPA,6,6,domingo,1,118,99.15,-7.08,-2
SBCF,13,13,sexta,6,383,75.41,11.13,34
LPPT,9,,segunda,2,76,55.26,30.82,51
SBMK,9,9,sabado,7,52,88.46,1.81,17
SBMG,15,15,quinta,5,117,84.62,8.73,25
SBRF,17,17,sexta,6,434,81.27,8.76,30
SBCF,23,23,quinta,5,550,88.42,2.18,18
SBBE,11,11,terca,3,93,88.17,2.44,17
SBFL,22,22,quarta,4,104,78.35,-5.98,23
KMIA,23,,sexta,6,104,81.73,26.46,50
SBSP,7,7,sexta,6,896,91.07,4.03,14
SABE,11,,domingo,1,50,88.00,0.4,20
SBGL,7,7,segunda,2,795,86.47,5.36,20
SBUL,12,12,domingo,1,87,91.95,-2.68,15
SBKP,11,11,quarta,4,275,87.04,2.49,19
SBPS,10,10,quarta,4,40,67.50,10.25,31
SBGO,10,10,terca,3,199,85.93,4.29,26
SBNF,20,20,sabado,7,25,95.65,-3.26,6
SBFI,4,4,quinta,5,59,98.28,-1.57,5
SBSP,12,12,terca,3,851,80.78,7.18,28
SBSR,11,11,sabado,7,92,92.39,-2.23,13
DNMM,20,,quinta,5,17,85.71,8.93,62
SBSO,11,10,terca,3,16,81.25,3.75,32
SBPV,0,23,quarta,4,44,95.35,0.47,7
SABE,19,,segunda,2,49,50.00,39.52,75
SBBR,13,13,quarta,4,177,90.91,0.24,13
SBAR,11,11,terca,3,59,81.36,10.71,45
SBKP,4,4,quinta,5,47,95.24,-0.36,9
SBSN,3,3,quinta,5,51,92.00,-3.16,14
SBSI,17,16,segunda,2,40,90.00,5.15,15
SBCG,9,8,domingo,1,16,93.75,-3.44,11
SBSV,9,9,domingo,1,129,93.75,3.67,11
SBJP,3,3,sabado,7,148,83.56,2.79,26
SBAR,5,5,sabado,7,13,100.00,-8.31,1
SBCG,10,9,quarta,4,42,80.95,0.1,21
SBIZ,17,17,quinta,5,31,90.00,-1.77,9
SBPS,14,14,quinta,5,89,87.64,4.8,22
SBSR,15,15,quinta,5,72,72.46,15.28,73
SBCG,12,11,domingo,1,23,91.30,-3.43,13
SNDV,18,18,domingo,1,19,94.74,-1.53,10
KMIA,9,,terca,3,52,56.41,199.26,1104
SBPP,10,9,terca,3,4,75.00,6.25,28
SBCH,10,10,quinta,5,49,87.76,1.98,24
SBCG,14,13,terca,3,68,82.09,17.94,47
SBVC,10,10,terca,3,85,90.59,-3.28,14
SBVH,17,16,segunda,2,21,76.19,6.67,30
SGAS,13,,terca,3,22,81.82,3.73,21
SBPS,2,2,sabado,7,7,66.67,11.5,36
SBSG,9,9,segunda,2,27,92.59,-4.7,8
SBRP,10,10,domingo,1,55,94.55,-4.64,11
SBSL,12,12,terca,3,18,83.33,2.78,30
SBSN,3,3,domingo,1,38,97.37,-5.45,2
SBDN,14,14,sexta,6,35,88.57,1.37,17
KMEM,1,,segunda,2,34,91.18,2.56,13
LPPR,12,,terca,3,22,50.00,28.41,80
SBCG,8,7,quarta,4,15,86.67,7.67,26
SBPF,9,9,quarta,4,17,82.35,17.18,43
SAAR,3,,terca,3,2,100.00,-9.0,-8
SBKG,15,15,sexta,6,6,83.33,-4.0,16
SBFI,8,8,quarta,4,5,60.00,20.6,70
SVMI,2,,domingo,1,3,100.00,-12.0,-12
LEBL,21,,quinta,5,7,,,
SBVT,2,2,terca,3,4,100.00,-1.5,6
FNLU,18,,sexta,6,3,100.00,-646.67,-627
KATL,19,,quinta,5,4,75.00,2.75,31
SBPL,0,0,terca,3,3,100.00,-8.0,0
SPZO,14,,sexta,6,4,,,
SNCL,8,,sexta,6,4,100.00,-7.67,6
SBCG,22,21,terca,3,11,90.91,-1.73,-5
OMDW,1,,quinta,5,1,0.00,22.0,22
SACO,13,,sexta,6,9,66.67,13.0,73
SNBR,16,16,segunda,2,9,100.00,-12.44,-6
SBTE,22,22,segunda,2,3,100.00,-11.33,-8
SBML,16,16,domingo,1,1,100.00,-18.0,-18
SBVC,9,9,quarta,4,12,75.00,7.92,20
SEQM,2,,sexta,6,1,,,
TNCC,22,,domingo,1,1,100.00,-12.0,-12
DNMM,21,,segunda,2,1,0.00,347.0,347
SWPI,10,9,quinta,5,2,100.00,-13.0,-11
SBKG,0,0,terca,3,2,100.00,-10.0,-10
SASA,10,,segunda,2,8,87.50,6.13,24
SBRB,4,2,sexta,6,4,100.00,-9.75,-8
LTFM,11,,quarta,4,1,100.00,5.0,5
SBCT,9,9,sexta,6,242,87.98,3.41,19
SBCT,14,14,domingo,1,144,86.62,5.5,20
SBGR,1,1,sabado,7,370,76.74,40.28,78
SBGR,10,10,sexta,6,538,85.32,10.33,23
SBRJ,6,6,sabado,7,447,98.41,-4.99,-1
SBVT,16,16,terca,3,72,85.92,1.9,25
SBKP,14,14,quinta,5,370,80.89,8.57,32
SBMK,14,14,domingo,1,33,75.76,19.06,105
SBGR,15,15,domingo,1,896,79.25,8.61,29
SBGL,17,17,sabado,7,347,81.60,6.08,30
SBEG,9,8,quinta,5,169,91.52,7.12,12
SBGR,19,19,terca,3,409,70.76,13.77,39
ZBAA,4,,quinta,5,51,28.00,24.76,41
SBRF,22,22,quinta,5,403,82.17,5.2,31
SNBR,11,11,quinta,5,44,95.35,-7.07,4
SBCF,14,14,domingo,1,306,91.89,1.31,12
SBFL,14,14,domingo,1,106,81.63,42.67,58
SNGI,10,10,sexta,6,23,77.27,4.05,26
SBSG,17,17,domingo,1,96,89.36,2.16,18
SBVT,8,8,quarta,4,92,85.56,0.74,24
SNZR,16,16,quinta,5,18,100.00,-7.88,10
SAME,13,,sexta,6,9,66.67,30.56,204
KMIA,20,,sexta,6,96,52.70,20.76,89
SBVT,20,20,segunda,2,100,91.00,-1.36,14
OTHH,21,,quinta,5,7,42.86,23.71,55
SBSG,4,4,terca,3,56,92.73,-5.49,0
SBZM,9,9,sexta,6,11,72.73,20.18,35
SABE,0,,quarta,4,37,61.77,37.71,120
SBPJ,10,10,sexta,6,34,85.29,1.12,24
SBEG,12,11,sabado,7,198,77.55,7.1,32
SAEZ,5,,quarta,4,88,95.65,13.93,6
SBTF,14,13,quinta,5,9,100.00,-7.38,2
SBJP,17,17,quinta,5,66,90.77,1.69,13
SBFL,6,6,sexta,6,198,88.54,2.85,22
SBGL,4,4,quarta,4,24,87.50,-1.46,16
SBFI,13,13,segunda,2,79,89.74,1.47,18
SBSL,15,15,quarta,4,97,85.57,9.37,54
SABE,6,,domingo,1,44,93.18,3.0,13
KJFK,20,,terca,3,26,84.00,15.96,100
SBTE,12,12,sexta,6,81,75.31,8.1,38
SBNF,12,12,sabado,7,42,85.71,11.93,61
SBJP,10,10,domingo,1,81,90.00,-1.54,13
SBSG,11,11,domingo,1,69,89.86,-0.1,18
SBSI,11,10,terca,3,37,89.19,-1.0,16
SBBR,7,7,domingo,1,186,95.63,0.45,4
SKBO,18,,quinta,5,64,71.43,18.41,39
SBSG,11,11,sabado,7,91,85.56,7.52,23
LTFM,6,,segunda,2,9,77.78,10.11,35
SBPJ,5,5,quinta,5,9,100.00,-8.22,-3
SBCY,4,3,segunda,2,26,96.00,-3.12,6
EBBR,14,,quinta,5,21,0.00,114.5,189
SNBR,10,10,quinta,5,5,80.00,-5.0,28
SBPO,14,14,terca,3,51,82.35,4.35,57
SBAR,17,17,segunda,2,48,89.58,0.31,17
SBEG,22,21,quinta,5,44,90.48,8.21,15
SBVT,22,22,segunda,2,21,100.00,-6.81,0
SBRP,6,6,domingo,1,18,83.33,4.44,76
SBHT,15,15,sabado,7,52,94.12,3.92,10
SBPL,19,19,domingo,1,10,90.00,-1.9,5
LPPT,12,,sabado,7,9,44.44,11.78,29
KMEM,6,,quinta,5,13,84.62,-5.0,21
SBCY,9,8,terca,3,46,89.13,10.26,22
SBVC,4,4,quinta,5,15,100.00,-8.29,-1
GVAC,12,,quarta,4,1,0.00,83.0,83
SBKG,11,11,quarta,4,10,70.00,6.5,23
SBNF,1,1,quinta,5,1,100.00,-15.0,-15
SBKP,2,2,segunda,2,17,70.59,41.59,215
SGAS,15,,sabado,7,31,93.55,-13.81,-9
SGAS,11,,quinta,5,15,92.86,4.57,10
SBJP,6,6,domingo,1,1,100.00,2.0,2
SWPI,15,14,sexta,6,2,100.00,2.5,7
GVAC,17,,quinta,5,6,33.33,58.33,105
SBIZ,14,14,sabado,7,9,100.00,-7.89,-1
SBPJ,5,5,segunda,2,4,75.00,3.25,30
KMIA,16,,sexta,6,1,0.00,138.0,138
SBIZ,16,16,quinta,5,1,100.00,-14.0,-14
SGES,11,,segunda,2,2,,,
KBOS,11,,terca,3,1,0.00,34.0,34
EDDF,6,,sabado,7,9,22.22,100.22,224
SBPO,16,16,quinta,5,1,100.00,-16.0,-16
SNBR,10,10,sexta,6,1,0.00,51.0,51
EBBR,10,,domingo,1,2,50.00,21.0,39
KMIA,6,,terca,3,1,100.00,15.0,15
SBSM,12,12,domingo,1,1,100.00,-9.0,-9
SBNF,11,11,segunda,2,151,93.88,-2.65,6
SBJP,4,4,segunda,2,100,94.79,-3.11,8
SBBR,20,20,sabado,7,761,89.56,1.93,16
SBGR,8,8,quinta,5,1608,70.88,15.24,37
SBRJ,13,13,domingo,1,179,96.02,-2.95,6
SBMO,18,18,domingo,1,237,83.90,4.88,26
SBBR,8,8,quinta,5,1306,91.82,3.91,13
SBGR,17,17,sexta,6,1545,64.99,16.63,49
SBGO,10,10,quinta,5,205,85.22,2.62,19
SABE,19,,terca,3,97,55.91,20.46,57
SBMK,16,16,quarta,4,21,76.19,8.0,39
SBGR,2,2,domingo,1,74,72.86,14.36,43
SBFL,16,16,sexta,6,104,75.49,11.62,32
SBGL,12,12,terca,3,301,87.58,3.19,18
SBNF,5,5,sexta,6,66,93.44,3.26,2
KMIA,9,,sabado,7,46,29.55,358.95,1064
LPPT,13,,terca,3,174,43.02,27.56,51
SGAS,13,,sabado,7,35,88.57,4.97,19
SBAR,10,10,sabado,7,94,87.23,2.64,26
SBVT,17,17,terca,3,106,84.91,2.87,22
SBCF,16,16,sabado,7,209,91.79,0.48,14
SBPA,20,20,quarta,4,267,79.70,3.86,32
SBFZ,4,4,quinta,5,242,96.65,-4.04,3
SBCY,9,8,quarta,4,42,85.37,1.54,28
SBMO,17,17,segunda,2,153,90.85,0.42,13
SBFI,10,10,quarta,4,141,74.10,8.56,31
SBAR,13,13,domingo,1,26,88.46,-1.96,16
SBSP,16,16,sabado,7,439,89.12,1.29,17
EHAM,6,,quarta,4,92,50.00,20.6,40
SBLO,13,13,quinta,5,30,93.10,-1.21,12
SBFI,19,19,quarta,4,115,75.44,11.41,39
SBTB,16,16,sexta,6,49,87.50,-4.17,21
SBTE,16,16,terca,3,58,84.48,2.84,24
SBJP,4,4,domingo,1,136,91.18,0.65,9
SBFL,20,20,sabado,7,136,72.93,10.14,60
SBRD,15,14,quinta,5,43,74.42,16.42,42
KMIA,0,,quinta,5,56,60.71,192.55,900
SBPS,13,13,quarta,4,48,93.75,-2.1,8
SBPS,16,16,sexta,6,111,80.37,9.64,33
SBVC,16,16,quarta,4,52,80.77,4.29,26
SBJU,2,2,segunda,2,47,93.48,-4.93,6
LTFM,14,,segunda,2,34,70.59,14.59,28
SBGO,1,1,sabado,7,27,85.19,-4.19,21
SNLN,15,15,quarta,4,33,76.67,12.83,55
SBNF,5,5,sabado,7,61,91.38,6.57,12
SBRF,4,4,terca,3,100,92.00,4.5,4
SBNF,11,11,terca,3,143,92.96,-3.3,11
LPPT,18,,terca,3,18,83.33,8.78,29
TNCA,22,,quarta,4,13,84.62,86.69,17
SBUL,18,18,domingo,1,35,82.86,4.37,48
SCEL,0,,sexta,6,18,77.78,6.61,32
SBZM,10,10,sexta,6,2,100.00,-6.0,-6
SBZM,11,11,quarta,4,16,100.00,-5.4,5
SBDB,18,17,quarta,4,39,81.58,4.32,22
SBPL,5,5,terca,3,18,100.00,-8.0,0
SLVR,14,,segunda,2,25,62.50,37.0,101
LPPT,11,,segunda,2,16,31.25,27.06,52
SBFZ,7,7,terca,3,11,90.91,-0.64,-1
SCEL,10,,domingo,1,43,93.02,1.28,10
SBBV,3,2,quinta,5,53,96.23,-5.36,-1
SBIZ,17,17,sabado,7,31,96.77,-3.19,0
OTHH,21,,sabado,7,25,50.00,30.14,85
OTHH,2,,domingo,1,14,78.57,54.14,341
SBSI,14,13,quinta,5,27,92.59,-3.89,15
SBPA,23,23,sexta,6,23,86.36,4.09,31
SGAS,14,,domingo,1,6,66.67,49.67,236
SBCG,3,2,domingo,1,5,100.00,-10.6,-9
GVAC,19,,domingo,1,8,0.00,105.63,226
SBGO,23,23,quinta,5,13,92.31,-0.54,11
SEQM,3,,sexta,6,5,25.00,103.75,220
SBSI,12,11,terca,3,7,100.00,-4.29,0
SBCG,5,4,quarta,4,12,100.00,-7.58,3
TNCC,22,,sexta,6,1,100.00,-10.0,-10
SBVC,7,7,segunda,2,5,100.00,-9.8,-7
SBCG,4,3,sabado,7,4,100.00,-7.25,-4
SVMI,12,,segunda,2,1,,,
SDSC,9,9,terca,3,1,0.00,359.0,359
SBUL,18,18,quarta,4,8,75.00,-2.5,27
SKBO,21,,quarta,4,1,0.00,227.0,227
SBIP,13,13,sabado,7,1,100.00,13.0,13
DNMM,20,,segunda,2,3,66.67,59.67,181
SBGO,16,16,domingo,1,9,88.89,-0.11,26
SGAS,5,,segunda,2,1,0.00,21.0,21
MDPC,13,,sexta,6,1,0.00,160.0,160
SBGR,7,7,segunda,2,1563,84.56,6.89,23
SBSV,9,9,segunda,2,218,92.13,-0.4,10
SBIL,12,12,quinta,5,25,79.17,17.5,52
SBSP,18,18,sabado,7,338,88.39,0.77,19
KJFK,23,,sabado,7,20,80.00,63.15,36
SBCY,17,16,terca,3,126,76.67,11.16,47
SBCT,10,10,sexta,6,258,85.10,6.26,22
SBGL,22,22,domingo,1,703,80.75,9.33,27
SBGR,19,19,quarta,4,382,72.80,13.94,37
SBSP,19,19,quarta,4,805,71.38,10.11,39
SBCG,5,4,domingo,1,6,100.00,-5.83,3
SCEL,6,,sabado,7,151,88.59,4.27,19
LEBL,21,,domingo,1,14,,,
SBRJ,10,10,domingo,1,159,94.34,-0.86,9
SBRF,11,11,terca,3,198,86.22,6.29,22
SBCT,22,22,segunda,2,102,87.13,2.78,25
LIRF,17,,quarta,4,58,56.52,0.83,49
SBEG,17,16,quarta,4,188,77.17,9.06,49
SBGR,3,3,quarta,4,187,69.27,19.81,83
SBCY,4,3,quinta,5,28,92.59,-2.59,12
SBBR,1,1,quinta,5,53,92.16,9.49,13
SBFL,22,22,segunda,2,85,80.00,4.21,29
SBCF,11,11,sabado,7,226,88.84,4.63,19
SAEZ,23,,quinta,5,72,76.81,16.96,44
SBMA,4,4,domingo,1,63,93.65,-8.67,3
SBBR,16,16,segunda,2,215,89.25,1.15,17
SAEZ,8,,terca,3,14,100.00,1.45,14
SBNF,16,16,segunda,2,41,77.50,8.5,30
SBJE,12,12,quinta,5,25,91.67,3.08,14
SKBO,18,,segunda,2,64,79.69,8.78,35
SBTE,15,15,sabado,7,25,92.00,-4.68,4
SBCY,5,4,segunda,2,40,100.00,-9.67,-3
SBRJ,6,6,terca,3,459,96.66,-4.56,0
SBVC,13,13,quarta,4,40,79.49,31.13,123
SBSG,3,3,sabado,7,98,95.88,-4.93,9
SBBE,1,1,sexta,6,95,88.04,4.32,20
SBFI,17,17,quarta,4,90,91.01,3.79,15
MPTO,9,,domingo,1,8,,,
SBCT,16,16,quinta,5,102,73.27,12.63,45
SBGL,0,0,quarta,4,35,64.71,15.88,44
SBFZ,2,2,sexta,6,239,93.28,-1.71,10
SBUL,19,19,segunda,2,108,75.93,11.12,49
DNMM,0,,sexta,6,49,83.67,41.71,232
SBBV,1,0,domingo,1,13,92.31,-5.77,-1
SBPL,3,3,sexta,6,35,85.71,-1.8,23
SBSV,8,8,quinta,5,63,92.06,2.19,10
LEMD,18,,quarta,4,111,64.22,2.5,46
SBSR,16,16,terca,3,20,95.00,-3.0,12
SBUG,16,16,quarta,4,49,74.47,16.45,43
SBTE,5,5,terca,3,32,96.88,18.19,3
DNMM,19,,segunda,2,102,70.00,22.33,81
SBJV,10,10,terca,3,27,81.48,6.3,20
SBAR,12,12,domingo,1,106,85.71,2.48,24
SBCG,5,4,sabado,7,6,100.00,-4.5,4
SBCG,20,19,segunda,2,85,75.29,5.39,32
LEMD,11,,segunda,2,22,36.36,22.82,45
KIAH,23,,domingo,1,44,56.82,60.82,106
SKBO,16,,segunda,2,34,81.82,7.18,19
SBBV,4,3,sabado,7,16,100.00,-9.25,-5
SBIZ,14,14,terca,3,8,87.50,0.25,48
SCEL,13,,quarta,4,53,72.55,33.51,194
KMCO,22,,quarta,4,37,86.11,-1.25,18
SBJA,20,20,quarta,4,5,75.00,7.25,49
TNCC,23,,segunda,2,3,100.00,-17.67,-6
SBSM,12,12,sabado,7,9,100.00,-8.0,0
SBVT,1,1,sexta,6,7,85.71,24.57,220
SBRP,4,4,sexta,6,7,100.00,-5.43,-1
SGAS,16,,domingo,1,9,100.00,-31.0,-31
SBJU,0,0,sexta,6,32,90.32,2.77,8
SBMY,15,14,terca,3,9,77.78,0.67,40
SBMK,10,10,sabado,7,14,100.00,-12.15,-5
LEMD,2,,quinta,5,1,,,
EBBR,6,,quarta,4,3,33.33,108.0,204
GVAC,16,,segunda,2,1,0.00,832.0,832
SBSL,13,13,sexta,6,3,33.33,19.0,29
KLAX,20,,sexta,6,1,100.00,-85.0,-85
KFLL,21,,segunda,2,2,50.00,5.5,21
LTFM,19,,segunda,2,1,0.00,747.0,747
SBBV,14,13,quarta,4,2,50.00,11.0,25
SBPV,15,14,sabado,7,1,100.00,-11.0,-11
KMIA,19,,sexta,6,1,100.00,8.0,8
SBLO,14,14,terca,3,40,95.00,-1.38,6
SBJU,19,19,segunda,2,29,89.29,10.54,79
SBRF,17,17,domingo,1,506,83.84,6.57,30
SBSP,20,20,terca,3,801,77.92,6.48,30
SBCX,12,12,quarta,4,51,96.00,-3.18,7
HAAB,3,,sabado,7,52,34.38,27.06,46
SBRJ,15,15,sexta,6,320,83.06,5.37,25
SWPI,11,10,quarta,4,49,84.44,7.24,80
SBGL,9,9,sabado,7,320,91.54,0.67,13
LPPT,6,,quarta,4,142,47.86,34.56,49
LPPT,7,,quinta,5,43,69.77,28.6,49
SBBV,4,3,segunda,2,18,94.44,-5.39,-5
SBCG,18,17,domingo,1,31,93.33,3.2,14
SBPA,8,8,sexta,6,150,93.84,-2.67,6
MPTO,21,,terca,3,48,87.50,0.63,18
SBSN,15,15,sexta,6,58,98.28,-5.71,2
SBFL,16,16,terca,3,106,87.38,1.3,18
SBCJ,11,11,sexta,6,31,84.62,-0.96,33
SBJE,17,17,domingo,1,18,100.00,-4.83,5
SBIL,10,10,domingo,1,62,86.89,8.03,19
OTHH,1,,quinta,5,23,61.11,38.44,262
SBPO,15,15,segunda,2,15,80.00,6.67,69
SBMQ,3,3,quarta,4,97,93.75,-1.26,12
SBNF,14,14,quinta,5,104,78.43,5.4,29
SBCY,12,11,domingo,1,183,91.57,-0.54,11
SBNF,14,14,terca,3,130,79.69,6.01,36
SACO,2,,sabado,7,43,85.71,41.67,16
SBGO,22,22,quinta,5,27,84.62,0.5,19
SBVC,6,6,sabado,7,49,97.96,-2.92,-2
SBNM,19,19,terca,3,11,100.00,-7.09,-4
SBPJ,11,11,quarta,4,59,89.83,1.68,20
SBFL,0,0,segunda,2,16,81.25,4.5,49
SBVT,11,11,quarta,4,161,90.68,0.6,14
SBSG,16,16,terca,3,74,89.19,0.22,20
SBEG,5,4,domingo,1,29,96.43,-8.96,0
SBIZ,3,3,quinta,5,69,91.30,-5.19,11
OTHH,19,,sabado,7,53,60.87,28.26,152
SBPS,7,7,segunda,2,12,100.00,-8.42,3
SBBR,2,2,segunda,2,30,90.00,-2.8,11
SNHS,11,11,terca,3,32,80.77,9.96,74
SBMQ,14,14,terca,3,59,91.53,-0.46,11
SBMK,16,16,terca,3,32,93.75,-1.47,9
SBPL,19,19,sabado,7,6,83.33,11.17,125
KMCO,22,,quinta,5,29,93.10,1.14,7
SBTE,10,10,quarta,4,12,75.00,36.0,116
SBPL,11,11,quinta,5,16,81.25,-4.38,44
SBJP,5,5,quinta,5,23,95.65,19.04,10
LIRF,16,,quarta,4,18,50.00,27.31,62
KJFK,22,,segunda,2,27,65.39,46.5,143
SBNF,12,12,segunda,2,44,90.48,5.02,11
SBTT,19,17,quarta,4,40,75.00,3.35,33
SBNF,12,12,terca,3,44,97.73,-6.2,2
EBBR,7,,sabado,7,13,50.00,26.75,170
KBOS,10,,segunda,2,37,44.12,34.76,92
LIRF,5,,sabado,7,5,0.00,50.33,70
SBPL,13,13,sabado,7,1,100.00,-17.0,-17
SBSG,9,9,terca,3,28,92.86,5.64,14
SBTC,12,12,domingo,1,4,100.00,-4.5,7
SBJV,15,15,domingo,1,19,88.89,-5.44,19
SKBO,12,,segunda,2,42,78.57,29.45,44
SWPI,15,14,quinta,5,2,50.00,2.5,19
SNCL,13,,quarta,4,33,96.77,-7.13,2
SBCY,7,6,quarta,4,9,100.00,-2.86,0
DNMM,20,,sexta,6,4,,,
LPPT,15,,segunda,2,18,88.89,5.39,28
SWPI,2,1,sexta,6,1,100.00,-25.0,-25
KATL,22,,sexta,6,3,100.00,-1.67,0
SBLO,8,8,terca,3,12,90.00,2.3,11
SGAS,11,,sexta,6,1,0.00,60.0,60
SBSJ,0,0,sexta,6,4,25.00,93.75,195
SEQM,0,,domingo,1,1,0.00,33.0,33
SAEZ,10,,segunda,2,4,75.00,13.0,97
SBEG,7,6,sexta,6,5,80.00,10.6,309
SBCR,10,9,sabado,7,2,50.00,12.5,24
SBMG,8,8,segunda,2,7,71.43,183.14,1252
SKBO,13,,quarta,4,1,0.00,22.0,22
SGES,18,,quarta,4,1,100.00,-18.0,-18
SBCA,17,17,quinta,5,1,100.00,-15.0,-15
SBCT,15,15,sexta,6,349,75.86,9.22,35
SBBR,20,20,quinta,5,892,83.11,5.28,26
SBCF,9,9,quinta,5,501,90.73,1.86,14
SBBE,17,17,quinta,5,316,81.88,7.0,34
SBSP,7,7,quarta,4,867,91.12,2.8,14
SBTE,12,12,sabado,7,77,83.12,4.94,30
LPPT,10,,quarta,4,73,68.49,15.15,53
SBSP,8,8,sexta,6,994,88.46,3.08,17
SABE,13,,quinta,5,87,69.05,15.23,36
SBCT,9,9,domingo,1,216,89.20,1.22,17
SBMK,15,15,sexta,6,21,76.19,10.1,37
SBPA,19,19,quinta,5,254,75.70,9.15,42
SBRJ,9,9,segunda,2,296,92.71,-0.31,12
SNSS,11,11,sabado,7,30,84.62,6.54,50
SBGL,11,11,quarta,4,461,85.46,3.32,23
SBEG,14,13,quinta,5,42,87.81,0.9,17
SBNF,15,15,sexta,6,66,84.85,3.17,28
SBCH,15,15,sexta,6,40,84.62,12.31,52
SBCF,18,18,terca,3,458,78.03,10.04,45
SBFL,15,15,quinta,5,173,74.12,13.96,44
SBKP,22,22,sabado,7,459,80.48,7.72,28
SAEZ,21,,sabado,7,129,47.95,33.08,100
SNHS,9,9,quinta,5,18,88.89,1.72,36
EDDF,16,,sabado,7,69,86.00,6.04,20
SBSV,19,19,sexta,6,210,85.78,4.09,21
SBSV,7,7,terca,3,53,96.15,8.23,2
SBBR,23,23,sabado,7,154,93.46,-2.66,11
SBSV,17,17,segunda,2,301,78.93,16.01,32
SBCF,9,9,sexta,6,556,86.68,6.18,23
SBLO,5,5,terca,3,66,96.92,-3.34,-3
SBPV,2,1,quinta,5,47,91.89,0.54,10
SBSI,18,17,quarta,4,60,84.75,3.98,24
SLVR,10,,quarta,4,51,43.14,34.39,96
SBEG,15,14,domingo,1,82,91.43,1.56,11
SBSG,3,3,terca,3,120,88.33,-0.14,20
SCEL,23,,quarta,4,7,42.86,19.86,62
SBMQ,3,3,segunda,2,102,90.91,3.77,12
SBFL,13,13,segunda,2,87,86.05,5.63,22
SBSI,17,16,quinta,5,39,82.05,3.67,26
SBJV,11,11,domingo,1,71,92.86,-5.04,5
SSOU,16,,terca,3,15,83.33,5.92,20
SBMK,16,16,sexta,6,35,82.86,14.4,49
SBNF,8,8,segunda,2,58,77.19,7.81,30
SBMO,12,12,sexta,6,155,79.87,7.51,25
SAEZ,16,,sexta,6,89,74.19,0.84,81
KMIA,4,,sexta,6,23,81.82,5.59,35
SCEL,10,,segunda,2,37,89.19,9.41,17
SBTE,21,21,terca,3,51,90.00,-2.04,13
SBEG,21,20,segunda,2,50,91.49,3.57,12
SAEZ,2,,terca,3,57,66.67,76.78,216
SBPS,2,2,quarta,4,9,77.78,0.56,24
SBPJ,5,5,domingo,1,1,100.00,-4.0,-4
SNCP,16,16,quarta,4,18,100.00,-9.61,-7
SBPK,15,15,terca,3,26,80.77,7.5,94
SBLE,16,16,quinta,5,40,76.32,5.95,36
SBUL,12,12,quarta,4,51,96.00,-4.14,1
SBKG,11,11,sabado,7,9,77.78,30.67,291
KMCO,22,,domingo,1,25,92.00,-3.84,8
SBAR,13,13,terca,3,16,93.75,0.0,11
SKBO,16,,sabado,7,37,63.89,12.42,35
SBCA,9,9,quarta,4,12,66.67,40.17,123
KMIA,22,,sexta,6,6,66.67,30.67,179
MDPC,15,,segunda,2,40,44.44,22.75,78
SBEG,14,13,terca,3,54,92.31,-1.08,10
SBTE,2,2,terca,3,53,79.25,9.51,75
SBJV,8,8,sabado,7,33,96.88,-2.0,9
SBTC,16,16,domingo,1,26,65.39,16.08,50
KDFW,21,,quarta,4,12,41.67,18.92,47
SBPV,16,15,sabado,7,51,83.33,10.81,36
DNMM,1,,quinta,5,1,,,
SABE,5,,quinta,5,21,100.00,-0.3,3
SGAS,4,,quarta,4,11,100.00,-3.36,-2
SBSI,15,14,sabado,7,13,92.31,-13.46,-8
SBAE,14,14,quinta,5,1,0.00,215.0,215
LEBL,21,,sexta,6,14,,,
SBPS,21,21,domingo,1,3,66.67,10.0,34
EHAM,11,,quarta,4,1,,,
KMIA,18,,segunda,2,3,50.00,97.5,195
SBLO,6,6,sabado,7,1,100.00,-9.0,-9
SBCR,10,9,segunda,2,4,75.00,15.25,59
SBLO,17,17,segunda,2,4,75.00,14.25,69
SWPI,4,3,domingo,1,1,100.00,-9.0,-9
SBGO,21,21,sexta,6,3,100.00,-5.0,4
SBJP,1,1,domingo,1,1,100.00,5.0,5
SBJU,15,15,terca,3,1,100.00,-4.0,-4
OMDW,4,,sabado,7,1,100.00,8.0,8
SBGL,9,9,quinta,5,332,88.65,1.67,17
SBKP,17,17,segunda,2,775,79.89,9.57,31
SBGR,8,8,sabado,7,1649,74.62,12.17,31
SBGR,7,7,domingo,1,1499,81.63,7.78,25
SBGR,13,13,quinta,5,972,79.15,9.78,29
SCEL,17,,terca,3,80,90.00,12.15,14
SBNF,6,6,segunda,2,69,94.03,-5.61,5
SBMO,4,4,terca,3,65,93.85,0.55,4
SBPA,14,14,sexta,6,382,81.02,6.32,27
SCEL,13,,quinta,5,95,74.74,17.41,44
SBBR,11,11,terca,3,262,90.77,2.26,14
SBPS,15,15,quarta,4,84,81.71,2.0,25
SBKP,5,5,terca,3,57,89.29,-14.71,31
SAEZ,18,,sabado,7,77,68.42,14.58,72
SBRF,17,17,quarta,4,446,82.47,7.89,32
SBFZ,12,12,quinta,5,165,79.27,6.58,34
SBBR,22,22,segunda,2,165,85.89,4.24,29
SBBR,1,1,quarta,4,25,96.00,-4.44,0
SBPV,18,17,terca,3,22,86.36,1.95,17
SBLO,19,19,terca,3,86,84.52,3.98,38
SBRF,12,12,domingo,1,379,86.29,3.49,20
SBUL,20,20,segunda,2,93,82.02,5.79,35
SBCT,20,20,sexta,6,115,71.82,6.75,40
SBBE,16,16,sabado,7,148,89.04,1.11,18
SBMG,5,5,terca,3,86,91.57,3.04,10
SBUL,5,5,sexta,6,142,95.59,-5.18,-3
SBRP,6,6,terca,3,31,90.32,1.45,1
SUMU,18,,terca,3,47,84.44,1.47,24
SBCG,12,11,sexta,6,43,85.71,18.5,23
SBMO,4,4,quinta,5,72,97.18,-4.25,2
SBUL,14,14,sabado,7,83,81.93,4.46,28
SCEL,20,,quinta,5,37,77.78,20.39,63
DNMM,4,,domingo,1,3,66.67,21.33,84
SBBE,21,21,quinta,5,22,80.00,6.05,28
SBSV,3,3,segunda,2,79,96.15,-3.73,7
SBSV,22,22,sabado,7,15,100.00,-1.87,10
SBPV,21,20,quarta,4,1,100.00,-6.0,-6
SACO,0,,domingo,1,52,86.54,4.9,23
SBGV,12,12,sexta,6,17,76.47,1.0,19
SSUM,12,12,segunda,2,32,100.00,-15.71,0
SBUA,16,15,sabado,7,7,85.71,9.0,61
SBVT,17,17,sabado,7,73,86.30,2.93,29
SBJP,17,17,sabado,7,78,92.31,-1.54,13
SBFL,7,7,sabado,7,47,86.96,1.93,21
SBCH,14,14,sexta,6,33,84.38,5.31,26
SABE,20,,terca,3,54,84.91,2.79,31
SBPL,16,16,sabado,7,17,94.12,-1.35,9
SBCH,14,14,sabado,7,30,90.00,12.13,15
SBFL,21,21,domingo,1,112,87.96,6.25,25
EBBR,3,,sabado,7,9,22.22,87.0,226
SBJP,17,17,segunda,2,68,88.24,1.51,22
SBGO,12,12,sexta,6,70,80.00,3.43,24
SBGO,12,12,terca,3,64,90.63,-2.89,15
SBFL,22,22,sexta,6,71,93.94,-1.73,7
LFPG,19,,terca,3,22,90.48,5.29,14
SBRB,13,11,sabado,7,11,54.55,11.73,29
KIAH,22,,segunda,2,22,72.73,48.82,94
SEQM,16,,sabado,7,14,7.14,184.43,277
MMMX,21,,quarta,4,47,87.23,3.66,20
SBSN,2,2,domingo,1,16,100.00,-4.88,0
SBBE,21,21,sexta,6,13,84.62,1.46,17
SBPL,9,9,terca,3,5,80.00,2.0,26
SBCH,5,5,sexta,6,4,100.00,-9.0,-3
SBGV,10,10,sabado,7,6,83.33,0.5,30
SAZS,17,,quarta,4,5,100.00,-5.2,2
SBKG,11,11,terca,3,10,70.00,12.8,61
TNCC,17,,sabado,7,2,50.00,33.0,74
SBPS,6,6,sabado,7,8,100.00,-19.75,-5
SBPS,22,22,sexta,6,10,0.00,19.0,19
SGAS,11,,quarta,4,1,100.00,-16.0,-16
SCEL,4,,sexta,6,66,90.77,3.29,15
SAEZ,8,,domingo,1,81,82.76,8.83,60
SBBR,15,15,quinta,5,364,81.11,7.12,28
SBCF,10,10,quarta,4,258,85.10,2.1,24
OTHH,19,,domingo,1,43,72.22,14.56,46
SBKP,8,8,quinta,5,1001,91.27,2.77,14
SBGL,21,21,sexta,6,731,81.29,9.47,29
LTFM,3,,segunda,2,16,75.00,71.56,114
SBPA,6,6,segunda,2,194,95.34,4.35,0
SBEG,20,19,quinta,5,34,85.29,7.68,22
SBNF,17,17,quinta,5,68,83.08,4.77,30
SBCT,19,19,domingo,1,293,77.16,9.49,39
SBCF,20,20,sabado,7,137,83.82,2.5,31
SBGL,15,15,terca,3,403,77.27,57.47,64
SBSG,12,12,quarta,4,178,77.27,6.86,27
SBSP,22,22,sexta,6,304,82.47,3.57,24
SBPO,15,15,sexta,6,15,92.86,-5.0,6
SCEL,21,,domingo,1,60,79.31,6.6,31
SBPB,12,12,quinta,5,45,95.56,-3.8,-1
SPJC,11,,domingo,1,70,92.54,0.78,13
LEMD,18,,quinta,5,162,55.98,18.34,63
SBAE,10,10,quarta,4,50,84.00,2.1,40
SBGV,15,15,sexta,6,53,77.55,9.88,78
LPPT,19,,terca,3,69,39.71,23.34,46
SBIZ,4,4,quinta,5,33,87.88,5.3,18
SAEZ,18,,quarta,4,62,71.05,15.61,60
SBPV,3,2,domingo,1,61,86.44,2.93,25
SBNF,17,17,sabado,7,61,90.16,-3.89,13
SBMG,15,15,segunda,2,119,84.87,7.06,32
SBRF,20,20,segunda,2,135,83.58,6.08,25
SBCJ,17,17,segunda,2,65,86.67,0.1,34
LPPT,7,,sexta,6,45,46.67,35.96,86
SBPV,3,2,sexta,6,63,81.67,5.17,23
SNBA,17,17,sabado,7,30,86.96,-1.3,17
SBAU,11,11,quarta,4,23,95.65,-7.09,-4
SAEZ,23,,quarta,4,72,85.92,7.54,20
SAME,13,,domingo,1,18,55.56,18.83,49
SACO,17,,quinta,5,37,86.11,0.69,42
SBTE,4,4,sexta,6,98,96.94,-6.04,2
LSZH,17,,quarta,4,30,60.00,15.73,28
SSGY,11,11,sabado,7,44,87.88,0.12,16
SBIP,9,9,sexta,6,17,94.12,-1.06,9
LEMD,19,,sexta,6,113,32.14,42.18,133
SACO,14,,sexta,6,18,76.47,11.29,94
SBZM,14,14,segunda,2,43,95.35,-2.6,4
SAAR,12,,quarta,4,18,94.44,-3.89,10
SBIZ,4,4,sexta,6,34,87.10,4.84,16
SBSL,17,17,segunda,2,82,82.28,5.06,29
SBVT,22,22,terca,3,26,75.00,1.67,26
MROC,23,,sabado,7,17,76.47,9.41,65
SBNF,7,7,sabado,7,17,86.67,5.33,21
SBDB,11,10,terca,3,16,87.50,2.19,25
SBCH,10,10,terca,3,49,83.67,5.9,30
SBKP,0,0,quarta,4,20,60.00,122.3,212
SNLN,14,14,sexta,6,18,88.24,18.59,135
SBUA,13,12,quinta,5,13,100.00,-13.08,-7
SBMO,8,8,segunda,2,3,100.00,-14.33,-10
LPPR,7,,terca,3,22,85.00,12.5,60
SBCY,7,6,segunda,2,9,100.00,-2.25,0
KLAX,9,,quinta,5,16,0.00,218.08,352
TNCC,0,,segunda,2,12,90.00,137.1,11
SEQM,14,,domingo,1,2,100.00,-6.5,9
SBAR,20,20,quinta,5,6,66.67,12.0,66
SBTE,14,14,quarta,4,5,80.00,8.6,52
KMCO,14,,quinta,5,10,100.00,-2.5,1
SWPI,23,22,quinta,5,1,0.00,34.0,34
SBKP,2,2,sexta,6,6,80.00,221.0,1265
SBPL,20,20,sexta,6,1,100.00,-13.0,-13
SBPJ,16,16,segunda,2,1,100.00,15.0,15
SBIH,15,15,domingo,1,1,100.00,-11.0,-11
EHAM,14,,segunda,2,1,,,
OTHH,5,,quarta,4,2,100.00,-116.0,-116
FNLU,17,,sexta,6,1,0.00,341.0,341
MDPC,23,,sexta,6,1,,,
SBEG,11,10,sexta,6,1,100.00,-10.0,-10
SBRJ,21,21,quinta,5,148,82.07,2.47,32
SBSL,15,15,domingo,1,47,89.13,1.59,17
SBGR,13,13,sexta,6,1032,72.96,12.5,36
SBNF,19,19,segunda,2,169,79.50,4.02,30
SBMO,21,21,sexta,6,8,100.00,-6.25,15
SBCT,11,11,sabado,7,312,79.61,10.38,31
SCEL,13,,domingo,1,85,84.52,-3.37,22
SBSP,17,17,quinta,5,900,63.90,15.06,43
SBLO,19,19,sabado,7,112,87.50,-1.6,17
SBGO,8,8,domingo,1,31,100.00,-7.94,-3
SBEG,2,1,quinta,5,188,86.41,22.6,21
SBIZ,17,17,domingo,1,32,96.88,-5.0,7
SBFZ,16,16,segunda,2,91,68.54,13.84,49
SBCF,22,22,segunda,2,395,83.76,4.91,25
SBCT,17,17,domingo,1,238,78.63,8.92,36
SBVT,7,7,segunda,2,89,95.40,-3.82,6
SBCF,7,7,segunda,2,335,93.37,0.36,9
SBVT,9,9,segunda,2,143,89.93,22.06,20
SNCL,16,,quinta,5,32,100.00,-14.14,0
SBRF,15,15,sabado,7,89,86.52,3.08,19
SNAB,12,12,terca,3,32,88.00,0.28,17
SBFL,1,1,segunda,2,80,91.25,-0.41,15
SBEG,11,10,terca,3,36,86.67,31.37,28
SBEG,16,15,segunda,2,99,90.53,-0.53,13
SBCT,19,19,sabado,7,240,85.29,2.43,27
KIAH,20,,segunda,2,18,66.67,28.0,100
KJFK,0,,sexta,6,56,85.46,4.62,24
SBSN,23,23,quinta,5,18,94.44,-3.44,-2
SABE,20,,sabado,7,90,66.28,26.87,90
SBMK,12,12,terca,3,12,100.00,-8.5,-4
DNMM,15,,quarta,4,30,38.89,108.11,433
SABE,5,,terca,3,13,84.62,4.23,28
SBBR,4,4,segunda,2,82,95.00,-2.45,7
SBSR,12,12,domingo,1,86,91.67,-0.32,14
SKRG,1,,sabado,7,1,,,
SBFL,16,16,segunda,2,105,78.64,7.35,38
SAEZ,11,,domingo,1,34,66.67,28.58,49
SWGN,2,2,quinta,5,40,97.50,-6.43,-3
SBRP,15,15,domingo,1,48,85.11,1.17,31
SBUL,13,13,sexta,6,13,100.00,-7.23,5
SBBV,3,2,segunda,2,52,98.00,-4.52,2
SBUL,1,1,sabado,7,10,80.00,2.2,16
SBSR,5,5,quarta,4,67,96.92,-8.37,-3
SBPS,10,10,quinta,5,42,85.71,0.98,19
KMCO,13,,sabado,7,17,82.35,4.41,49
OMDW,20,,quinta,5,1,100.00,0.0,0
SWBC,11,10,sexta,6,36,94.12,-3.53,3
SBIZ,15,15,segunda,2,12,100.00,-10.83,-7
SBJE,16,16,quarta,4,50,82.00,2.46,30
SBVT,22,22,sexta,6,22,68.18,9.23,34
SBEG,19,18,terca,3,51,98.00,-7.96,0
SBMK,19,19,quinta,5,33,81.82,3.48,32
LEMD,21,,quarta,4,4,66.67,13.67,34
SBLO,18,18,domingo,1,52,86.28,3.49,31
SBCJ,9,9,sexta,6,1,100.00,0.0,0
LFPG,19,,domingo,1,22,72.73,15.36,46
SBSL,6,6,terca,3,4,100.00,-9.0,-7
LEMD,17,,quarta,4,5,75.00,8.25,19
SBVC,0,0,quinta,5,3,66.67,15.67,52
SBFL,7,7,terca,3,1,100.00,-30.0,-30
SBRD,11,10,quinta,5,5,80.00,1.6,19
SBSO,2,1,domingo,1,1,0.00,39.0,39
MDPC,21,,sexta,6,5,20.00,41.0,76
SACO,18,,quinta,5,1,100.00,-13.0,-13
SBMG,18,18,segunda,2,1,100.00,-5.0,-5
SPJC,17,,domingo,1,1,0.00,43.0,43
SBKP,14,14,terca,3,316,76.28,10.54,35
SBCT,17,17,sexta,6,236,71.49,15.22,44
SBUL,20,20,domingo,1,48,85.11,1.72,30
SBSV,11,11,quinta,5,340,86.61,8.21,19
SBTE,18,18,segunda,2,92,90.00,-0.58,14
SBKP,22,22,domingo,1,543,78.09,13.12,28
SBGR,22,22,sexta,6,1683,58.95,20.45,46
SBGR,12,12,quinta,5,1023,71.84,13.15,35
SBCF,21,21,sabado,7,363,87.88,1.24,18
SBSV,17,17,quarta,4,274,81.85,4.64,23
SBRP,5,5,quarta,4,46,92.86,-7.79,7
SBMO,18,18,segunda,2,183,84.27,3.85,31
SBPS,9,9,terca,3,113,83.64,6.63,31
SBCT,15,15,segunda,2,354,84.81,6.08,30
MPTO,20,,sexta,6,37,79.41,2.53,18
SBLO,12,12,quarta,4,38,97.30,-5.95,-3
SBSG,18,18,quinta,5,84,86.91,4.88,25
SBVT,19,19,quinta,5,180,68.21,12.45,39
MMMX,20,,domingo,1,51,94.00,1.28,6
SBFZ,6,6,domingo,1,61,98.36,-7.87,-3
SBKP,20,20,domingo,1,187,80.66,5.81,29
SBCA,19,19,sabado,7,106,85.15,1.33,20
SBJP,17,17,sexta,6,69,76.12,13.52,43
MPTO,17,,terca,3,331,91.67,1.53,13
SBKP,11,11,quinta,5,245,84.58,7.86,28
SBCY,11,10,quinta,5,144,86.11,2.79,18
SBBE,3,3,sabado,7,106,84.76,6.8,22
SBJV,10,10,sabado,7,29,79.31,4.41,47
SBBE,10,10,quinta,5,11,100.00,-3.7,0
SBMG,14,14,quarta,4,33,75.76,16.12,113
SBCA,14,14,domingo,1,34,84.85,3.36,29
SBCT,18,18,sexta,6,203,73.13,12.45,51
SBCH,20,20,sexta,6,39,73.68,4.55,36
SBBR,17,17,quinta,5,273,81.11,5.86,23
EBBR,3,,sexta,6,8,50.00,65.13,243
LFPG,18,,sabado,7,30,80.00,10.07,25
SAEZ,12,,quarta,4,63,98.36,-6.69,5
LIRF,4,,quinta,5,27,74.07,9.44,20
SBLO,7,7,sabado,7,15,100.00,-6.36,0
SBIP,19,19,quinta,5,1,100.00,-7.0,-7
KMCO,0,,segunda,2,31,93.33,-4.83,10
SBVT,12,12,sabado,7,41,97.56,-4.41,4
KMIA,10,,segunda,2,18,87.50,4.81,55
SBPS,23,23,quinta,5,1,100.00,-7.0,-7
SBNF,10,10,domingo,1,108,88.89,-0.51,21
SBIL,10,10,quarta,4,60,79.31,7.59,24
SBPA,16,16,terca,3,50,82.00,4.02,20
OTHH,7,,segunda,2,21,,,
SKBO,14,,sexta,6,55,88.46,7.96,27
SBPA,4,4,quarta,4,73,97.18,1.48,-1
SBMQ,13,13,segunda,2,13,84.62,9.15,40
SGAS,3,,domingo,1,28,96.43,-5.36,3
SBIL,12,12,segunda,2,24,75.00,26.25,26
KMIA,5,,terca,3,49,39.02,353.9,1127
SBFI,9,9,terca,3,31,90.00,1.63,14
SBCX,13,13,terca,3,33,93.94,-2.15,3
SBPA,0,0,segunda,2,25,88.00,1.84,27
SBMQ,14,14,quinta,5,47,82.98,4.66,34
SGAS,16,,quinta,5,8,,,
SBCJ,15,15,domingo,1,9,100.00,-6.67,1
SBSV,8,8,domingo,1,2,100.00,-12.0,-10
SBJV,8,8,quinta,5,30,96.67,-5.23,1
SBNM,15,15,quinta,5,5,80.00,-0.8,18
SBPL,11,11,terca,3,16,100.00,-15.31,-10
SAAR,1,,sexta,6,6,100.00,1.5,11
SBNF,21,21,sexta,6,8,75.00,4.63,37
KMIA,7,,terca,3,7,14.29,60.14,284
SGAS,19,,sexta,6,1,,,
KIAH,20,,quarta,4,18,50.00,39.33,176
SBIP,6,6,quinta,5,27,96.15,-2.92,7
SBSL,6,6,sexta,6,5,100.00,-7.8,0
SBMG,17,17,sabado,7,4,100.00,-4.75,-2
SBMQ,4,4,sexta,6,5,100.00,-8.2,0
SBGL,0,0,domingo,1,1,0.00,84.0,84
SBIP,15,15,quarta,4,1,100.00,-17.0,-17
SWPI,23,22,sabado,7,1,100.00,-28.0,-28
LEBL,21,,terca,3,11,,,
SBAU,13,13,sexta,6,13,100.00,-8.08,8
SBMO,1,1,sabado,7,8,87.50,0.25,33
KATL,22,,domingo,1,3,66.67,3.0,18
SBMG,7,7,sexta,6,4,100.00,-9.5,-8
SGAS,6,,segunda,2,4,25.00,-189.0,115
SBMQ,19,19,segunda,2,1,100.00,-8.0,-8
SKRG,0,,domingo,1,1,0.00,88.0,88
SBGR,20,20,segunda,2,688,72.31,21.26,43
SBFN,10,11,segunda,2,52,94.23,-0.29,2
SBJV,19,19,quarta,4,70,81.16,13.55,76
SBSP,9,9,quarta,4,907,90.35,1.38,15
SBRF,18,18,sexta,6,295,82.46,6.02,26
SBSP,6,6,sexta,6,1118,94.92,0.08,10
SBBE,13,13,sexta,6,253,94.02,1.14,7
SBMO,4,4,sexta,6,54,96.30,-2.72,0
SCEL,14,,sexta,6,181,85.29,2.86,20
SBRF,12,12,segunda,2,505,85.52,4.65,21
SBMO,2,2,segunda,2,109,93.58,-3.08,12
SBRF,5,5,terca,3,172,94.77,-3.48,1
SBGL,5,5,sexta,6,281,95.31,-2.4,4
SBRF,5,5,segunda,2,153,97.37,-4.87,0
SBFZ,5,5,sabado,7,55,94.34,-1.43,3
SBBE,1,1,domingo,1,88,90.81,8.94,12
SBPA,17,17,segunda,2,392,81.65,6.15,37
SBKP,22,22,quinta,5,537,78.34,6.78,30
SBRF,11,11,sexta,6,202,85.57,3.01,20
SBFL,4,4,segunda,2,38,74.19,77.23,316
SBBR,13,13,segunda,2,176,86.29,2.87,25
MDPC,18,,sabado,7,35,,,
SBPS,11,11,sabado,7,196,79.90,6.86,35
KDFW,22,,sexta,6,43,66.67,28.24,82
SKBO,9,,terca,3,45,75.56,7.73,25
SBGR,10,10,sabado,7,479,84.93,6.57,24
SBAT,16,15,domingo,1,30,93.33,-2.93,11
SBMG,15,15,domingo,1,113,83.49,5.82,21
SBMO,4,4,segunda,2,70,94.12,13.57,4
SBLO,5,5,domingo,1,61,93.22,4.1,11
SBRF,20,20,domingo,1,107,83.02,5.75,29
SBJP,10,10,terca,3,22,81.82,4.05,21
SCEL,6,,quinta,5,159,85.53,8.55,22
KMIA,23,,segunda,2,105,76.70,13.65,42
SAEZ,21,,domingo,1,109,52.06,37.08,114
LEMD,9,,terca,3,39,78.95,6.55,31
SBAR,17,17,domingo,1,77,83.12,3.78,27
SBSV,7,7,sabado,7,79,97.44,-3.45,-2
SBSR,13,13,terca,3,57,85.71,7.29,46
SBNF,7,7,sexta,6,34,93.75,2.63,1
SBMO,9,9,quinta,5,34,88.24,6.29,48
SBTE,15,15,quinta,5,39,92.31,1.74,14
SBCA,20,20,sexta,6,5,50.00,9.25,26
SBJV,14,14,quinta,5,12,100.00,-5.17,1
SBPA,16,16,quinta,5,56,78.18,7.13,26
SBFL,0,0,quinta,5,27,95.65,-10.87,9
SBSR,4,4,terca,3,13,100.00,-6.23,-1
SUMU,13,,sexta,6,78,96.10,-2.3,12
SCEL,22,,sabado,7,20,85.71,5.86,32
SBMA,3,3,domingo,1,23,86.96,1.74,25
SBMQ,15,15,domingo,1,54,88.68,1.15,21
SBCA,20,20,terca,3,6,100.00,-11.17,11
SBIL,9,9,quinta,5,20,84.21,4.0,54
EBBR,9,,sabado,7,1,0.00,139.0,139
SBSI,13,12,quinta,5,15,100.00,-7.86,3
SBKG,14,14,sabado,7,11,90.00,3.7,2
SBAU,11,11,quinta,5,23,100.00,-12.17,-5
SPJC,9,,sexta,6,31,87.10,2.94,29
SBJP,19,19,sexta,6,4,100.00,-15.25,-10
SBPS,2,2,domingo,1,5,80.00,8.6,49
SBPL,1,1,sabado,7,8,87.50,-1.25,20
SBLO,4,4,segunda,2,1,,,
SBJR,17,17,terca,3,17,55.56,15.11,59
SBCH,13,13,quinta,5,5,60.00,48.8,207
SBPJ,18,18,sexta,6,2,100.00,4.5,14
KATL,22,,sabado,7,5,60.00,24.8,84
SGAS,22,,segunda,2,1,100.00,14.0,14
SBRB,0,22,domingo,1,1,0.00,24.0,24
SBMO,9,9,segunda,2,35,93.94,1.03,0
SABE,14,,terca,3,133,74.44,15.28,60
SBGR,7,7,quinta,5,1528,79.54,9.15,29
SBPV,4,3,sabado,7,52,80.39,4.33,27
SBSV,9,9,quinta,5,207,93.14,-0.18,10
SBPA,7,7,segunda,2,195,90.77,1.44,15
SBCF,12,12,sabado,7,595,87.86,4.15,20
SBKP,23,23,sabado,7,782,84.97,3.78,26
SBSN,3,3,sexta,6,55,86.79,-0.53,21
SBEG,22,21,quarta,4,16,80.00,2.8,24
SBCT,7,7,terca,3,282,93.59,-2.27,4
SBMQ,13,13,sexta,6,36,72.22,10.61,61
SBCT,11,11,terca,3,339,86.23,3.12,20
SBCT,6,6,terca,3,206,93.04,0.71,5
SBBE,16,16,sexta,6,145,79.31,9.37,32
SBRF,2,2,terca,3,249,87.50,2.56,19
SBMG,14,14,sexta,6,40,87.18,15.67,53
SBPL,2,2,sexta,6,88,94.32,-4.97,7
SBMO,3,3,sexta,6,113,94.50,-3.9,8
SBKP,18,18,sabado,7,313,87.66,4.6,22
SBMA,4,4,sexta,6,73,97.10,-9.48,-4
SBFZ,10,10,domingo,1,101,94.00,-4.47,7
SBSI,16,15,quarta,4,39,79.49,10.9,69
SBSL,2,2,terca,3,109,91.74,-0.65,8
SBVT,14,14,quinta,5,72,67.61,15.79,46
SBRF,6,6,terca,3,31,100.00,-6.87,-2
SBGR,1,1,quinta,5,329,84.64,10.27,31
SBFI,12,12,sexta,6,41,92.68,-2.46,9
SNCL,8,,quinta,5,2,100.00,-18.5,-16
EHAM,6,,sabado,7,47,77.27,17.77,40
SBRF,2,2,quarta,4,349,92.46,0.92,11
SBFL,8,8,segunda,2,162,88.82,5.59,16
SBCF,1,1,segunda,2,52,88.46,2.04,16
SBJV,19,19,domingo,1,72,78.87,4.68,43
SBRF,10,10,sexta,6,193,91.10,1.3,15
LEMD,8,,quinta,5,69,61.29,17.06,49
OTHH,18,,quarta,4,16,60.00,17.2,29
SBJV,11,11,terca,3,79,94.87,-2.99,12
SAEZ,13,,terca,3,97,89.36,-0.3,20
SBSV,4,4,sabado,7,148,95.92,-2.57,4
EBBR,4,,quarta,4,28,33.33,77.85,155
SBAR,11,11,quarta,4,69,86.96,-1.19,18
SBCF,20,20,quinta,5,268,73.31,10.2,42
SUMU,15,,domingo,1,59,94.83,-4.76,3
KMIA,2,,domingo,1,1,0.00,210.0,210
SBDN,6,6,quarta,4,8,100.00,-11.38,-6
SBRB,2,0,domingo,1,52,90.20,-1.9,10
SBMO,12,12,terca,3,127,81.89,4.69,23
SABE,0,,quinta,5,42,76.32,39.24,203
SBEG,15,14,quarta,4,55,81.40,-2.84,25
SAAR,4,,terca,3,14,100.00,-10.5,-8
KLAX,19,,segunda,2,52,75.00,20.46,72
SBCT,21,21,sexta,6,62,72.13,7.95,33
SEQM,7,,sexta,6,1,0.00,43.0,43
SLLP,4,,sexta,6,5,,,
SBMA,2,2,segunda,2,56,94.55,-5.22,8
SPZO,18,,sexta,6,3,,,
SABE,5,,sexta,6,39,71.80,14.49,68
KIAD,23,,sexta,6,27,51.85,57.26,128
PANC,0,,domingo,1,35,74.29,14.23,55
SBNF,8,8,sexta,6,63,87.30,3.52,23
SBCG,15,14,domingo,1,3,66.67,11.67,35
SLVR,23,,sabado,7,3,33.33,52.0,82
SBRJ,16,16,sabado,7,47,93.62,-1.6,9
SBSN,6,6,quarta,4,5,100.00,-10.6,-1
SBRP,15,15,quinta,5,26,92.31,-3.77,6
SBCA,12,12,terca,3,16,87.50,3.31,21
SCEL,19,,sexta,6,18,100.00,-11.0,12
SBPK,20,20,quarta,4,2,100.00,-3.0,-3
SBFI,18,18,terca,3,14,92.86,-3.57,7
SBCH,14,14,terca,3,35,94.29,-1.09,11
LIMC,18,,quinta,5,1,100.00,9.0,9
SBPK,11,11,terca,3,1,100.00,-17.0,-17
LIRF,16,,segunda,2,13,30.77,44.08,83
EBBR,3,,terca,3,6,0.00,201.5,370
SNBR,10,10,terca,3,4,100.00,-2.0,8
SEQM,23,,sabado,7,1,,,
SUMU,10,,domingo,1,2,100.00,-17.0,-2
SBSO,11,10,quarta,4,18,72.22,3.72,23
SBGL,0,0,segunda,2,7,66.67,9.67,49
SBJA,19,19,quinta,5,37,83.78,6.54,18
SAEZ,8,,quinta,5,16,76.92,25.08,34
SBPS,2,2,terca,3,5,60.00,11.4,36
SAZS,14,,sabado,7,9,55.56,20.89,80
SWPI,2,1,domingo,1,1,100.00,-24.0,-24
SBSN,0,0,terca,3,5,100.00,-10.4,1
EBLG,11,,quarta,4,1,,,
SGAS,10,,quarta,4,1,0.00,47.0,47
SGAS,5,,quarta,4,1,100.00,-5.0,-5
KATL,1,,quinta,5,1,,,
SBGR,18,18,segunda,2,912,71.05,12.31,37
SBGR,22,22,domingo,1,1704,59.26,19.08,45
SBRF,17,17,terca,3,412,86.59,2.94,20
SBEG,3,2,domingo,1,154,90.00,2.71,14
SBPJ,10,10,quarta,4,33,90.63,0.06,11
SBCF,19,19,sabado,7,239,81.36,7.33,28
LEMD,19,,terca,3,133,44.64,46.07,137
SBRJ,19,19,sabado,7,73,86.30,2.36,26
SBRJ,17,17,quarta,4,391,82.85,4.34,25
SBBR,16,16,sabado,7,140,96.38,-3.41,7
SBVT,6,6,quarta,4,164,95.12,-1.21,2
SBGR,13,13,sabado,7,981,77.29,6.46,29
SBGL,16,16,sexta,6,403,85.00,6.0,21
SBBE,13,13,segunda,2,243,95.46,-2.22,3
SBRB,3,1,sexta,6,46,93.33,15.16,1
SBSG,11,11,sexta,6,89,88.64,2.73,19
SBEG,1,0,sexta,6,56,84.21,1.87,28
SBPA,13,13,quinta,5,242,85.83,3.78,23
SBFN,14,15,terca,3,100,82.83,7.57,24
SBVT,7,7,quinta,5,69,82.61,33.12,106
SBTE,18,18,terca,3,91,86.81,-1.49,18
KMIA,10,,domingo,1,68,85.08,26.34,51
SBVT,14,14,quarta,4,61,78.69,6.7,28
SBCT,17,17,segunda,2,248,81.56,7.04,29
SBBR,10,10,sexta,6,305,87.75,7.27,17
SCEL,21,,quarta,4,53,71.70,16.47,40
SBRB,1,23,quinta,5,6,83.33,-0.5,45
SBJP,5,5,sexta,6,18,100.00,-5.67,0
SBFL,5,5,segunda,2,261,98.06,-4.72,0
LFPG,5,,quinta,5,36,61.11,17.81,41
OMDB,2,,sexta,6,53,44.23,25.42,58
SUMU,18,,quarta,4,50,82.00,1.72,25
SBCH,10,10,segunda,2,49,85.42,7.31,40
LFPG,6,,sexta,6,72,49.30,27.63,66
SBBR,4,4,quarta,4,83,92.77,0.53,9
SBCY,17,16,domingo,1,170,83.23,3.55,25
SBJP,2,2,sexta,6,117,86.73,2.02,18
SBAR,11,11,sexta,6,71,84.51,-0.27,25
SBVC,17,17,terca,3,19,83.33,4.28,37
SBCX,16,16,segunda,2,17,84.62,-4.46,18
SBPJ,6,6,quinta,5,15,100.00,-7.33,-6
SBIL,16,16,quinta,5,11,72.73,10.09,40
SBCG,8,7,terca,3,15,73.33,14.73,79
SBMK,18,18,terca,3,19,94.44,-5.5,2
TNCC,22,,segunda,2,3,66.67,-429.33,89
KMIA,8,,segunda,2,7,20.00,45.6,169
SBJU,16,16,sexta,6,17,88.24,3.53,21
SBMA,2,2,terca,3,37,91.67,-2.83,13
KMIA,16,,domingo,1,9,25.00,191.88,438
SPJC,13,,quinta,5,18,,,
SBZM,9,9,segunda,2,13,69.23,12.54,51
SBCY,0,23,quarta,4,18,100.00,-9.35,-3
SWBC,11,10,domingo,1,7,100.00,-12.86,-3
KFLL,9,,domingo,1,19,78.95,11.58,61
SVMI,2,,quarta,4,3,100.00,-13.0,-11
SBBE,23,23,quarta,4,15,86.67,1.07,17
SGAS,16,,sabado,7,8,,,
SASA,9,,sabado,7,9,77.78,-2.0,28
GVAC,13,,sabado,7,9,0.00,155.63,343
SBPF,17,17,sexta,6,5,100.00,-8.4,-6
SKBO,5,,sabado,7,2,50.00,28.5,74
SBSI,12,11,quarta,4,8,100.00,-3.25,8
SBMO,23,23,quarta,4,1,100.00,-20.0,-20
SPJC,0,,segunda,2,1,100.00,-10.0,-10
SBVC,3,3,segunda,2,1,100.00,-9.0,-9
GVAC,14,,domingo,1,1,100.00,14.0,14
SUMU,7,,quarta,4,1,100.00,-10.0,-10
EDDF,7,,domingo,1,1,0.00,28.0,28
SBAR,19,19,terca,3,72,84.72,0.99,24
SBFN,15,16,sexta,6,53,86.28,-3.0,17
SBNM,12,12,domingo,1,49,100.00,-7.26,2
KIAH,21,,terca,3,17,82.35,61.12,34
MDPC,20,,terca,3,44,40.00,98.6,196
SBBR,14,14,sexta,6,466,81.39,6.03,28
SBTE,2,2,segunda,2,54,92.31,-0.83,15
SBCY,6,5,quarta,4,50,94.00,8.74,-4
SBSP,6,6,segunda,2,1104,94.94,-0.37,9
LPPT,13,,domingo,1,156,40.39,24.14,48
SABE,18,,sabado,7,158,78.34,8.09,35
SBIL,9,9,sexta,6,19,84.21,2.74,48
SBSP,13,13,quarta,4,848,77.69,8.01,28
SBBV,15,14,terca,3,51,92.16,-1.29,13
SBMG,9,9,segunda,2,23,86.96,-0.3,16
ELLX,16,,sexta,6,31,31.03,33.41,90
SBCG,20,19,quarta,4,101,80.81,7.06,44
SBFL,9,9,terca,3,108,84.16,17.77,22
SBRJ,11,11,sabado,7,207,94.63,-3.96,6
LTFM,14,,sexta,6,19,68.42,10.89,30
SBKP,21,21,segunda,2,279,81.96,8.61,27
SBRF,7,7,segunda,2,40,92.31,3.95,15
SBCG,11,10,sexta,6,128,82.03,6.59,27
SBEG,12,11,segunda,2,210,84.14,5.19,22
SBBR,17,17,terca,3,273,85.56,2.43,19
SBFI,10,10,segunda,2,143,80.99,7.87,29
SBML,18,18,sexta,6,23,91.30,-3.22,8
SBPL,1,1,sexta,6,20,90.00,-1.45,15
SBGR,5,5,sabado,7,349,85.80,5.47,24
SBMO,6,6,terca,3,18,100.00,-2.61,6
SBFL,13,13,sexta,6,100,81.00,8.61,23
SBSL,5,5,sexta,6,53,90.57,-3.26,12
SBLO,19,19,sexta,6,94,72.04,13.25,55
SBBE,23,23,segunda,2,46,89.13,1.28,20
SBKP,7,7,sexta,6,212,93.33,2.86,9
SBKP,19,19,segunda,2,184,81.77,8.06,32
SBPS,14,14,sexta,6,94,83.15,2.08,22
SBKP,11,11,sexta,6,349,83.28,8.49,27
SBSN,23,23,quarta,4,40,86.49,1.73,29
SBTT,19,17,sabado,7,34,91.18,7.82,15
SBSI,17,16,domingo,1,48,89.58,2.71,23
SBCT,18,18,quarta,4,186,83.61,6.95,23
SBCF,20,20,terca,3,235,78.51,6.66,39
GVAC,7,,sabado,7,22,18.18,92.09,285
SBMO,13,13,quarta,4,27,77.78,8.89,42
SBRJ,16,16,domingo,1,112,86.24,4.17,20
SBMA,14,14,quinta,5,46,95.65,-6.67,8
SBEG,20,19,segunda,2,69,96.83,-0.27,11
SBMG,6,6,sabado,7,86,90.12,14.26,4
SBTE,14,14,quinta,5,5,80.00,20.8,119
SABE,21,,quarta,4,19,100.00,-7.11,0
GVAC,16,,sabado,7,1,0.00,117.0,117
CYYZ,23,,domingo,1,30,40.74,40.33,134
SBIL,15,15,quinta,5,51,96.00,-7.22,6
SBCY,10,9,sexta,6,86,91.77,-0.64,12
SBVT,23,23,quinta,5,3,100.00,-9.33,-1
SBJU,6,6,terca,3,2,100.00,-19.0,-13
LFPG,6,,domingo,1,72,60.00,30.11,69
SBFL,12,12,quinta,5,69,87.88,7.0,22
SEQM,12,,terca,3,2,,,
SBIL,16,16,segunda,2,11,81.82,-1.82,19
SBMO,14,14,quinta,5,22,90.91,0.18,12
SBJU,18,18,domingo,1,32,93.75,-4.31,8
SBAR,15,15,sexta,6,15,93.33,-0.93,13
SACO,15,,sexta,6,10,70.00,46.6,127
SBSL,6,6,quinta,5,5,80.00,5.2,62
SBTT,19,17,segunda,2,41,87.50,5.23,20
DNMM,19,,quarta,4,3,100.00,-11.0,-8
SBCG,10,9,segunda,2,43,83.33,7.76,38
SAME,12,,terca,3,5,80.00,2.6,23
SBSG,22,22,sexta,6,31,60.00,18.2,33
SBCG,17,16,terca,3,14,57.14,24.5,63
SBJA,17,17,terca,3,1,100.00,-4.0,-4
SBPL,4,4,terca,3,15,100.00,-7.4,0
SBPF,9,9,sabado,7,13,50.00,63.92,183
SBGV,10,10,domingo,1,10,100.00,-8.3,0
OMDW,12,,terca,3,2,,,
SBPL,0,0,quarta,4,6,100.00,-5.5,8
SBAR,6,6,quinta,5,16,87.50,-0.63,27
TNCC,23,,domingo,1,4,100.00,-2.0,3
SAME,14,,sabado,7,1,100.00,-8.0,-8
KATL,22,,quinta,5,6,83.33,24.33,133
SBCB,13,13,domingo,1,1,100.00,-10.0,-10
SBSR,10,10,quarta,4,6,66.67,4.0,17
SWPI,3,2,terca,3,1,100.00,5.0,5
SBSN,5,5,sabado,7,3,100.00,-10.33,-9
SUMU,3,,terca,3,3,100.00,-1.67,9
SKBO,17,,segunda,2,5,100.00,0.8,15
SWPI,5,4,sabado,7,1,100.00,-18.0,-18
ZSPD,16,,segunda,2,1,,,
EHAM,10,,sabado,7,1,,,
SBUL,3,3,quarta,4,3,100.00,-4.0,10
GVAC,5,,quinta,5,1,100.00,-8.0,-8
SBRP,17,17,quarta,4,2,100.00,-1.5,2
SBPA,6,6,quinta,5,256,92.52,1.12,6
SCEL,1,,sexta,6,57,77.19,16.79,44
SBNF,19,19,terca,3,171,76.65,5.65,41
SBSV,18,18,domingo,1,207,82.93,3.63,27
SBJU,5,5,sexta,6,88,96.55,-3.52,0
SBPA,11,11,quarta,4,217,81.73,7.38,30
SBSR,20,20,domingo,1,102,84.38,-1.11,25
SBPA,20,20,segunda,2,274,76.56,7.23,34
SBSP,19,19,domingo,1,812,78.17,7.48,32
SBRJ,18,18,segunda,2,218,85.31,3.21,20
SBPS,8,8,sabado,7,52,80.77,7.02,27
LTFM,14,,terca,3,19,78.95,11.21,51
SBGL,21,21,quarta,4,611,87.81,3.02,19
SBPA,14,14,domingo,1,223,93.95,-2.61,5
KMIA,23,,quarta,4,104,73.08,24.95,51
SCEL,8,,terca,3,65,93.85,9.83,12
LPPR,6,,domingo,1,13,84.62,3.92,20
SBFL,15,15,domingo,1,214,87.14,3.33,26
KMIA,11,,terca,3,96,83.16,12.47,27
SBGR,20,20,sexta,6,789,65.66,16.42,46
SBRJ,9,9,sexta,6,304,90.41,0.31,14
SBGL,7,7,terca,3,769,87.97,4.18,19
MDSD,19,,sexta,6,19,,,
SAEZ,6,,quinta,5,42,90.00,-16.8,13
SBRJ,15,15,sabado,7,182,92.66,5.97,12
SBFI,14,14,domingo,1,145,82.64,5.68,24
SBPA,11,11,sabado,7,275,85.77,0.86,20
SBFL,0,0,terca,3,39,89.19,1.22,17
SBKP,18,18,quinta,5,398,73.27,18.87,48
SBRF,11,11,segunda,2,175,83.24,8.97,25
SBFZ,17,17,terca,3,169,82.14,4.37,25
SBNF,18,18,domingo,1,84,88.10,1.13,18
SBFZ,10,10,quarta,4,117,87.07,2.06,17
KJFK,20,,domingo,1,26,65.22,101.7,179
SBSV,2,2,domingo,1,84,87.81,-0.6,17
SBKP,16,16,quinta,5,208,77.30,8.38,33
SBPS,20,20,segunda,2,92,81.32,1.86,24
SBBE,16,16,quinta,5,118,76.32,6.68,27
SBBV,4,3,quinta,5,18,94.44,-4.94,1
SNBA,17,17,quinta,5,31,73.68,14.0,71
SGAS,18,,domingo,1,87,76.67,39.25,83
SSVL,10,10,sexta,6,48,94.74,-8.37,11
SBBR,4,4,terca,3,87,97.70,-3.89,4
SBBE,18,18,quarta,4,56,92.59,-1.24,12
SBUR,11,11,quinta,5,30,90.00,-3.43,15
SBSG,19,19,segunda,2,45,80.00,10.93,75
SBJU,16,16,domingo,1,52,86.28,3.04,30
SGAS,15,,segunda,2,2,100.00,-19.5,-14
SBUL,10,10,terca,3,101,85.00,7.99,37
EDDM,8,,segunda,2,22,77.27,8.27,33
SBPL,2,2,sabado,7,56,80.36,0.38,29
SBBV,14,13,domingo,1,12,83.33,4.5,20
SBNF,4,4,segunda,2,2,100.00,-0.5,2
SAEZ,2,,sabado,7,39,73.68,9.32,27
SNGI,12,12,domingo,1,8,100.00,-0.88,13
KIAH,23,,quarta,4,42,80.95,26.07,39
SACO,13,,segunda,2,22,86.36,3.0,28
SBAR,18,18,domingo,1,12,91.67,3.17,14
SBEG,23,22,terca,3,31,83.87,6.16,23
SBSN,16,16,terca,3,22,95.00,-6.8,2
SBUR,11,11,terca,3,43,90.70,12.02,15
SBIL,9,9,terca,3,20,80.00,12.85,17
LPPR,8,,sexta,6,70,44.29,25.16,60
SBBV,15,14,segunda,2,52,86.54,-2.38,20
SBJE,12,12,segunda,2,7,100.00,-0.86,11
SBMQ,19,19,terca,3,9,100.00,-8.44,-3
SBBV,1,0,sabado,7,21,71.43,74.81,25
SBPV,5,4,quinta,5,1,100.00,-10.0,-10
LPPR,10,,sabado,7,22,4.76,89.05,107
SBRP,11,11,domingo,1,18,83.33,-1.39,26
SPJC,14,,quinta,5,21,77.78,14.44,33
LFPG,5,,terca,3,31,61.29,19.61,38
MDPC,3,,quinta,5,18,88.89,-44.5,51
ELLX,17,,sexta,6,17,18.75,91.13,143
SBCH,18,18,segunda,2,21,95.24,-2.33,8
KMEM,5,,quarta,4,34,73.53,8.35,38
SBGO,0,0,domingo,1,16,87.50,-1.25,24
SBMO,10,10,quinta,5,23,82.61,3.3,31
SBIL,14,14,segunda,2,17,82.35,9.06,116
LFPO,8,,quinta,5,12,66.67,49.75,133
SBBE,19,19,quarta,4,11,90.91,-0.64,8
LIRF,5,,quarta,4,1,100.00,-10.0,-10
SEQM,3,,sabado,7,1,,,
SBJP,1,1,quarta,4,4,100.00,-6.5,-2
SBNF,23,23,sexta,6,3,100.00,-2.33,5
SBML,10,10,sexta,6,1,100.00,-12.0,-12
SBSN,1,1,segunda,2,3,100.00,-1.67,11
SBBR,18,18,terca,3,256,80.08,6.66,28
SBGL,21,21,segunda,2,652,84.35,4.93,22
SBGL,20,20,sexta,6,292,70.63,14.99,54
SBGR,12,12,domingo,1,1060,77.03,12.3,29
SBBE,22,22,quarta,4,26,87.50,19.21,16
SBSL,11,11,sexta,6,144,79.43,6.24,22
SBSP,12,12,sabado,7,625,89.02,2.74,16
SBGL,6,6,quarta,4,475,94.48,-1.65,5
SBSV,5,5,quarta,4,297,98.64,-4.23,0
SBBR,10,10,sabado,7,250,88.31,2.86,18
SBKP,14,14,segunda,2,329,80.37,9.24,30
SBFL,10,10,quarta,4,268,85.23,4.91,24
SABE,9,,segunda,2,93,73.12,18.01,72
SBIL,13,13,domingo,1,84,85.37,6.11,41
SBRJ,6,6,segunda,2,472,97.84,-4.04,0
SBRF,22,22,terca,3,419,82.57,6.18,27
SBVT,9,9,quarta,4,145,87.41,3.36,20
SBFI,9,9,quarta,4,41,73.17,15.78,35
SBGL,13,13,terca,3,395,87.95,4.97,18
SBBV,2,1,segunda,2,34,93.94,0.18,6
KMIA,21,,sexta,6,105,71.00,28.52,43
SBFL,10,10,terca,3,241,81.03,10.0,25
SBCT,15,15,quinta,5,353,79.25,8.94,37
KIAH,22,,quinta,5,23,52.17,121.83,752
SBFL,21,21,terca,3,54,94.34,-2.02,13
SBBR,13,13,sabado,7,162,88.75,2.0,18
SBFL,22,22,quinta,5,64,83.05,24.27,87
OMDB,2,,terca,3,51,54.00,23.24,51
SBCA,10,10,quarta,4,71,75.00,11.51,48
SBRF,21,21,sabado,7,117,85.85,1.08,22
SBMO,4,4,domingo,1,73,98.63,-4.03,0
SAEZ,14,,domingo,1,65,86.05,5.91,19
SBPA,5,5,domingo,1,344,96.19,-2.78,3
SBUL,19,19,quinta,5,93,82.61,7.55,31
SBJV,10,10,domingo,1,22,80.95,6.14,25
SBMO,3,3,quinta,5,106,94.34,-4.75,4
SBPJ,11,11,sexta,6,61,85.25,2.69,17
SBSG,20,20,sexta,6,3,66.67,13.0,32
LFPG,6,,sabado,7,68,46.27,47.25,59
SBAU,13,13,quarta,4,12,100.00,-9.0,-4
SBFZ,5,5,quarta,4,68,94.12,-6.18,3
SBEG,0,23,segunda,2,27,95.83,-6.17,15
SBMA,3,3,terca,3,31,96.77,-5.39,1
SBPV,2,1,quarta,4,54,83.02,18.98,26
SNGI,10,10,terca,3,26,100.00,-6.12,5
SBJA,9,9,quinta,5,25,88.00,1.56,16
KDFW,0,,segunda,2,8,42.86,43.29,215
SABE,7,,terca,3,8,87.50,-4.13,16
SBPL,4,4,segunda,2,14,92.86,-4.43,7
SABE,22,,terca,3,57,94.74,-3.75,12
SBFL,21,21,sabado,7,26,73.08,6.65,31
SBVT,16,16,segunda,2,102,74.71,16.89,74
SBAR,16,16,quarta,4,57,91.23,5.18,14
SBAR,12,12,terca,3,104,79.41,5.61,28
SBBE,20,20,sabado,7,31,63.33,17.0,57
SABE,0,,sexta,6,50,48.89,48.69,139
SBJU,17,17,sabado,7,14,50.00,20.14,54
SBNM,20,20,sexta,6,10,100.00,-10.5,-10
SBDB,10,9,terca,3,35,97.14,-8.31,4
SBMY,11,10,quinta,5,51,66.67,18.05,64
SNCL,12,,sexta,6,17,100.00,-10.0,0
SBCA,14,14,sabado,7,13,84.62,-1.31,21
SAZS,19,,quarta,4,9,88.89,-5.22,30
SSUM,15,15,quarta,4,18,76.47,20.35,125
LFPO,8,,sabado,7,9,66.67,11.44,24
SBSL,20,20,domingo,1,33,84.38,11.5,35
SBAR,13,13,segunda,2,17,94.12,-3.24,14
SBSR,12,12,sexta,6,31,90.32,0.45,4
SBIP,9,9,terca,3,16,81.25,5.25,33
SBTE,10,10,terca,3,11,90.91,-4.36,14
SAAR,1,,quarta,4,5,100.00,-2.2,4
SCEL,19,,quarta,4,17,91.67,-1.83,6
SBAR,20,20,sexta,6,4,50.00,58.5,128
EBLG,13,,segunda,2,2,100.00,10.0,10
SBCN,14,14,sabado,7,7,85.71,-3.29,21
KSEA,10,,quinta,5,1,0.00,153.0,153
SBVC,18,18,quarta,4,1,100.00,-13.0,-13
SBAE,5,5,sabado,7,1,0.00,67.0,67
EBLG,12,,quinta,5,1,,,
EGLL,12,,sexta,6,1,0.00,43.0,43
SBAR,3,3,sabado,7,65,92.06,-2.32,9
SBBR,20,20,domingo,1,871,86.13,4.32,22
SBSP,11,11,quarta,4,866,83.57,6.74,22
SBSL,3,3,segunda,2,92,93.33,-2.32,6
SBRJ,12,12,segunda,2,172,91.57,0.29,14
SBCF,16,16,sexta,6,339,77.25,9.8,34
SBCT,19,19,quarta,4,315,75.41,7.08,36
LPPR,11,,segunda,2,22,63.64,23.41,61
SBBE,5,5,quinta,5,135,89.63,-0.36,23
SBBE,7,7,segunda,2,78,94.87,2.87,1
SBPA,5,5,terca,3,436,95.16,-1.47,4
SBRF,16,16,terca,3,311,75.48,8.67,30
SBFL,10,10,segunda,2,206,79.13,6.97,29
SBGL,9,9,domingo,1,331,90.91,2.55,14
SBFI,16,16,terca,3,39,89.74,1.51,16
SBRJ,20,20,terca,3,279,86.18,0.02,22
SAEZ,14,,sabado,7,81,83.93,4.34,22
SBMA,14,14,domingo,1,48,95.56,-9.42,-5
SBJU,5,5,domingo,1,36,88.57,25.37,23
SBCY,18,17,quarta,4,114,75.44,12.32,38
SVMI,0,,segunda,2,31,63.33,15.53,57
SBGO,12,12,quinta,5,63,82.54,4.86,46
SBCG,19,18,terca,3,28,59.26,19.44,43
SGAS,12,,domingo,1,53,75.47,7.02,24
SBVC,5,5,terca,3,15,100.00,-5.33,2
SBRJ,21,21,terca,3,150,87.92,-0.85,18
SBZM,14,14,sexta,6,45,88.89,-0.51,16
SUMU,2,,terca,3,43,63.42,26.63,49
SBEG,16,15,quarta,4,116,83.19,9.13,42
SBUA,14,13,terca,3,29,82.14,2.89,39
SBBR,23,23,terca,3,158,85.26,2.21,25
SBPA,12,12,segunda,2,190,89.31,1.1,18
LEMD,18,,sexta,6,115,63.96,14.2,43
SBRF,18,18,domingo,1,268,84.35,4.56,23
SBCY,13,12,segunda,2,48,93.75,-0.63,3
SBPA,8,8,domingo,1,189,88.77,1.97,27
KMEM,6,,sexta,6,15,73.33,9.0,19
SBFZ,21,21,segunda,2,46,86.96,3.57,32
SBUL,15,15,segunda,2,96,76.84,14.05,49
SBLO,5,5,quinta,5,61,98.36,-2.98,-3
SBLO,14,14,domingo,1,5,80.00,-2.6,39
SBSV,9,9,quarta,4,204,92.65,-0.88,12
SBCA,9,9,sexta,6,14,76.92,20.08,69
SABE,22,,quarta,4,70,88.57,-5.04,16
SBBE,15,15,sexta,6,86,82.56,2.1,47
SBSN,4,4,segunda,2,48,91.67,-4.54,14
OTHH,3,,sabado,7,9,55.56,5.0,59
SBVC,6,6,quarta,4,32,90.32,-2.97,3
SBCX,11,11,quarta,4,21,75.00,-3.0,23
SBRP,15,15,sabado,7,108,87.96,2.11,23
CYYZ,0,,sabado,7,23,34.78,102.65,163
SBKP,5,5,quinta,5,74,86.36,8.35,23
SBPJ,4,4,sabado,7,66,92.42,-1.45,6
SBFN,10,11,quarta,4,51,92.16,-0.8,6
SBGO,7,7,domingo,1,13,100.00,-8.62,-4
SBIL,15,15,segunda,2,53,96.15,-7.27,1
SABE,19,,domingo,1,99,39.80,34.03,85
SBSR,20,20,quarta,4,46,75.00,8.7,41
SBNF,11,11,domingo,1,111,87.27,2.21,23
SBTE,11,11,quarta,4,12,75.00,4.33,22
SBAR,5,5,sexta,6,13,100.00,-8.46,-4
SBVC,10,10,quinta,5,83,84.34,2.65,18
SBVC,20,20,terca,3,5,80.00,1.2,59
SBJR,11,11,domingo,1,13,100.00,0.1,4
SNGI,15,15,quarta,4,40,97.37,-6.53,5
SBCY,7,6,terca,3,9,71.43,7.57,38
SBSJ,7,7,terca,3,22,,,
SBGV,10,10,terca,3,7,71.43,20.0,129
SBSI,18,17,quinta,5,61,83.05,3.95,23
SBCH,11,11,domingo,1,13,50.00,40.5,89
SBCH,12,12,sabado,7,4,50.00,17.0,55
SBSL,1,1,domingo,1,49,91.67,-2.0,9
SBTT,17,15,terca,3,17,70.59,8.41,44
SKBO,16,,quinta,5,40,58.33,22.06,60
SKBO,19,,terca,3,42,73.81,20.71,34
SACO,6,,quarta,4,15,93.33,0.53,15
SVMI,7,,sexta,6,11,40.00,104.4,389
SBRD,15,14,quarta,4,50,93.75,-0.13,13
SSUM,12,12,sexta,6,30,91.67,-7.88,0
EBBR,14,,sabado,7,22,9.09,104.91,154
SKBO,16,,terca,3,34,84.85,6.27,19
SBJR,7,7,sabado,7,9,100.00,-4.0,8
SLVR,12,,segunda,2,1,0.00,30.0,30
SBCN,12,12,sexta,6,7,85.71,-0.57,29
SBRP,14,14,terca,3,2,100.00,-8.0,-8
SBSN,1,1,quarta,4,2,100.00,-7.5,-3
OTHH,9,,quinta,5,3,,,
EBLG,22,,segunda,2,2,100.00,-245.0,-245
LTFM,1,,segunda,2,1,0.00,82.0,82
MPTO,9,,sexta,6,9,,,
SBMQ,12,12,sexta,6,2,100.00,11.0,13
SGAS,1,,terca,3,1,,,
SCEL,3,,sabado,7,9,37.50,30.63,102
SEQM,10,,terca,3,1,,,
EDDF,15,,quarta,4,1,0.00,30.0,30
GOBD,10,,quinta,5,1,0.00,41.0,41
SUMU,20,,segunda,2,1,100.00,-16.0,-16
SWPI,13,12,sabado,7,1,100.00,-17.0,-17
KMIA,18,,quarta,4,1,,,
SACO,8,,domingo,1,1,100.00,-3.0,-3
SBCF,9,9,terca,3,531,88.59,3.08,19
SBFZ,2,2,quarta,4,240,94.89,-1.66,10
SBSP,18,18,quinta,5,924,64.86,14.62,41
SBFZ,14,14,sabado,7,672,90.42,2.31,15
SBSG,16,16,sabado,7,136,90.37,-1.28,14
SBKP,13,13,segunda,2,899,81.13,9.77,34
SBRF,21,21,quarta,4,180,72.19,10.57,49
SBBE,13,13,quarta,4,198,92.86,2.55,13
KMIA,6,,quarta,4,49,26.09,533.76,1083
SBRF,20,20,quarta,4,141,74.64,10.62,35
SBRF,13,13,quarta,4,235,85.35,3.4,22
SBNF,9,9,domingo,1,52,90.39,3.1,15
SBRF,9,9,quarta,4,310,86.60,9.57,24
SBGO,0,0,quarta,4,21,90.00,-1.4,4
SBSV,5,5,quinta,5,321,96.20,-4.39,1
SBKG,1,1,quinta,5,16,80.00,11.73,50
SBIL,16,16,sabado,7,53,76.47,5.51,28
SBFL,7,7,domingo,1,52,94.23,-2.37,0
SBDN,15,15,sexta,6,53,83.02,13.02,64
SBGL,23,23,terca,3,350,90.57,0.65,15
SBPA,4,4,quinta,5,102,97.06,-4.94,0
SBPA,7,7,sabado,7,196,89.06,8.13,20
SBPJ,14,14,sexta,6,18,88.89,0.72,24
SBUL,11,11,sabado,7,78,89.61,-0.22,18
SBBE,6,6,sabado,7,133,96.24,-6.89,-3
SBFZ,16,16,terca,3,93,68.48,9.58,27
SBCA,10,10,domingo,1,53,89.80,1.02,29
SBPJ,12,12,sabado,7,8,87.50,-0.75,25
SBMG,14,14,domingo,1,37,94.60,-2.84,13
SBBE,4,4,sexta,6,51,94.00,-4.94,10
LEBL,8,,quarta,4,48,77.08,14.65,39
SBAR,3,3,quinta,5,51,88.24,-1.25,29
SBBE,13,13,terca,3,245,92.65,2.86,9
SBNF,12,12,quinta,5,41,80.49,6.56,44
SBPA,4,4,terca,3,89,98.86,-5.83,0
SBFL,8,8,domingo,1,62,96.77,5.23,0
SBBV,4,3,quarta,4,17,100.00,-8.71,-6
LIMC,8,,sabado,7,51,41.18,55.35,113
SBCG,16,15,terca,3,19,78.95,9.37,27
SBRP,16,16,quinta,5,56,72.73,10.8,66
SBPJ,11,11,quinta,5,57,92.98,-0.89,9
SBSG,19,19,sabado,7,82,90.12,-0.05,15
SBNF,6,6,terca,3,70,92.86,1.89,0
SBCY,11,10,terca,3,147,89.12,2.33,17
SACO,9,,terca,3,25,92.00,5.52,12
SBSL,19,19,terca,3,5,60.00,34.2,154
SBZM,15,15,terca,3,28,89.29,-0.57,28
SUMU,14,,quarta,4,32,90.63,-4.41,13
SGES,4,,domingo,1,3,100.00,9.0,15
EHAM,7,,terca,3,23,69.57,42.0,38
SSBV,22,,segunda,2,3,,,
SBPF,18,18,sabado,7,32,90.63,-1.31,15
SBFL,12,12,sexta,6,83,85.54,1.47,18
MMMX,20,,quarta,4,51,88.00,6.1,20
SBFL,21,21,quarta,4,68,74.07,13.37,46
SBVC,5,5,quarta,4,15,86.67,-4.6,17
SBSI,16,15,sexta,6,40,85.00,3.1,19
SCEL,20,,domingo,1,34,66.67,13.03,43
SBRP,16,16,quarta,4,56,81.48,9.54,69
SABE,13,,quarta,4,63,84.13,0.94,29
SPJC,21,,quinta,5,9,100.00,-6.22,12
SBMG,10,10,quarta,4,26,68.00,23.36,43
KEWR,20,,terca,3,5,100.00,3.25,13
SBFI,21,21,quinta,5,10,70.00,4.1,21
SBPS,2,2,quinta,5,9,37.50,46.5,254
SKBO,0,,quinta,5,41,78.05,26.63,37
SBEG,21,20,sabado,7,46,81.40,5.79,27
SCEL,22,,quinta,5,28,85.00,8.6,26
SAZS,19,,sexta,6,11,81.82,16.82,56
MDPC,21,,quinta,5,5,40.00,35.4,59
SWBC,10,9,domingo,1,34,86.21,0.14,37
EBBR,8,,terca,3,9,33.33,25.78,70
SPJC,22,,sabado,7,30,66.67,6.75,25
SBCA,20,20,domingo,1,1,100.00,-15.0,-15
SVMI,19,,domingo,1,21,0.00,70.0,70
SAAR,9,,domingo,1,13,84.62,-8.46,19
SBPL,5,5,quarta,4,23,91.30,-2.43,-1
SBJA,20,20,terca,3,11,100.00,-6.55,-3
SBTU,13,13,quinta,5,4,100.00,5.5,14
SBUR,19,19,sexta,6,2,100.00,-16.5,-14
KMIA,2,,quarta,4,2,50.00,291.5,598
SBCX,10,10,domingo,1,9,88.89,11.22,216
SWKO,13,12,sabado,7,2,100.00,-4.0,-4
SBAQ,17,17,terca,3,3,100.00,-16.67,-7
KEWR,20,,quinta,5,4,25.00,42.25,81
SPJC,5,,quarta,4,3,100.00,-29.33,-9
SBSG,1,1,domingo,1,5,100.00,-8.6,-7
EDDF,0,,terca,3,1,,,
EBBR,6,,terca,3,1,0.00,166.0,166
SNCL,15,,quinta,5,1,100.00,1.0,1
SBVC,3,3,sexta,6,3,66.67,63.33,209
SNZR,15,15,domingo,1,1,100.00,-52.0,-52
EBLG,3,,sabado,7,2,0.00,82.0,82
EBBR,8,,sabado,7,3,0.00,114.33,186
SLVR,12,,sabado,7,1,0.00,49.0,49
SBSN,1,1,domingo,1,1,100.00,-10.0,-10
SBPA,15,15,sabado,7,205,90.10,1.0,15
SBBR,21,21,sabado,7,1071,91.86,1.51,13
SBRF,22,22,sexta,6,438,85.55,4.91,23
SBGR,22,22,sabado,7,1466,67.20,14.28,41
SBFZ,19,19,terca,3,153,84.21,5.18,40
SBSP,21,21,quinta,5,731,68.48,10.46,38
SBCF,14,14,quarta,4,453,82.48,7.59,34
SBFL,14,14,segunda,2,44,88.10,3.4,20
DNMM,10,,sexta,6,8,87.50,11.75,176
SBFL,15,15,segunda,2,207,82.44,8.54,25
SBGR,13,13,domingo,1,1047,78.48,10.41,32
SBGR,3,3,terca,3,164,71.07,23.82,97
SBCF,15,15,domingo,1,328,84.36,5.16,25
SBLO,15,15,quinta,5,41,85.37,2.37,21
RKSI,16,,quarta,4,51,84.31,27.65,29
SBRJ,7,7,quarta,4,304,93.22,-2.76,7
SBBE,16,16,domingo,1,138,84.21,4.46,24
SBLO,7,7,quarta,4,17,100.00,-6.88,-4
SBBR,10,10,domingo,1,231,92.17,2.17,12
SBMG,8,8,sexta,6,30,89.66,-4.76,16
SBRJ,12,12,quarta,4,164,95.57,-3.59,4
SBKP,21,21,sabado,7,224,75.93,20.34,59
SBFL,16,16,sabado,7,111,81.98,3.47,39
SBPS,12,12,quinta,5,100,86.87,6.98,33
SBBR,19,19,sabado,7,90,90.00,2.93,14
SBCH,16,16,terca,3,8,100.00,-5.13,1
SKBO,18,,domingo,1,64,84.13,5.02,21
SBBR,2,2,sabado,7,30,93.33,-4.77,5
SBIP,6,6,domingo,1,30,83.33,12.9,105
KATL,0,,segunda,2,52,71.15,28.44,53
SPJC,1,,terca,3,118,76.92,7.55,34
SBCT,7,7,domingo,1,134,93.94,-4.64,0
SBUL,16,16,quarta,4,19,94.74,0.0,15
SBGO,20,20,sexta,6,121,75.00,9.02,40
LEMD,6,,terca,3,65,58.70,32.67,39
EDDF,9,,sabado,7,34,64.71,32.44,106
SJZA,12,12,segunda,2,33,90.63,-5.28,7
SBSG,13,13,domingo,1,80,78.75,4.75,24
SBPF,9,9,segunda,2,18,70.59,13.76,73
SBMG,5,5,quarta,4,89,91.86,2.63,5
OMDB,2,,quarta,4,51,52.00,26.7,80
SBCG,12,11,terca,3,30,90.00,2.3,15
SVMI,0,,quarta,4,28,96.43,-3.79,8
SUMU,11,,quarta,4,69,92.65,1.59,9
SBVT,21,21,sexta,6,68,80.88,5.01,37
SBJV,14,14,segunda,2,24,82.61,13.3,24
SBCY,6,5,domingo,1,34,97.06,2.47,4
SACO,14,,quarta,4,8,100.00,-9.43,0
GVAC,10,,quinta,5,14,0.00,189.43,415
KBOS,11,,sexta,6,9,33.33,46.78,120
SBIP,18,18,sabado,7,6,100.00,-12.0,-2
SKBO,20,,quinta,5,18,77.78,-77.28,46
SBCX,16,16,domingo,1,18,81.25,9.06,59
KEWR,21,,terca,3,24,58.33,64.71,162
SBCG,12,11,sabado,7,28,85.71,0.54,29
SBCT,21,21,quinta,5,79,61.77,90.97,424
SBCX,11,11,terca,3,21,94.44,2.39,0
SBCG,19,18,quinta,5,29,68.97,17.48,37
SABE,23,,quarta,4,18,81.25,3.56,21
LTFM,7,,segunda,2,8,25.00,333.13,955
LIMC,17,,domingo,1,3,66.67,9.67,17
SNBA,17,17,terca,3,34,75.00,11.54,65
SBIZ,14,14,sexta,6,9,100.00,-9.78,-6
SKBO,4,,sabado,7,1,,,
SBMK,14,14,sexta,6,36,77.78,7.56,35
EBLG,16,,segunda,2,37,56.25,15.44,56
LPPT,11,,quinta,5,14,50.00,19.64,42
SAWH,16,,terca,3,4,75.00,140.75,555
SYCJ,15,,segunda,2,13,72.73,221.64,1143
MDPC,11,,quarta,4,4,,,
SBDN,6,6,sexta,6,13,84.62,29.77,29
SBUA,15,14,domingo,1,1,0.00,28.0,28
GVAC,12,,quinta,5,1,0.00,73.0,73
SBNF,22,22,segunda,2,1,100.00,-12.0,-12
SBCF,0,0,domingo,1,17,88.24,-0.24,16
LTFM,1,,sexta,6,8,87.50,19.5,208
SBDN,17,17,quarta,4,5,100.00,-14.8,-9
SBJU,22,22,terca,3,1,100.00,-5.0,-5
SVMI,3,,sexta,6,1,0.00,58.0,58
SBPL,23,23,segunda,2,4,75.00,-0.5,36
SBMQ,4,4,segunda,2,2,100.00,-7.5,-7
DNMM,18,,segunda,2,1,100.00,12.0,12
SKBO,21,,terca,3,1,0.00,937.0,937
DNMM,3,,terca,3,1,,,
SBKP,2,2,quinta,5,2,50.00,39.5,77
LTFM,12,,segunda,2,1,0.00,23.0,23
OTHH,15,,segunda,2,1,,,
SBCF,12,12,quarta,4,508,82.90,6.07,27
SBRF,5,5,sexta,6,171,93.57,-0.91,5
SBKP,12,12,segunda,2,390,85.71,4.79,21
SBKP,20,20,segunda,2,133,65.91,12.61,43
SBCT,21,21,terca,3,48,82.98,7.87,43
SBRJ,15,15,domingo,1,282,89.89,2.49,16
SBCT,15,15,quarta,4,342,85.84,3.18,25
SBRF,19,19,domingo,1,148,84.35,3.28,31
SBBR,9,9,terca,3,1100,94.78,-0.6,7
SBBR,12,12,quarta,4,323,88.78,0.95,18
SBSL,11,11,quinta,5,148,80.82,5.27,24
SBFI,15,15,sabado,7,80,80.52,5.62,37
SUMU,20,,quarta,4,29,76.19,82.43,411
SBCH,10,10,sexta,6,52,90.20,6.75,15
LPPR,7,,segunda,2,18,66.67,15.56,39
SBEG,19,18,sabado,7,62,80.00,40.42,77
MDPC,15,,quarta,4,38,47.22,25.44,80
SBPS,15,15,terca,3,92,85.39,2.55,29
SBSV,17,17,sabado,7,355,84.42,3.56,23
SBSR,9,9,segunda,2,46,95.46,-6.43,4
SBCG,17,16,domingo,1,22,59.09,17.73,77
SBKP,21,21,terca,3,206,81.68,9.64,30
SBFL,9,9,domingo,1,107,94.23,-4.24,9
SBGO,8,8,sexta,6,113,90.09,-2.24,13
SBCT,13,13,domingo,1,117,92.31,-2.16,13
SABE,4,,domingo,1,87,96.55,-2.46,9
SBJU,12,12,domingo,1,57,78.95,6.46,30
SBEG,20,19,sexta,6,76,89.04,-0.05,17
SBFZ,22,22,quinta,5,64,73.77,9.82,37
SBCH,15,15,quinta,5,36,94.12,-2.35,13
SBPS,20,20,quinta,5,93,85.39,1.78,25
SPJC,2,,segunda,2,143,86.62,5.77,27
SBPV,2,1,segunda,2,37,89.19,-1.86,22
LIRF,8,,segunda,2,30,65.52,20.0,52
SBKP,10,10,quinta,5,233,87.17,3.91,19
SBVT,16,16,sabado,7,83,84.34,4.36,24
SBJE,2,2,quarta,4,4,100.00,-3.0,6
KLAX,7,,domingo,1,22,0.00,326.43,480
SAME,8,,sexta,6,53,83.02,44.02,53
SGAS,3,,quinta,5,17,100.00,-3.71,2
SBZM,15,15,segunda,2,28,85.71,3.61,17
SBSG,14,14,sabado,7,68,94.03,-5.75,6
SBJV,6,6,segunda,2,21,100.00,-8.24,-6
SUMU,2,,domingo,1,41,90.00,-1.4,10
SBFL,7,7,segunda,2,17,41.18,24.41,58
SBCJ,17,17,domingo,1,38,89.47,-3.5,25
EGLL,17,,segunda,2,70,88.41,1.57,18
SBJV,17,17,domingo,1,12,83.33,17.83,77
KMIA,12,,quinta,5,17,73.33,9.93,42
SUMU,21,,quarta,4,1,100.00,-19.0,-19
SBAX,15,15,terca,3,14,71.43,5.64,20
SBPV,10,9,segunda,2,5,100.00,-8.0,-2
SBRF,0,0,sabado,7,30,88.89,-3.67,23
SBSR,14,14,terca,3,11,72.73,14.45,38
SBFI,16,16,sabado,7,12,83.33,10.92,17
SAEZ,10,,terca,3,9,40.00,-0.4,52
MMUN,23,,quinta,5,6,100.00,-10.0,-9
SBVC,5,5,segunda,2,15,93.33,-2.53,10
SNSS,16,16,quarta,4,18,82.35,2.82,40
SBPL,5,5,sexta,6,24,100.00,-6.96,-2
SBSJ,5,5,segunda,2,7,71.43,33.29,252
SPJC,9,,segunda,2,31,83.87,8.97,39
SBKG,11,11,segunda,2,10,100.00,0.1,7
SBCY,7,6,quinta,5,9,100.00,-4.22,0
LIMC,19,,quinta,5,5,40.00,127.2,417
SBCG,8,7,sexta,6,14,92.86,-2.29,13
EBBR,15,,quarta,4,2,0.00,92.0,116
SBFI,1,1,quinta,5,1,,,
SBFZ,8,8,sexta,6,8,100.00,-3.38,1
LTFM,7,,quarta,4,11,18.18,182.09,432
SAZS,1,,segunda,2,5,40.00,25.4,85
KMIA,7,,sexta,6,3,0.00,138.33,203
SBKP,3,3,terca,3,1,,,
SWPI,18,17,domingo,1,1,0.00,103.0,103
SBDB,13,12,sabado,7,35,100.00,-8.69,-4
SBMO,9,9,quarta,4,33,96.97,-6.7,5
SBFL,19,19,segunda,2,216,69.95,19.66,63
SBGL,18,18,quarta,4,456,81.67,8.33,25
SBEG,12,11,domingo,1,191,78.84,10.79,33
SBGL,13,13,domingo,1,439,88.45,4.49,18
SBGR,14,14,domingo,1,1009,82.17,7.3,27
SBGR,5,5,quinta,5,357,85.43,5.62,21
SBVT,19,19,terca,3,175,77.52,5.79,35
SBFL,17,17,quinta,5,154,73.68,11.33,43
SBCT,5,5,terca,3,305,95.03,-0.35,5
KMEM,5,,sexta,6,35,71.43,8.63,23
OMDB,1,,domingo,1,52,73.47,11.86,36
LTFM,14,,quinta,5,33,78.79,9.7,23
SBJU,2,2,sabado,7,48,89.58,0.71,23
SBCY,12,11,sexta,6,166,87.12,-0.18,18
SBAR,11,11,quinta,5,59,91.53,-3.9,13
SBNF,13,13,domingo,1,30,86.67,-2.4,19
SBBR,2,2,sexta,6,31,93.55,-2.16,10
EDDF,17,,segunda,2,70,63.77,14.65,28
MPTO,18,,quinta,5,54,92.59,-2.02,8
SBGO,17,17,segunda,2,78,75.00,12.05,32
SBFI,20,20,sexta,6,78,81.82,7.44,33
SBPL,2,2,terca,3,74,85.14,0.62,27
SBTE,4,4,domingo,1,68,100.00,-5.78,3
SBCY,15,14,segunda,2,72,92.54,0.13,3
SBJU,12,12,terca,3,52,80.77,4.37,40
SBPS,9,9,domingo,1,74,80.82,10.01,22
SBJA,19,19,segunda,2,35,84.85,5.3,51
SBMQ,3,3,terca,3,109,88.99,-1.43,18
LFPG,5,,sexta,6,38,51.35,17.46,38
SAEZ,19,,sabado,7,59,81.08,4.78,28
KMIA,20,,quarta,4,32,67.74,11.29,77
SBSR,13,13,domingo,1,34,87.50,2.16,29
SBRP,4,4,quarta,4,8,75.00,29.5,230
SBMA,3,3,quarta,4,31,96.77,-1.94,0
LIRF,18,,segunda,2,45,81.82,6.32,19
EHAM,9,,terca,3,18,94.44,-37.44,-18
OTHH,17,,terca,3,14,57.14,33.86,104
SBFI,14,14,sexta,6,154,71.43,10.92,41
SAEZ,22,,domingo,1,67,80.00,7.93,42
SBUG,16,16,sexta,6,50,73.91,12.8,45
SBVT,3,3,segunda,2,8,87.50,-4.13,22
SBCH,9,9,domingo,1,44,88.10,7.19,25
SBSL,14,14,quarta,4,41,72.50,11.23,34
SBSG,9,9,sabado,7,24,91.67,8.83,12
ZBAA,4,,domingo,1,30,16.67,38.13,49
SBAU,11,11,domingo,1,24,95.83,-12.58,-3
KFLL,11,,domingo,1,6,100.00,-4.33,10
SBAU,14,14,segunda,2,22,86.36,-3.18,21
SBSR,7,7,quinta,5,20,100.00,-9.25,-6
SBUL,8,8,terca,3,17,81.25,0.5,34
SBIZ,15,15,terca,3,11,100.00,-9.18,-6
LSZH,18,,sabado,7,22,84.21,10.05,30
SBLO,15,15,domingo,1,20,100.00,-10.25,-3
CYYZ,23,,terca,3,29,55.17,28.24,77
SAZS,14,,quinta,5,8,75.00,7.38,21
SBMO,10,10,terca,3,26,80.77,11.96,69
SBPB,12,12,quarta,4,6,100.00,-9.5,-6
SEQM,15,,terca,3,2,0.00,114.0,198
SBEG,11,10,segunda,2,1,100.00,-6.0,-6
SBRP,20,20,quinta,5,7,83.33,-2.83,50
SBJU,6,6,quinta,5,1,100.00,-11.0,-11
LFPO,6,,sabado,7,3,100.00,4.0,11
SBFI,7,7,terca,3,1,100.00,-8.0,-8
LPPR,6,,segunda,2,1,100.00,-1.0,-1
SGES,12,,segunda,2,1,,,
SBFN,10,11,sabado,7,1,,,
SBLO,9,9,terca,3,1,100.00,-12.0,-12
SBTC,15,15,quinta,5,1,100.00,8.0,8
SBMQ,0,0,sabado,7,1,0.00,50.0,50
EGSS,18,,quarta,4,1,,,
SBFL,16,16,quinta,5,100,83.67,5.77,25
SBSP,15,15,quinta,5,898,65.95,14.77,40
SBBR,9,9,segunda,2,1126,93.70,2.77,9
SBGR,13,13,terca,3,918,79.39,9.71,28
SBPA,20,20,quinta,5,268,75.76,10.43,40
SBCF,15,15,quinta,5,374,84.95,5.41,25
SBCF,8,8,quarta,4,934,90.69,2.7,14
SBPA,9,9,sabado,7,217,85.45,4.97,26
SBPJ,14,14,terca,3,15,80.00,14.0,62
MPTO,23,,quarta,4,91,92.22,0.02,12
SBBR,17,17,segunda,2,282,82.86,3.37,23
SBSN,14,14,sabado,7,43,95.35,-1.88,7
SBKP,15,15,terca,3,246,74.06,41.33,56
SBBR,5,5,quinta,5,205,95.59,0.58,4
SBFI,6,6,segunda,2,33,96.88,3.28,6
SBCT,23,23,sexta,6,68,85.08,0.28,23
SBPJ,18,18,terca,3,60,91.53,-2.93,12
SBRF,4,4,quarta,4,111,97.27,-2.89,10
SBPA,9,9,quinta,5,303,84.67,6.95,27
SBRJ,6,6,sexta,6,478,97.37,-4.68,-2
SBJP,18,18,sexta,6,131,76.38,8.97,33
SBFL,23,23,quarta,4,48,93.02,-7.6,1
SBCZ,14,12,quarta,4,50,88.00,0.48,16
LIRF,4,,sexta,6,28,62.96,15.63,53
SBCY,17,16,segunda,2,158,70.70,12.14,38
LEBL,8,,domingo,1,52,69.23,15.38,48
SBMD,13,13,quinta,5,15,92.86,10.36,0
SBMO,15,15,sabado,7,12,91.67,-8.17,0
SBRJ,14,14,quinta,5,209,91.22,1.8,14
SBBE,14,14,quinta,5,62,70.97,9.23,30
SUMU,11,,terca,3,27,80.77,-0.58,18
SBJP,18,18,terca,3,122,83.90,1.2,22
SBEG,18,17,sabado,7,50,68.09,-19.87,246
SBCH,10,10,domingo,1,51,87.50,-0.71,22
SBCY,18,17,sexta,6,114,74.56,9.51,36
SBCX,11,11,sabado,7,12,80.00,-0.2,27
SBSG,5,5,quarta,4,74,97.22,-6.42,-1
SBFZ,20,20,terca,3,89,80.68,2.27,28
SBCY,3,2,quinta,5,192,86.77,2.3,22
SACO,3,,domingo,1,34,,,
LEMD,4,,domingo,1,21,,,
SBTE,16,16,sabado,7,59,83.05,2.39,34
SAME,12,,quarta,4,21,71.43,16.81,45
SBJI,17,16,sabado,7,12,50.00,17.58,57
SBNF,23,23,quinta,5,7,100.00,-10.14,-1
SBNM,14,14,terca,3,13,84.62,9.15,57
SBIL,20,20,terca,3,2,100.00,-10.5,-10
SBMQ,18,18,terca,3,32,78.13,3.53,29
SCEL,20,,quarta,4,30,80.00,6.53,21
SBCH,18,18,sexta,6,19,84.21,-5.05,17
KATL,19,,quarta,4,4,75.00,13.5,57
KMCO,20,,quarta,4,18,72.22,33.17,214
LTFM,13,,quinta,5,18,83.33,10.44,37
SBTE,10,10,quinta,5,13,92.31,-3.54,7
SBLO,14,14,sexta,6,35,88.57,0.4,21
EDDF,18,,quarta,4,21,80.95,48.43,33
SBPJ,5,5,sabado,7,6,83.33,0.5,16
KIAD,0,,segunda,2,22,57.14,54.57,56
SBBR,3,3,sexta,6,6,66.67,12.0,63
SBSL,23,23,domingo,1,4,75.00,-3.25,17
EGLL,19,,segunda,2,22,77.27,5.73,37
SEQM,23,,quarta,4,6,50.00,133.5,330
SBPV,3,2,terca,3,27,70.37,5.3,33
SBDN,6,6,terca,3,7,100.00,-12.0,-8
SBSJ,18,18,quarta,4,11,90.91,10.73,3
SBLO,4,4,quarta,4,1,100.00,-6.0,-6
LSZH,18,,terca,3,22,86.36,10.86,18
SBGO,23,23,sexta,6,9,75.00,8.75,37
SBRF,0,0,segunda,2,11,100.00,-2.09,10
SBCA,22,22,domingo,1,8,100.00,-14.0,15
GVAC,10,,terca,3,6,0.00,258.83,693
SBSG,1,1,segunda,2,7,100.00,-5.0,9
SBAE,11,11,segunda,2,8,100.00,-11.0,8
SNCL,17,,terca,3,3,100.00,-9.0,-3
SVMI,23,,quinta,5,1,100.00,-6.0,-6
SWPI,10,9,segunda,2,1,100.00,-10.0,-10
KLAX,6,,quinta,5,1,100.00,-38.0,-38
SBJU,13,13,quarta,4,1,100.00,-8.0,-8
SBVT,3,3,terca,3,6,100.00,-8.17,-6
SWPI,3,2,sexta,6,1,0.00,19.0,19
SBPO,16,16,segunda,2,1,100.00,-9.0,-9
OTHH,21,,quarta,4,2,50.00,9.0,20
KORD,6,,quinta,5,1,,,
SWMW,15,14,quarta,4,3,100.00,8.0,8
SBAE,14,14,segunda,2,1,100.00,-15.0,-15
SWPI,9,8,sabado,7,1,100.00,-3.0,-3
SBRJ,14,14,domingo,1,235,94.27,-1.09,9
SNEB,16,16,sabado,7,30,95.24,-11.95,0
SBGR,5,5,terca,3,471,82.84,10.27,27
SBBR,17,17,sabado,7,201,91.50,-1.65,13
SBGL,22,22,quinta,5,718,83.89,5.56,27
SBGR,5,5,quarta,4,342,81.98,7.98,31
SBGR,15,15,quarta,4,947,77.21,8.9,30
SBRJ,14,14,segunda,2,226,86.43,3.55,19
SBVC,19,19,quarta,4,15,93.33,3.93,12
SBPS,18,18,domingo,1,152,78.81,5.34,28
SBFN,15,16,segunda,2,52,90.20,-3.65,14
SBSG,16,16,domingo,1,92,80.44,5.63,24
SBCT,13,13,quinta,5,161,90.00,1.96,15
SBCY,11,10,segunda,2,113,86.49,7.86,17
KMCO,21,,quarta,4,51,90.20,-4.92,14
SBVT,15,15,quarta,4,125,78.86,7.85,45
SBCT,16,16,terca,3,72,85.92,5.8,34
SBGR,2,2,terca,3,88,67.47,42.43,79
SBSV,2,2,quinta,5,115,90.99,-3.57,13
SBRF,13,13,sabado,7,314,86.54,5.82,22
SBGO,19,19,terca,3,201,81.41,5.35,27
SBCT,11,11,segunda,2,338,84.80,6.41,24
SBCT,6,6,quinta,5,184,95.63,-2.99,4
SPJC,1,,sabado,7,174,81.87,6.96,31
SABE,12,,quinta,5,61,65.00,20.38,62
LTFM,3,,quarta,4,20,70.00,54.05,166
SBPS,17,17,domingo,1,118,80.34,7.45,28
SBKP,7,7,quarta,4,222,89.91,1.94,16
SANT,11,,sabado,7,9,77.78,5.44,20
SLVR,10,,segunda,2,52,26.92,50.21,109
SBPK,12,12,quinta,5,41,90.24,1.29,7
SBGL,5,5,segunda,2,265,95.42,-1.63,3
SABE,6,,segunda,2,99,81.82,8.24,25
SSOU,11,,terca,3,36,82.14,27.57,92
SBJU,16,16,sabado,7,47,82.98,3.72,20
SBCG,22,21,sabado,7,13,92.31,-0.85,3
SBFZ,7,7,sexta,6,11,100.00,-6.55,1
SBBR,1,1,domingo,1,25,92.00,-0.28,12
SCEL,21,,quinta,5,47,76.60,11.68,47
CYYZ,0,,sexta,6,25,28.00,61.76,158
SBSG,17,17,segunda,2,138,85.29,7.9,26
EDDF,16,,sexta,6,71,83.02,7.15,21
LFPG,18,,quarta,4,30,86.67,35.87,20
SBSO,11,10,domingo,1,10,90.00,3.9,13
SBGO,5,5,quinta,5,194,97.41,-5.97,0
SABE,12,,segunda,2,59,76.27,10.37,36
SBSL,4,4,sabado,7,76,90.79,-2.51,13
SBTT,19,17,domingo,1,42,89.47,-3.76,27
SBDN,15,15,quinta,5,51,74.00,19.02,84
SBPA,16,16,sexta,6,44,77.27,8.86,33
SABE,0,,segunda,2,54,49.02,87.24,319
SBTE,2,2,quinta,5,52,84.31,0.69,23
EDDM,8,,sexta,6,22,86.36,-0.09,20
SBUL,9,9,quinta,5,13,92.31,-2.15,8
SBKG,21,21,segunda,2,46,83.72,2.14,40
SBAR,16,16,terca,3,37,89.19,5.05,18
KJFK,21,,sexta,6,57,80.36,26.54,33
SBPV,2,1,sexta,6,57,80.00,4.93,41
SBMO,21,21,quarta,4,13,100.00,-7.69,-3
SAEZ,20,,sexta,6,12,66.67,27.83,157
LEMD,10,,quarta,4,10,87.50,8.0,18
SBBR,1,1,terca,3,25,96.00,-2.28,2
SBZM,15,15,sabado,7,32,78.13,12.75,34
KJFK,19,,domingo,1,9,88.89,4.0,27
SAME,3,,terca,3,14,85.71,21.21,184
SBZM,11,11,segunda,2,17,82.35,20.71,110
SBIL,19,19,quarta,4,10,90.00,4.4,-1
SACO,9,,quinta,5,26,84.00,12.8,23
SEQM,7,,segunda,2,1,100.00,8.0,8
SNCL,13,,segunda,2,41,92.11,-9.95,4
SBMK,20,20,quinta,5,16,93.75,-1.19,0
SBJU,19,19,terca,3,23,100.00,-8.96,-3
SBIL,13,13,segunda,2,3,100.00,-9.0,-8
SBAE,11,11,quarta,4,1,100.00,-11.0,-11
EBBR,8,,segunda,2,5,0.00,152.6,304
SBDN,6,6,segunda,2,8,85.71,-2.14,32
LFSB,4,,quarta,4,4,0.00,284.5,697
SBJA,9,9,sexta,6,21,90.48,2.67,6
SBKG,3,3,quinta,5,1,100.00,-12.0,-12
SBLO,20,20,segunda,2,4,50.00,55.25,209
SBCG,3,2,sexta,6,6,83.33,5.5,76
EDDF,12,,quarta,4,1,0.00,283.0,283
SBSL,14,14,domingo,1,3,100.00,-4.67,0
SSGY,11,11,domingo,1,1,100.00,-12.0,-12
SKBO,11,,quinta,5,1,0.00,77.0,77
GOBD,19,,segunda,2,1,0.00,176.0,176
CYYZ,19,,domingo,1,1,,,
SUMU,7,,quinta,5,1,,,
SBBR,12,12,domingo,1,211,95.71,-3.17,7
MPTO,17,,quarta,4,264,92.05,1.81,12
SBSN,4,4,quinta,5,28,89.29,0.18,32
SBCA,19,19,segunda,2,116,75.00,6.48,31
SBRF,15,15,quarta,4,163,82.10,6.76,30
SGAS,12,,quarta,4,49,85.42,1.88,26
SBSV,3,3,domingo,1,116,97.41,-4.28,5
SBFZ,1,1,terca,3,39,89.74,2.67,28
SBCF,22,22,sabado,7,388,89.47,1.86,17
SBCT,12,12,segunda,2,137,86.82,3.22,26
SBMO,12,12,segunda,2,154,76.62,9.4,30
SBEG,15,14,sexta,6,65,90.48,1.12,15
SBKP,23,23,domingo,1,808,81.59,27.34,40
EHAM,8,,sexta,6,59,84.75,-22.24,31
SBFZ,21,21,sexta,6,53,83.02,3.7,29
SBFL,5,5,sabado,7,243,91.18,3.39,9
OMDB,2,,domingo,1,52,64.00,17.84,46
SBBE,1,1,quarta,4,89,88.51,1.62,18
SBFZ,4,4,sexta,6,225,98.21,-5.58,0
SBIL,15,15,sabado,7,81,83.54,1.97,24
SBRJ,20,20,quinta,5,277,81.85,4.91,33
SBBR,22,22,sexta,6,181,86.59,2.51,22
KDFW,22,,quarta,4,39,66.67,28.23,101
SABE,21,,terca,3,39,100.00,-9.89,0
SBSL,3,3,domingo,1,115,85.84,6.63,25
SBGR,3,3,segunda,2,130,91.54,1.42,9
LPPR,6,,quinta,5,30,51.72,27.48,70
SABE,17,,sabado,7,48,56.25,23.23,80
SBTE,4,4,quarta,4,98,100.00,-7.39,-2
SBPL,3,3,segunda,2,45,95.56,-5.71,9
SBPV,0,23,domingo,1,33,87.88,1.73,16
SABE,6,,sexta,6,105,87.62,7.19,18
SBMK,14,14,quarta,4,34,79.41,13.56,42
SBPS,11,11,quarta,4,80,83.75,6.45,22
KJFK,21,,domingo,1,56,71.70,71.81,68
LFPG,8,,terca,3,106,60.00,18.03,39
SUMU,12,,sexta,6,16,80.00,8.93,24
SBAE,18,18,sabado,7,60,93.33,-9.93,4
KMIA,21,,domingo,1,109,66.04,46.03,114
SPJC,15,,quarta,4,38,92.11,-0.68,7
SBBE,14,14,domingo,1,63,90.32,0.52,14
SBVT,4,4,terca,3,56,96.43,-4.68,0
SBSR,5,5,terca,3,72,95.83,-2.36,2
SBGO,18,18,sabado,7,34,97.06,-0.85,10
SAEZ,18,,segunda,2,58,71.88,4.81,31
SBAR,3,3,terca,3,50,86.00,1.46,20
SBAR,3,3,sexta,6,53,86.79,-0.75,16
KBOS,10,,domingo,1,20,75.00,11.8,60
SBRF,0,0,quinta,5,27,86.67,0.8,23
SWBC,9,8,terca,3,20,100.00,-9.84,0
SBIL,9,9,quarta,4,20,75.00,11.5,27
SNTO,15,15,quarta,4,41,82.05,0.1,27
SBSR,12,12,terca,3,26,100.00,-7.27,-1
SNDV,18,18,terca,3,3,100.00,-6.0,0
SCEL,9,,quarta,4,25,92.00,20.68,8
SBPJ,18,18,quinta,5,32,84.38,2.09,20
SUMU,8,,segunda,2,9,100.00,-10.0,-10
SBRP,17,17,segunda,2,2,0.00,120.5,197
SBSG,1,1,sabado,7,7,85.71,-1.71,40
DNMM,16,,segunda,2,4,0.00,594.75,923
SBJE,12,12,domingo,1,11,90.91,-2.91,3
SBVC,7,7,terca,3,5,100.00,-8.0,-5
SACO,2,,quinta,5,39,94.74,-3.34,7
KJFK,23,,segunda,2,18,88.89,8.17,102
SBJR,7,7,sexta,6,9,100.00,-1.5,15
CYYZ,1,,sexta,6,14,42.86,71.14,227
MDPC,9,,sabado,7,9,,,
SBLO,12,12,quinta,5,38,97.37,-3.68,9
LEMD,4,,sabado,7,21,,,
SEQM,10,,quinta,5,1,100.00,-110.0,-110
SBSG,21,21,quinta,5,4,100.00,-7.25,-5
LTFM,13,,sexta,6,11,100.00,4.09,8
SBJU,17,17,quarta,4,2,100.00,4.0,10
SBRP,3,3,quinta,5,4,100.00,-6.75,-2
KJFK,11,,terca,3,1,0.00,56.0,56
SBMK,8,8,sabado,7,1,0.00,52.0,52
SBEG,2,1,segunda,2,172,87.06,4.68,18
SBSP,7,7,segunda,2,884,92.52,2.1,13
SLVR,13,,quinta,5,50,90.00,-0.52,11
SBCJ,14,14,terca,3,49,87.23,14.28,25
SBUL,6,6,sabado,7,13,100.00,-8.67,-4
SABE,13,,terca,3,89,73.03,13.74,49
SBFN,13,14,sexta,6,53,86.28,-0.9,20
LPPT,7,,quarta,4,56,39.29,39.75,74
LPPT,6,,quinta,5,117,42.74,27.1,58
KMCO,23,,domingo,1,123,80.17,-3.15,50
SBKP,7,7,quinta,5,244,89.92,2.21,19
SBCF,18,18,domingo,1,259,83.66,4.28,30
SBNF,17,17,terca,3,70,76.92,7.54,40
SCEL,10,,sexta,6,51,80.39,7.8,27
SBSV,16,16,domingo,1,76,92.11,-3.75,11
SBTT,13,11,quarta,4,9,100.00,-10.44,10
SBCT,21,21,quarta,4,59,79.31,3.76,40
SBFI,5,5,quarta,4,145,84.72,18.56,88
SBKP,0,0,domingo,1,11,0.00,150.44,207
SABE,9,,quarta,4,81,77.78,9.38,30
SBFI,6,6,terca,3,31,87.10,13.61,23
SBRP,9,9,sexta,6,93,87.10,4.65,26
SBCA,19,19,terca,3,115,81.82,5.0,36
SBHT,15,15,quarta,4,51,90.20,4.73,15
LEBL,8,,sabado,7,52,84.62,5.13,20
SBGL,4,4,domingo,1,11,100.00,-3.64,4
OMDB,1,,sexta,6,53,73.08,12.63,48
LIRF,8,,domingo,1,52,84.31,5.92,16
SCEL,11,,domingo,1,67,93.75,7.59,11
SBCY,17,16,sexta,6,146,77.24,7.12,36
SBAR,12,12,sabado,7,143,78.32,8.55,38
SAEZ,18,,domingo,1,82,78.18,14.36,49
SBEG,16,15,terca,3,189,83.89,34.69,34
SBIL,17,17,terca,3,79,77.22,10.3,41
SBMQ,15,15,segunda,2,61,93.44,-2.43,4
SBGL,1,1,sabado,7,168,73.49,17.1,80
SBFL,12,12,quarta,4,67,89.55,1.04,17
SBSG,2,2,sexta,6,114,85.97,10.91,21
SBAR,15,15,segunda,2,15,80.00,13.47,101
SBFZ,10,10,sabado,7,81,90.12,4.91,11
SBJV,12,12,quarta,4,27,96.15,-7.04,6
SBSL,5,5,quinta,5,49,93.75,-5.17,4
SBCG,12,11,quarta,4,45,91.11,-3.47,13
SGAS,12,,terca,3,50,83.67,1.29,21
SBSG,19,19,domingo,1,44,86.36,5.18,37
LPPT,8,,quinta,5,24,50.00,18.92,46
SBBR,16,16,quinta,5,192,83.16,5.29,27
DNMM,7,,terca,3,41,100.00,-20.0,-20
SCEL,18,,segunda,2,118,75.00,11.27,31
SBIL,18,18,terca,3,41,82.50,4.58,21
SBVC,18,18,sabado,7,8,62.50,10.88,37
SBSG,6,6,quarta,4,19,94.44,-10.0,1
SBBE,20,20,quarta,4,78,66.20,10.38,38
SBNF,5,5,domingo,1,58,98.25,-3.89,5
SCEL,0,,sabado,7,16,75.00,21.25,113
SBEG,21,20,sexta,6,32,80.00,1.73,27
SBJA,18,18,quinta,5,10,100.00,-0.3,8
SBEG,19,18,domingo,1,59,84.21,136.19,238
FAOR,10,,quinta,5,33,93.94,0.36,10
SKBO,15,,domingo,1,21,85.71,2.81,16
SNGN,16,16,quarta,4,32,91.30,-11.39,14
SUMU,2,,quinta,5,34,83.33,22.0,23
SBJP,16,16,quarta,4,27,77.78,7.89,41
SWLB,12,11,sabado,7,9,100.00,-3.89,5
MDPC,18,,quinta,5,43,,,
KMIA,22,,terca,3,10,42.86,40.86,118
SBFZ,22,22,sabado,7,47,78.72,-6.62,30
SBIL,20,20,sexta,6,10,44.44,20.11,107
FAOR,6,,quinta,5,14,78.57,-1.14,23
SKBO,14,,quarta,4,51,81.25,13.06,46
SBSR,18,18,sabado,7,8,87.50,-4.0,17
EBBR,6,,quinta,5,6,25.00,90.0,169
SAEZ,17,,sexta,6,16,85.71,3.0,41
SPJC,3,,quarta,4,18,38.89,51.0,154
SBJI,17,16,terca,3,17,88.24,3.88,46
SBCT,3,3,domingo,1,5,25.00,118.0,172
SASA,10,,sexta,6,9,88.89,2.56,19
SBSN,8,8,domingo,1,9,100.00,-5.44,13
LEZG,10,,sabado,7,1,100.00,-15.0,-15
SBSO,14,13,terca,3,21,95.00,-7.4,-2
SNDV,18,18,segunda,2,3,50.00,95.0,178
SAEZ,9,,quarta,4,3,33.33,47.33,116
KBOS,11,,segunda,2,5,40.00,26.4,62
SAZS,13,,sexta,6,1,0.00,49.0,49
KMIA,7,,domingo,1,5,33.33,121.33,205
SBSL,10,10,domingo,1,1,100.00,-3.0,-3
OTHH,13,,quinta,5,1,100.00,-1.0,-1
SULS,16,,sexta,6,1,100.00,13.0,13
SGAS,6,,domingo,1,1,100.00,0.0,0
SPZO,18,,sabado,7,3,,,
SGAS,10,,segunda,2,1,0.00,569.0,569
EBBR,21,,segunda,2,1,100.00,-303.0,-303
EBBR,10,,quarta,4,1,0.00,59.0,59
SBVH,16,15,quarta,4,1,100.00,-16.0,-16
SBSP,6,6,terca,3,1084,95.62,-0.34,9
SBSP,22,22,quarta,4,289,88.42,1.72,18
SBEG,12,11,quarta,4,207,74.76,21.79,34
HAAB,3,,domingo,1,30,15.39,41.69,82
SBGR,7,7,terca,3,1434,80.51,9.05,27
SBKP,9,9,domingo,1,462,90.63,2.29,14
SBRP,18,18,segunda,2,73,79.45,6.1,33
SBSP,18,18,terca,3,931,72.20,9.81,35
SPJC,3,,terca,3,19,27.78,36.06,84
SACO,2,,terca,3,41,82.93,4.15,24
SBCY,18,17,segunda,2,108,76.42,8.12,32
SBGO,11,11,quarta,4,140,92.86,0.31,12
SBJU,5,5,segunda,2,95,95.79,-5.05,0
SBIP,19,19,domingo,1,19,88.89,-6.33,19
SBSV,19,19,domingo,1,220,80.56,6.05,28
SBSP,22,22,domingo,1,269,85.34,2.36,23
SBBE,17,17,terca,3,319,84.01,6.92,26
SBAX,11,11,segunda,2,33,78.79,4.42,26
SBCF,3,3,quinta,5,26,96.15,-3.0,9
SBCY,19,18,terca,3,75,73.33,7.4,48
SBAU,11,11,segunda,2,25,96.00,0.92,0
SBVC,4,4,domingo,1,10,100.00,-8.1,-4
KMIA,23,,terca,3,118,80.51,11.47,46
SBIL,10,10,terca,3,60,83.33,6.07,31
SBMG,16,16,terca,3,18,81.25,3.31,31
SBMK,9,9,quarta,4,51,76.47,8.06,28
KFLL,9,,segunda,2,18,72.22,5.89,29
SBSG,10,10,sexta,6,49,85.71,8.63,35
SBAR,5,5,domingo,1,14,100.00,-9.07,-3
SAEZ,6,,sabado,7,53,91.67,-3.58,5
SBSL,2,2,quinta,5,69,88.41,9.36,22
OMDW,16,,sabado,7,45,57.78,86.49,49
SBPJ,3,3,sabado,7,84,90.36,-0.6,4
SBTT,19,17,quinta,5,26,84.00,-0.56,22
SBSV,21,21,sexta,6,80,81.25,4.98,38
SBSG,16,16,segunda,2,52,90.39,4.69,15
SBPV,4,3,domingo,1,46,95.65,8.67,7
SBLO,10,10,quarta,4,49,79.59,9.94,45
SBIP,17,17,quinta,5,46,77.50,11.13,24
EBBR,5,,quarta,4,8,62.50,41.88,318
SBSI,11,10,quarta,4,36,94.44,-1.14,7
SBCX,13,13,domingo,1,22,100.00,-7.48,-2
SUMU,14,,sabado,7,37,97.30,-5.65,6
SUMU,18,,segunda,2,52,90.00,-2.02,15
SBTF,14,13,sabado,7,6,83.33,-4.17,40
SBSR,10,10,quinta,5,17,100.00,-3.25,14
SBBW,10,9,quinta,5,15,100.00,-6.33,0
SBDO,9,8,sabado,7,17,52.94,12.18,32
SBJV,18,18,quarta,4,14,85.71,8.64,69
SBMO,7,7,domingo,1,18,100.00,-1.39,9
SVMI,16,,quinta,5,20,0.00,146.5,170
SCEL,9,,terca,3,18,94.12,2.47,11
SBJA,19,19,terca,3,29,85.19,2.85,23
SUMU,19,,sexta,6,51,95.75,-8.11,1
SCEL,22,,terca,3,19,87.50,3.69,16
SBJV,6,6,quarta,4,22,100.00,-9.27,-6
SBIL,14,14,terca,3,17,100.00,-10.29,-8
SBCG,17,16,segunda,2,14,71.43,9.36,49
SBBR,3,3,quarta,4,6,66.67,13.83,58
SBFI,8,8,quinta,5,9,77.78,7.89,86
SBGV,12,12,quinta,5,16,93.75,-3.06,15
SBSM,11,11,sexta,6,1,100.00,-19.0,-19
SBJU,21,21,quarta,4,1,100.00,5.0,5
EDDF,2,,terca,3,1,0.00,807.0,807
SBPJ,23,23,segunda,2,3,100.00,1.0,8
MPTO,9,,quarta,4,9,,,
LTFM,5,,segunda,2,1,100.00,3.0,3
SGAS,11,,domingo,1,1,100.00,0.0,0
MMSM,7,,domingo,1,1,100.00,13.0,13
KMIA,17,,segunda,2,1,0.00,72.0,72
SBRB,12,10,domingo,1,63,90.48,-0.92,15
SBSP,9,9,sabado,7,887,90.13,3.73,15
SBGR,8,8,segunda,2,1645,77.16,10.53,27
SBGR,6,6,quinta,5,508,81.76,11.5,35
SBCF,9,9,domingo,1,484,90.59,0.09,15
SBTE,3,3,quinta,5,69,91.18,-4.19,10
SBBE,13,13,domingo,1,246,95.08,0.64,2
SBFI,9,9,sabado,7,44,83.72,-0.33,30
SBRP,10,10,terca,3,53,94.23,-5.48,2
SBGL,14,14,segunda,2,358,87.92,3.72,18
SBPL,10,10,domingo,1,68,88.24,3.03,18
SUMU,11,,sabado,7,38,89.47,0.58,17
SABE,7,,domingo,1,37,86.49,4.78,18
SBFL,5,5,domingo,1,205,97.51,-4.21,0
SBMO,18,18,sabado,7,195,88.54,0.24,18
SBKP,12,12,terca,3,417,79.76,9.64,29
SBFL,18,18,sexta,6,132,74.60,16.35,68
SBGL,20,20,domingo,1,313,83.71,4.37,26
SBBR,20,20,quarta,4,880,83.35,5.85,25
SBMO,17,17,quinta,5,152,86.84,3.14,23
SBKP,22,22,segunda,2,547,67.65,30.86,50
SBCF,23,23,quarta,4,493,86.74,2.48,20
SBCT,5,5,quarta,4,305,97.35,-4.21,0
SBGR,11,11,terca,3,319,91.08,4.31,14
KMIA,22,,quarta,4,93,25.00,203.99,230
SBUL,12,12,terca,3,51,92.16,-5.84,5
SBGL,16,16,quarta,4,405,89.11,7.21,18
SBBR,0,0,sabado,7,12,100.00,-4.67,6
SBBE,15,15,quarta,4,102,88.89,-0.71,23
SBPA,20,20,sexta,6,265,74.80,6.68,40
SBFI,14,14,terca,3,152,77.48,10.38,32
SBPK,18,18,segunda,2,12,91.67,8.33,5
SBSL,4,4,quinta,5,112,93.75,-3.68,11
SAME,13,,terca,3,22,68.18,16.86,59
SBCH,5,5,sabado,7,9,77.78,58.44,419
SBVT,22,22,domingo,1,22,63.64,7.91,32
SABE,16,,quarta,4,113,70.54,23.86,74
SBRF,9,9,domingo,1,247,86.89,8.75,22
SBIP,12,12,sexta,6,51,81.25,5.88,24
SAEZ,16,,sabado,7,69,82.00,8.22,66
SBCG,10,9,domingo,1,64,93.65,-1.06,9
SBCH,14,14,quarta,4,30,83.33,2.03,18
SBSN,15,15,segunda,2,56,92.86,-1.25,6
SBJP,3,3,quinta,5,96,90.53,-1.56,12
SBCG,10,9,sexta,6,46,89.13,2.74,23
SBGV,15,15,terca,3,46,80.00,6.84,36
DNMM,9,,sabado,7,53,30.77,266.85,797
SBFI,4,4,terca,3,58,100.00,-4.34,1
KMCO,21,,terca,3,51,94.12,-4.43,15
SBSV,0,0,sexta,6,108,83.96,2.87,23
SABE,18,,sexta,6,125,68.80,14.18,37
SBAR,9,9,segunda,2,10,100.00,-6.0,1
SBSR,8,8,terca,3,79,89.61,-0.49,16
SBPV,3,2,sabado,7,28,60.71,13.14,72
SBGL,4,4,quinta,5,17,100.00,-5.06,1
SPJC,14,,quarta,4,16,53.85,36.0,129
SNCL,10,,domingo,1,6,100.00,-8.5,6
MDPC,11,,sabado,7,30,,,
SACO,15,,segunda,2,20,55.00,42.0,142
SCEL,12,,quarta,4,80,79.22,23.27,48
SBLO,14,14,quinta,5,37,94.60,0.24,8
SBGO,4,4,sexta,6,79,97.44,-2.56,1
SBIL,18,18,domingo,1,23,86.96,-1.35,16
SBDN,14,14,terca,3,33,96.88,-7.75,-6
SBJV,12,12,sexta,6,28,92.86,3.79,11
SBUL,13,13,segunda,2,17,100.00,-4.5,9
KORD,23,,sabado,7,31,68.97,18.07,59
SBAU,14,14,quarta,4,21,85.71,7.1,21
SBCX,11,11,segunda,2,22,77.78,6.78,95
SBCA,12,12,quarta,4,17,82.35,3.71,54
SBAU,15,15,segunda,2,15,60.00,6.47,26
SBBE,4,4,domingo,1,43,95.35,-4.35,7
SBBR,0,0,segunda,2,6,100.00,-4.5,1
DNMM,15,,segunda,2,12,,,
SBSN,20,20,sabado,7,9,77.78,13.67,153
SBMQ,19,19,sexta,6,5,100.00,-4.4,14
SBEG,7,6,quarta,4,4,50.00,272.5,725
KMIA,14,,sexta,6,2,0.00,162.5,285
SUMU,8,,quarta,4,9,,,
SBJU,6,6,segunda,2,1,100.00,-10.0,-10
SBMG,7,7,segunda,2,5,80.00,59.4,316
LFPO,18,,quarta,4,1,100.00,-9.0,-9
OTHH,17,,segunda,2,2,100.00,-0.5,0
SBMQ,16,16,segunda,2,6,100.00,-9.0,-7
GVAC,13,,quinta,5,3,0.00,115.67,165
SWPI,23,22,domingo,1,1,100.00,-5.0,-5
SBEG,6,5,terca,3,2,100.00,-20.0,-17
SBJP,6,6,quarta,4,1,100.00,-12.0,-12
EBBR,15,,domingo,1,1,0.00,57.0,57
EDDF,13,,domingo,1,1,100.00,-6.0,-6
